{
  "type": "FeatureCollection",
  "features": [
    {
      "type": "Feature",
      "geometry": {
        "coordinates": [
          [
            [-1.674515293370794, 48.087323902317905],
            [-1.674508566001475, 48.087781349014016],
            [-1.674507426573104, 48.0878223147155],
            [-1.67450474413248, 48.08791875584442],
            [-1.674500381957487, 48.088075587058704],
            [-1.674498185064151, 48.08815457079087],
            [-1.674486083112285, 48.08858965975916],
            [-1.67448346233024, 48.08868388127213],
            [-1.674512798372899, 48.088718694241045],
            [-1.674537680723567, 48.088728403195354],
            [-1.674559938571732, 48.08873708807547],
            [-1.674616022521048, 48.088747732249224],
            [-1.674667070871366, 48.08874842563871],
            [-1.674714706592677, 48.0887418719388],
            [-1.674751981657144, 48.088727430526085],
            [-1.674789296041246, 48.08869821575522],
            [-1.674836132769372, 48.08863722367693],
            [-1.674904799219601, 48.08849779193961],
            [-1.674960959069328, 48.08841427910974],
            [-1.674963834963362, 48.08831896604671],
            [-1.674984038055067, 48.08776153822773],
            [-1.674994658453629, 48.08720875532011],
            [-1.6750058048218, 48.086735958802876],
            [-1.675290704916722, 48.086734431547434],
            [-1.676032770736264, 48.08668772731496],
            [-1.676462175428683, 48.08669409775196],
            [-1.677281259406052, 48.086712577527734],
            [-1.677656541156313, 48.08672016611586],
            [-1.678115427448393, 48.08672944360503],
            [-1.679005079195459, 48.08673960782989],
            [-1.680465638458221, 48.08675952703066],
            [-1.680703014336182, 48.08676380638833],
            [-1.681357336830915, 48.08677837442124],
            [-1.68144379502826, 48.086778186637595],
            [-1.682110695446427, 48.0867914198565],
            [-1.682109767838774, 48.08680553165006],
            [-1.682117813513018, 48.08683781493336],
            [-1.682135702075358, 48.086868272603446],
            [-1.68216264960722, 48.086895572355175],
            [-1.682197480028368, 48.086918521306885],
            [-1.68223867143985, 48.0869361172773],
            [-1.682284423174133, 48.08694759110949],
            [-1.682332734172967, 48.08695244042322],
            [-1.68231151954096, 48.087520741470534],
            [-1.682299878017957, 48.087777753845145],
            [-1.682290359027359, 48.088086994759855],
            [-1.68225075966796, 48.089373408538066],
            [-1.682148969655963, 48.08937809598873],
            [-1.682049835900687, 48.08939871440203],
            [-1.681971041635436, 48.0894330115757],
            [-1.681890743290225, 48.08947593023599],
            [-1.681824291946515, 48.089520267150235],
            [-1.681763842404522, 48.08962184853379],
            [-1.68175316409137, 48.08968202521091],
            [-1.681749820562629, 48.08973262196722],
            [-1.681761340917329, 48.08978991200671],
            [-1.68180185136118, 48.08985097708476],
            [-1.681848436460881, 48.08989746750357],
            [-1.681848436460881, 48.08989746750357],
            [-1.682027021039058, 48.08999796200501],
            [-1.682027021039058, 48.08999796200501],
            [-1.682148432249444, 48.09001680458266],
            [-1.682247872991968, 48.090027711496006],
            [-1.682338783914831, 48.09001985656754],
            [-1.682411107287106, 48.09000510865272],
            [-1.682496336078875, 48.08997374158965],
            [-1.682567926717447, 48.0899332741064],
            [-1.682620469737202, 48.08989465580454],
            [-1.682660443307165, 48.08985869596417],
            [-1.682689775207892, 48.08981136730652],
            [-1.68270866223566, 48.089754808199174],
            [-1.682713962665548, 48.089680188102506],
            [-1.682823396771937, 48.08964683165815],
            [-1.682974187106832, 48.08961694872959],
            [-1.683141141608288, 48.08959168189377],
            [-1.683254626674536, 48.08958442020278],
            [-1.683372509619723, 48.089582254127144],
            [-1.683491108307046, 48.089587972071826],
            [-1.684604201417108, 48.08971939079923],
            [-1.685311276531724, 48.08980155503874],
            [-1.685644095598342, 48.0898440316912],
            [-1.686647164348188, 48.08996898821424],
            [-1.687860668348104, 48.090072414526624],
            [-1.689289960012393, 48.09015526240242],
            [-1.689928770859201, 48.09019271560633],
            [-1.6905706538587, 48.09022533534508],
            [-1.690909616799319, 48.090246789755916],
            [-1.690978709126759, 48.090213743698854],
            [-1.691010973590484, 48.09022073936324],
            [-1.691044451184657, 48.09022062007422],
            [-1.691078637057687, 48.090214652640626],
            [-1.691104452107721, 48.09020528644321],
            [-1.691145724322572, 48.09023768282402],
            [-1.691216104460382, 48.090258749357396],
            [-1.69137782226037, 48.09026943851723],
            [-1.691849965409824, 48.09028939979483],
            [-1.692185383562565, 48.090311615141786],
            [-1.692439545881488, 48.0903132086902],
            [-1.692744623866322, 48.090325435362644],
            [-1.693226853208518, 48.09037063322929],
            [-1.693375931011932, 48.09036363104412],
            [-1.693393614093138, 48.090365390022136],
            [-1.693520251264283, 48.09037798684037],
            [-1.693989291740863, 48.090428726605424],
            [-1.694332703388685, 48.09045989053515],
            [-1.694618827680906, 48.09048502772447],
            [-1.694657438350619, 48.09049023312231],
            [-1.694687503605221, 48.09049633182021],
            [-1.694722783958391, 48.090505466820744],
            [-1.695040959720523, 48.09060531408045],
            [-1.695855458229242, 48.090860907425956],
            [-1.696151195604057, 48.090946071895466],
            [-1.696536101934572, 48.09105635275881],
            [-1.696566672020468, 48.09106578078901],
            [-1.696603136343662, 48.09107864226425],
            [-1.696624038007524, 48.091086934235804],
            [-1.696639078387977, 48.091093101251445],
            [-1.69683525015103, 48.09117421272787],
            [-1.696992387193814, 48.09123538931826],
            [-1.697926774619232, 48.091630048377525],
            [-1.69820737492194, 48.09174567603802],
            [-1.698291825683528, 48.091789091585504],
            [-1.697874397292793, 48.09221784889896],
            [-1.697832687164807, 48.0922600082657],
            [-1.697772019876142, 48.09230096904744],
            [-1.697697537085527, 48.092345453643574],
            [-1.69760686806452, 48.092384680457286],
            [-1.696743140661077, 48.09266165842475],
            [-1.697052257707773, 48.09317488262637],
            [-1.697377165543705, 48.093711225049134],
            [-1.69756844038064, 48.093996420470404],
            [-1.69774165097681, 48.094192679980104],
            [-1.697848262252927, 48.094307972368924],
            [-1.697989103960017, 48.09449212014201],
            [-1.698025213770773, 48.09457065671184],
            [-1.698257792614923, 48.09445821405131],
            [-1.698367796977408, 48.094421726561016],
            [-1.699281363693779, 48.09411869837951],
            [-1.700342300263008, 48.09376678272761],
            [-1.700896256573887, 48.09358301528732],
            [-1.701181282954958, 48.0934923434786],
            [-1.701770124325856, 48.09329308829594],
            [-1.701841204201874, 48.09326754487992],
            [-1.702509180976281, 48.09291078210919],
            [-1.703019234948635, 48.09262703129844],
            [-1.703255287271775, 48.09250365383919],
            [-1.703558527769795, 48.09224242574018],
            [-1.703869844205272, 48.09189693621701],
            [-1.703878183048412, 48.091887681941856],
            [-1.704151481666528, 48.09156173107482],
            [-1.704405106075556, 48.09129424257267],
            [-1.704767934045229, 48.0908264986972],
            [-1.705363013559721, 48.09011673428216],
            [-1.705632573490826, 48.089793484195866],
            [-1.705962599146021, 48.08939771859518],
            [-1.70620640193808, 48.08907677186155],
            [-1.70620640193808, 48.08907677186155],
            [-1.706590037287557, 48.088500611515954],
            [-1.706642593169136, 48.088415077610776],
            [-1.707427853145406, 48.08716453384683],
            [-1.707448854967234, 48.08707205740618],
            [-1.707548151560489, 48.08705992959388],
            [-1.707594325798711, 48.08705470416823],
            [-1.707921957880276, 48.0870012678218],
            [-1.708374318418674, 48.08695490324259],
            [-1.709287069500755, 48.08684916094058],
            [-1.710140615929757, 48.08675197334768],
            [-1.711283199190757, 48.086623920094354],
            [-1.711419265540978, 48.086613259784464],
            [-1.711548699262193, 48.08660878967593],
            [-1.711685372743179, 48.086610138391514],
            [-1.711789685018237, 48.08661037985254],
            [-1.712046082974151, 48.08661352638449],
            [-1.712425301980441, 48.086615486143366],
            [-1.712637123798103, 48.086616915584564],
            [-1.712860612423634, 48.086618885806665],
            [-1.713071340703672, 48.08662074347075],
            [-1.713499643015557, 48.08662451794805],
            [-1.714041763318414, 48.08663185995901],
            [-1.716141653418312, 48.086646006911],
            [-1.718082540650563, 48.086658090092996],
            [-1.719778074166747, 48.08666524439611],
            [-1.720519496859839, 48.086668575227954],
            [-1.72153370154531, 48.086677268313984],
            [-1.721671313637258, 48.08667887835476],
            [-1.721990922578704, 48.08668265683874],
            [-1.723244517079181, 48.0866981069565],
            [-1.724034441284195, 48.086705583128],
            [-1.724926852317979, 48.08671419753321],
            [-1.725201672432932, 48.086716609610846],
            [-1.725251905316878, 48.08671521735101],
            [-1.725303020470524, 48.086711769398555],
            [-1.725335805484953, 48.08670705571558],
            [-1.72537895670549, 48.086698549230825],
            [-1.725413200465004, 48.0866863710984],
            [-1.725446706963413, 48.08666614388948],
            [-1.725482985837419, 48.08664109165372],
            [-1.725511362181487, 48.08661165152635],
            [-1.725542142174614, 48.086573360942666],
            [-1.725647080710644, 48.08642207251272],
            [-1.72571765164701, 48.086322474822865],
            [-1.725829927317585, 48.086171674751164],
            [-1.725969155904514, 48.08599034118226],
            [-1.726018310310608, 48.08592377120062],
            [-1.726083708597037, 48.085848939486205],
            [-1.726157834470263, 48.0857765972231],
            [-1.726222141922347, 48.08572079493991],
            [-1.726290769818361, 48.085665764704125],
            [-1.726377052303273, 48.08560241464982],
            [-1.726466504105619, 48.08554273056706],
            [-1.726584727879709, 48.08547237070546],
            [-1.726680605059633, 48.085420965629],
            [-1.72678264657706, 48.08537500196187],
            [-1.726880887248548, 48.08533394070197],
            [-1.727032480411815, 48.08527808181636],
            [-1.727497032605067, 48.0851245155646],
            [-1.727653224002854, 48.08507288315532],
            [-1.728017206311552, 48.08495255976669],
            [-1.728123706189686, 48.084919797470626],
            [-1.728210465212447, 48.08488958101415],
            [-1.728387247072219, 48.08482536319974],
            [-1.728452775837634, 48.08480156104248],
            [-1.728484206365959, 48.08478865782335],
            [-1.728664542172719, 48.0847146099309],
            [-1.72886821408603, 48.08462222614254],
            [-1.729052103181832, 48.084526007197184],
            [-1.729169364361914, 48.08445935067911],
            [-1.729353630673467, 48.08433936855855],
            [-1.72984153508338, 48.08398708878897],
            [-1.730042703471143, 48.08383869769852],
            [-1.730244174903769, 48.083702322742866],
            [-1.73038731019496, 48.08361771194619],
            [-1.730589549428218, 48.083502299835814],
            [-1.730681132010742, 48.083449208875926],
            [-1.730702159493516, 48.083438981544795],
            [-1.731367637114161, 48.08313378109691],
            [-1.731680202188277, 48.08298654935699],
            [-1.732018286075877, 48.08283242391035],
            [-1.732300859963284, 48.082700445829005],
            [-1.732827545455905, 48.082454428628175],
            [-1.733504688894544, 48.08213795055688],
            [-1.733920879994898, 48.08194204627026],
            [-1.734223541468798, 48.0818010569422],
            [-1.734364253050555, 48.0817311570597],
            [-1.734650373246919, 48.081589022883556],
            [-1.735381071297182, 48.08119366779077],
            [-1.733756401738646, 48.07980691524843],
            [-1.733185064416488, 48.079320692125414],
            [-1.733072308617128, 48.07922473254089],
            [-1.732852263184832, 48.079054957231364],
            [-1.732467831526808, 48.07878552982433],
            [-1.732216326676389, 48.07862980357066],
            [-1.731958202196524, 48.07847909382554],
            [-1.731850057965894, 48.07841948586772],
            [-1.731779108146189, 48.07838491925408],
            [-1.73207450377789, 48.07821729060069],
            [-1.733274788966827, 48.07756204067097],
            [-1.733506660926763, 48.07743235132939],
            [-1.733545967875551, 48.0774080237928],
            [-1.733709671392336, 48.07728922621687],
            [-1.733960958363259, 48.07708658954667],
            [-1.734105049064892, 48.07697256791018],
            [-1.734189443975037, 48.076903527798954],
            [-1.734261540836842, 48.076843418916376],
            [-1.734302464215266, 48.07680693684261],
            [-1.734330821888214, 48.07677646664311],
            [-1.73441069448887, 48.076681973972086],
            [-1.734549278077454, 48.07651254065598],
            [-1.734641012284635, 48.076404372905316],
            [-1.734679087278257, 48.07636068282405],
            [-1.734721151614528, 48.07631279942132],
            [-1.734743820777846, 48.07628585980822],
            [-1.734771876587039, 48.076252105610244],
            [-1.734792753480082, 48.076217547865774],
            [-1.734807642471638, 48.07618323776914],
            [-1.734817864164479, 48.07615168279233],
            [-1.734825740378932, 48.07611839428942],
            [-1.734831950103458, 48.076084807702635],
            [-1.734833578598816, 48.07604298531394],
            [-1.734826384492854, 48.076006288020544],
            [-1.734796924457135, 48.07588773122596],
            [-1.734761174559317, 48.075742329679976],
            [-1.734725013351432, 48.075584852021784],
            [-1.734714034684715, 48.0755377693558],
            [-1.733744754343271, 48.07562256433551],
            [-1.733670664236335, 48.07562865537139],
            [-1.733588900732814, 48.075633827953396],
            [-1.733508319961912, 48.075637147706956],
            [-1.733426226707988, 48.075638725669094],
            [-1.733317908785443, 48.07563775060319],
            [-1.733222289173052, 48.07563441043871],
            [-1.733142125128458, 48.075629695497256],
            [-1.733064196412853, 48.07562353493612],
            [-1.73299880289671, 48.07561727698152],
            [-1.731701762216996, 48.07547783475176],
            [-1.731095438665139, 48.07541459481114],
            [-1.729376150052981, 48.07522734793748],
            [-1.728641590058893, 48.07514733911994],
            [-1.727992094571853, 48.07508189767346],
            [-1.72794186633486, 48.0750804438802],
            [-1.727906031581081, 48.07508008377772],
            [-1.727839379652168, 48.075082395688064],
            [-1.72670712676279, 48.075256023500444],
            [-1.725151954983485, 48.07548589093598],
            [-1.724491705936949, 48.07559034367201],
            [-1.724427807309938, 48.075597356816054],
            [-1.724373176552916, 48.0756008529718],
            [-1.724341073443505, 48.075600249097654],
            [-1.724298751946479, 48.07559827304974],
            [-1.724251968382199, 48.07559648135333],
            [-1.72385770578464, 48.075575335790134],
            [-1.722162324051103, 48.07549512047506],
            [-1.720631782482244, 48.07543089711382],
            [-1.719441482972991, 48.075360136210975],
            [-1.719341510491716, 48.07535038435102],
            [-1.719232951433233, 48.07533548740741],
            [-1.718560711102673, 48.07523817645792],
            [-1.716746723264814, 48.07497454367264],
            [-1.716402009762064, 48.074927062025104],
            [-1.716344769857093, 48.07549260164753]
          ]
        ],
        "type": "MultiLineString"
      },
      "properties": {
        "geo_point_2d": {
          "lon": -1.7092787872742299,
          "lat": 48.08514575421422
        },
        "gml_id": "v_star_lignes_actives.29",
        "id": 29,
        "li_code": "0037",
        "li_num": "37",
        "li_nom": "Rennes (Henri Fréville) <> Saint-Jacques-de-la-Lande (Morinais)",
        "li_type": "Urbaine",
        "li_sstype": "Inter-quartiers",
        "li_d_creat": null,
        "li_d_acces": "2011-09-01T02:00:00+02:00",
        "li_datedeb": "2022-10-24T02:00:00+02:00",
        "li_datefin": null,
        "comm_desservies": "35238, 35281",
        "li_couleur_rvb": "228,0,58,255",
        "li_couleur_hex": "#E4003A",
        "volume": 100
      }
    },
    {
      "type": "Feature",
      "geometry": {
        "coordinates": [
          [
            [-1.603104108192681, 48.099636383133316],
            [-1.603131632115203, 48.09972528435062],
            [-1.603386641303016, 48.09970341574972],
            [-1.604274636907292, 48.09962725886924],
            [-1.60433724736351, 48.0996218889599],
            [-1.605054456484636, 48.09957399641441],
            [-1.6050085026178, 48.09968875734732],
            [-1.604989937116768, 48.099807439862076],
            [-1.605029450773959, 48.10025003555863],
            [-1.605031065113556, 48.100477788853766],
            [-1.605027391637686, 48.10068822991109],
            [-1.604976167678494, 48.10095314868614],
            [-1.604862622693304, 48.10126837478866],
            [-1.604581589674398, 48.101946054432375],
            [-1.604283380066065, 48.10262821962456],
            [-1.604177470908699, 48.10303552354564],
            [-1.604125533689892, 48.10358727782114],
            [-1.604089611773431, 48.10423673018106],
            [-1.604088158416903, 48.10430747822019],
            [-1.604072786922999, 48.1050553958116],
            [-1.604068264885939, 48.10595555276557],
            [-1.604015764076417, 48.10607143277871],
            [-1.603996534274565, 48.1060680247668],
            [-1.603976780433976, 48.10606646230891],
            [-1.603956894044681, 48.10606677568031],
            [-1.603937270093335, 48.106068958975605],
            [-1.603918427642602, 48.106072919328064],
            [-1.603900591428312, 48.106078597281645],
            [-1.60388410944693, 48.106085882492486],
            [-1.603869300000278, 48.10609463336913],
            [-1.603856454536929, 48.10610467876073],
            [-1.603845820786693, 48.10611582493945],
            [-1.603837606541677, 48.10612785274595],
            [-1.60383197131455, 48.106140529636676],
            [-1.603829024917761, 48.10615360883961],
            [-1.603828826603731, 48.106166834794834],
            [-1.603830743149115, 48.10617778567838],
            [-1.603834564652684, 48.10618851071327],
            [-1.603840236175977, 48.10619886162828],
            [-1.60385199921104, 48.10621338724388],
            [-1.603867314910507, 48.10622634247886],
            [-1.603881856014509, 48.10623529214364],
            [-1.603898116757376, 48.1062427988869],
            [-1.603915777397739, 48.10624871693112],
            [-1.603934496709323, 48.106252931092996],
            [-1.603953909460327, 48.10625535868645],
            [-1.603977691555534, 48.106255855218414],
            [-1.604001259082282, 48.10625366177198],
            [-1.604037501932561, 48.106395703883216],
            [-1.604027224428193, 48.10653283404407],
            [-1.604020258625118, 48.10662575892187],
            [-1.603927135110815, 48.10696510107863],
            [-1.603796176158172, 48.107280258176964],
            [-1.603620029247719, 48.1076647361886],
            [-1.603620029248521, 48.10766473619758],
            [-1.603595684331053, 48.10766137792614],
            [-1.603570836538462, 48.10766090143326],
            [-1.603546244599091, 48.10766332139122],
            [-1.603527336811651, 48.10766729508214],
            [-1.603509438520757, 48.10767299255435],
            [-1.603492898994853, 48.107680302513735],
            [-1.603478039227742, 48.10768908326265],
            [-1.6034651479972, 48.1076991637586],
            [-1.603453791125957, 48.10771122634067],
            [-1.603445243641224, 48.10772428740145],
            [-1.603439697549236, 48.10773805633306],
            [-1.603437274645032, 48.107752224605846],
            [-1.603437274645833, 48.10775222461482],
            [-1.603437424646107, 48.10776153158185],
            [-1.603439348555145, 48.1077725200155],
            [-1.60344318276497, 48.10778328149452],
            [-1.603448875017639, 48.107793667640244],
            [-1.603460677728076, 48.10780824307097],
            [-1.603476044888823, 48.107821243161546],
            [-1.603492626386095, 48.10783128342573],
            [-1.603511363695815, 48.10783944613955],
            [-1.603531787845306, 48.10784552662507],
            [-1.603531787858711, 48.10784552662454],
            [-1.603360667117246, 48.10834162784153],
            [-1.603355513936046, 48.10846061868467],
            [-1.603367127428496, 48.10861606398881],
            [-1.603378820403179, 48.108680307295124],
            [-1.603356929827852, 48.10868271635014],
            [-1.603336221703673, 48.10868706841945],
            [-1.603316619769431, 48.108693307990286],
            [-1.603298503412458, 48.10870131445451],
            [-1.60328222862659, 48.108710931198836],
            [-1.603268109644956, 48.1087219708452],
            [-1.603256423362418, 48.10873421957878],
            [-1.603247396009982, 48.10874743858242],
            [-1.60324120229492, 48.10876136947707],
            [-1.603237964861434, 48.108775743353604],
            [-1.603237744666037, 48.108790278454954],
            [-1.603239853410139, 48.10880231278494],
            [-1.603244052269466, 48.10881409945099],
            [-1.603250286282925, 48.10882547486518],
            [-1.603263212718107, 48.10884143885878],
            [-1.603280043992141, 48.10885567603752],
            [-1.603295219699978, 48.10886506621923],
            [-1.603312104149545, 48.10887304095993],
            [-1.60333201690813, 48.10887991414521],
            [-1.603353201630466, 48.10888478929315],
            [-1.603375214730458, 48.10888756522739],
            [-1.603396897140696, 48.10888821897341],
            [-1.603418504900613, 48.10888684570002],
            [-1.603439616528163, 48.10888347129212],
            [-1.603459820930895, 48.10887816266601],
            [-1.603478726389489, 48.10887102290455],
            [-1.603497193041629, 48.10886143911423],
            [-1.603513335455191, 48.108850128311055],
            [-1.60363512956675, 48.10887404231695],
            [-1.603844220865059, 48.10890094369645],
            [-1.604290238691881, 48.10897720147919],
            [-1.604724010217179, 48.10902873828454],
            [-1.605095819564661, 48.10906090622393],
            [-1.60549704134721, 48.109085172345246],
            [-1.605837169176679, 48.109087312529354],
            [-1.605847023793546, 48.109099270822135],
            [-1.605859747738652, 48.1091099446463],
            [-1.605872171577345, 48.10911758953363],
            [-1.605886063438513, 48.10912400157929],
            [-1.605901152642714, 48.109129057372925],
            [-1.605917145043691, 48.10913265696999],
            [-1.605933729032217, 48.10913473085931],
            [-1.605945526086437, 48.10913525211969],
            [-1.605963626356018, 48.10913453966631],
            [-1.605981365465913, 48.10913202791543],
            [-1.605998347530418, 48.109127773272014],
            [-1.606014192177362, 48.10912187026373],
            [-1.606027590988209, 48.1091150038242],
            [-1.606039432575141, 48.109106955449256],
            [-1.606049486023422, 48.10909788125662],
            [-1.606057557278464, 48.10908795841309],
            [-1.606063487324115, 48.10907737980124],
            [-1.606397843139899, 48.109063985222406],
            [-1.607455396174732, 48.108990188142855],
            [-1.608422091315308, 48.10893727209779],
            [-1.60860958258361, 48.108921406570786],
            [-1.608698821466378, 48.1088920387105],
            [-1.608902717974201, 48.1089869874268],
            [-1.608941288179698, 48.10919296939101],
            [-1.609013223986767, 48.1097471599014],
            [-1.608991274105118, 48.10974943544097],
            [-1.608972939123678, 48.109753289739345],
            [-1.608955582235458, 48.10975881497683],
            [-1.608939543728396, 48.10976590470798],
            [-1.608925134030112, 48.10977441944549],
            [-1.608912634430132, 48.10978419474035],
            [-1.608902288956108, 48.109795040606414],
            [-1.608894296570961, 48.10980674453616],
            [-1.608888814576121, 48.109819079473525],
            [-1.60888594938771, 48.1098318059855],
            [-1.608885755436524, 48.109844675009406],
            [-1.60888762392266, 48.10985533043655],
            [-1.608891342837074, 48.10986576572591],
            [-1.608896863066611, 48.10987583778077],
            [-1.608908310810416, 48.109889971036324],
            [-1.608923214223023, 48.1099025763925],
            [-1.60893703371361, 48.10991109218688],
            [-1.608952445791817, 48.10991827910164],
            [-1.608969166738402, 48.1099240034435],
            [-1.608987953992726, 48.109928340270585],
            [-1.609007483564325, 48.10993080654249],
            [-1.609026681620339, 48.10993138493409],
            [-1.609045812019167, 48.10993016758583],
            [-1.609064504296487, 48.10992717925893],
            [-1.609082393718482, 48.10992247872422],
            [-1.60909913176607, 48.10991615563868],
            [-1.609114393158982, 48.10990833386798],
            [-1.609127880736783, 48.10989916588459],
            [-1.609139332001451, 48.109888830703525],
            [-1.609148522657677, 48.10987752833397],
            [-1.609155275996991, 48.10986547940332],
            [-1.60915905448378, 48.109854632755244],
            [-1.609160843058181, 48.10984355952518],
            [-1.609160238737634, 48.10982954215271],
            [-1.609156477703672, 48.10981574592733],
            [-1.609149646330676, 48.109802489953935],
            [-1.609140795169519, 48.10979106654034],
            [-1.609129657075594, 48.10978057906103],
            [-1.609116446712879, 48.10977123155278],
            [-1.609101422559535, 48.10976320647331],
            [-1.609084877122538, 48.109756660588694],
            [-1.609067843791309, 48.109751881349446],
            [-1.609050007597792, 48.10974867144158],
            [-1.609031692519233, 48.10974708815819],
            [-1.609013223986767, 48.1097471599014],
            [-1.608956312764854, 48.109308719165654]
          ]
        ],
        "type": "MultiLineString"
      },
      "properties": {
        "geo_point_2d": {
          "lon": -1.6051905312077746,
          "lat": 48.10573531442633
        },
        "gml_id": "v_star_lignes_actives.32",
        "id": 32,
        "li_code": "0038",
        "li_num": "38",
        "li_nom": "Cesson-Sévigné (Monniais) <> Cesson-Sévigné (Ménouriais)",
        "li_type": "Urbaine",
        "li_sstype": "Inter-quartiers",
        "li_d_creat": "2016-08-29T02:00:00+02:00",
        "li_d_acces": "2016-08-28T02:00:00+02:00",
        "li_datedeb": "2022-10-24T02:00:00+02:00",
        "li_datefin": null,
        "comm_desservies": "35051",
        "li_couleur_rvb": "0,139,210,255",
        "li_couleur_hex": "#008BD2",
        "volume": 200
      }
    },
    {
      "type": "Feature",
      "geometry": {
        "coordinates": [
          [
            [-1.619898844747653, 48.13268782238908],
            [-1.619753458443894, 48.13260134255596],
            [-1.619525775281851, 48.13246590912383],
            [-1.61947470927297, 48.13243553322275],
            [-1.619450624731582, 48.132403323601324],
            [-1.619446161701614, 48.132379805752635],
            [-1.619443904599522, 48.132354618913176],
            [-1.619450394152209, 48.132339649902804],
            [-1.619475298685096, 48.13231070255824],
            [-1.619500127349429, 48.132298647150314],
            [-1.619539035476769, 48.132286025424705],
            [-1.619582921250246, 48.13227636459956],
            [-1.61961812415225, 48.13227495088073],
            [-1.619654032356925, 48.132281407251746],
            [-1.619690222823441, 48.13229101308821],
            [-1.619731398927976, 48.13231634042367],
            [-1.619799121729202, 48.13235799649398],
            [-1.619894740196137, 48.13241681091835],
            [-1.620256562395532, 48.132639363935795],
            [-1.62084208584869, 48.13219650558119],
            [-1.620919427501297, 48.132139684705706],
            [-1.620937188679637, 48.13211448391793],
            [-1.620954949840633, 48.132089283127264],
            [-1.620968785722467, 48.132033432880654],
            [-1.620967122966265, 48.131038816335725],
            [-1.620975271223075, 48.13089285266972],
            [-1.621206945776839, 48.13088665446109],
            [-1.621364398044508, 48.130890694611914],
            [-1.621859496242001, 48.130868086766675],
            [-1.622611013293391, 48.130837888380114],
            [-1.623231793813135, 48.13080861149489],
            [-1.623801502835443, 48.1307817402345],
            [-1.623898936223505, 48.13078169000087],
            [-1.624473880015133, 48.13078139485224],
            [-1.624407404094635, 48.13085303333377],
            [-1.624375201376743, 48.13094418978822],
            [-1.624574654240328, 48.130984204431826],
            [-1.624768561331159, 48.13101445916172],
            [-1.624818337539477, 48.130850644891794],
            [-1.624848247278559, 48.13080704601451],
            [-1.624910214284121, 48.13077911657908],
            [-1.624910214297532, 48.13077911657853],
            [-1.6252391978932, 48.130710325641324],
            [-1.625637208950989, 48.130654054800125],
            [-1.626084125307309, 48.130561739721045],
            [-1.626106957736543, 48.13055702339039],
            [-1.626114144131273, 48.1305551674745],
            [-1.626595335207418, 48.13043089218106],
            [-1.626657207842862, 48.130414912400255],
            [-1.626841501069461, 48.130369385600666],
            [-1.627632412922744, 48.13017599741273],
            [-1.627735924022321, 48.13015068709372],
            [-1.62858615473901, 48.13002557483737],
            [-1.630488855543405, 48.129752664184835],
            [-1.630631925523372, 48.12973046793488],
            [-1.630719404146098, 48.129706293560275],
            [-1.632194920919708, 48.12914121951598],
            [-1.632481924065584, 48.129023823572574],
            [-1.632825067991769, 48.128883462808744],
            [-1.632941802878958, 48.128827041337566],
            [-1.633036189106654, 48.12876755534648],
            [-1.633100047649676, 48.128744406126216],
            [-1.633121292816576, 48.12875701461451],
            [-1.633147317750406, 48.12876461090889],
            [-1.633175575105728, 48.12876645153728],
            [-1.633203300286245, 48.128762355920024],
            [-1.633227776959686, 48.12875272540976],
            [-1.633246610657407, 48.12873850253598],
            [-1.633257957460311, 48.12872107979751],
            [-1.633464979993646, 48.12877334989547],
            [-1.63391414136482, 48.12883806116526],
            [-1.634192971833402, 48.12886602295378],
            [-1.634473863247936, 48.128886963027746],
            [-1.634506924139327, 48.128889415322895],
            [-1.634634284860625, 48.1288927371521],
            [-1.634788734610858, 48.128896352367185],
            [-1.635061444530642, 48.12890131816356],
            [-1.635058381819807, 48.128919153344285],
            [-1.635064617951423, 48.128936612912874],
            [-1.635079397116389, 48.12895159275847],
            [-1.635100937714675, 48.12896228600026],
            [-1.635126641704209, 48.12896740071421],
            [-1.63515341066067, 48.12896632200071],
            [-1.635178012613358, 48.128959180099045],
            [-1.635197481687311, 48.128946834283035],
            [-1.635209470085222, 48.12893077578007],
            [-1.635212531484198, 48.1289129415472],
            [-1.635206296565745, 48.12889548103471],
            [-1.635191517380015, 48.128880501205224],
            [-1.635169976797095, 48.1288698079802],
            [-1.635216007684301, 48.128836222866155],
            [-1.635332677246555, 48.128654505395225],
            [-1.635394896617675, 48.12858011832033],
            [-1.635491955005139, 48.128501109556005],
            [-1.635586529737838, 48.128447948053086],
            [-1.63566207778065, 48.128414864405926],
            [-1.635783652969236, 48.12838041764834],
            [-1.635941635813651, 48.12835467791811],
            [-1.636277048242444, 48.12832638165597],
            [-1.636859892949709, 48.1282777480168],
            [-1.637164584725567, 48.12825357089507],
            [-1.63735769817492, 48.12823983840567],
            [-1.637526343155786, 48.12822790306297],
            [-1.637776225380988, 48.12821760221369],
            [-1.637825639250186, 48.128215565170194],
            [-1.6381558209766, 48.12821441546216],
            [-1.638437151618709, 48.12822379472491],
            [-1.638623148960711, 48.12823269294664],
            [-1.639123436241064, 48.12826126269129],
            [-1.639227853212856, 48.12825948407],
            [-1.63931531482852, 48.128249334632535],
            [-1.639360997336511, 48.128240417969806],
            [-1.6393955923714, 48.128233222558926],
            [-1.639469605076658, 48.128213421063066],
            [-1.639571660917438, 48.1281809216455],
            [-1.639642734191567, 48.12814815631644],
            [-1.639701368822251, 48.12811171546122],
            [-1.639760735531058, 48.128070444258576],
            [-1.639824968222073, 48.12801850300035],
            [-1.640092747964117, 48.12766450724206],
            [-1.640154219697361, 48.12758336615221],
            [-1.640331063129615, 48.12735601639276],
            [-1.64034477687619, 48.1273384382694],
            [-1.640481875219989, 48.127162706489656],
            [-1.640559667919434, 48.12708339714084],
            [-1.640624398128646, 48.127027824791305],
            [-1.640781647157628, 48.126913264673824],
            [-1.64092688579345, 48.1268267609177],
            [-1.641060031696011, 48.12676291063022],
            [-1.641196433617124, 48.126707604057614],
            [-1.641212996991064, 48.12672646766542],
            [-1.641237455210674, 48.12674098051802],
            [-1.641267416766192, 48.126749723554404],
            [-1.641299945913838, 48.12675184030332],
            [-1.641331861145681, 48.12674712305515],
            [-1.64136003722882, 48.12673603401298],
            [-1.641381714672909, 48.12671965946566],
            [-1.641394773873522, 48.12669960050947],
            [-1.641397934218306, 48.12667782264647],
            [-1.641390889497695, 48.126656455692505],
            [-1.641374326081212, 48.126637592110015],
            [-1.641349867872105, 48.12662307928616],
            [-1.641319906376136, 48.126614336271004],
            [-1.641379251875972, 48.126539660478045],
            [-1.641785703022619, 48.12596296222558],
            [-1.641965812422298, 48.12574511875434],
            [-1.642092495641075, 48.12559989646744],
            [-1.642128923372737, 48.12555780726369],
            [-1.64223981365684, 48.12545463092806],
            [-1.642468061246595, 48.125284493926074],
            [-1.642605279952603, 48.12519511208364],
            [-1.642687537011548, 48.12514153105831],
            [-1.644686418474758, 48.12397512077588],
            [-1.644937372498021, 48.123843756059046],
            [-1.645208610533158, 48.123732378967844],
            [-1.645294464012038, 48.123696990380765],
            [-1.64576605303199, 48.123515032229314],
            [-1.646271994609166, 48.12331289901416],
            [-1.646542345911962, 48.123204887005144],
            [-1.647008484837565, 48.123018689342175],
            [-1.647008456700877, 48.123018700579806],
            [-1.648566084227667, 48.12239687000408],
            [-1.648880166916351, 48.122371840950585],
            [-1.650003644104448, 48.12228504662345],
            [-1.6507306369466, 48.12222707555141],
            [-1.650992273814361, 48.122206211227564],
            [-1.650999640215068, 48.12223313505453],
            [-1.651016415438133, 48.12225809613066],
            [-1.651041624892672, 48.12227964442426],
            [-1.651073803085479, 48.12229652726247],
            [-1.651111081037375, 48.12230776328814],
            [-1.651151292357022, 48.12231269944307],
            [-1.6511920991508, 48.122311049127866],
            [-1.651231130739757, 48.12230290821791],
            [-1.65124344959659, 48.12229792276193],
            [-1.651266117751284, 48.12228874964045],
            [-1.651295026947948, 48.12226939629573],
            [-1.651316179361282, 48.122245973027646],
            [-1.651328345349632, 48.12221984150613],
            [-1.651330816742073, 48.12219251981742],
            [-1.651323451434301, 48.1221655950594],
            [-1.651314244582483, 48.122151895660025],
            [-1.652615169891454, 48.121747458302025],
            [-1.654370995041325, 48.12120069909424],
            [-1.654377374929018, 48.121210192114724],
            [-1.654403703742769, 48.12123269548491],
            [-1.654437309170048, 48.12125032608841],
            [-1.654476241563704, 48.12126205903973],
            [-1.654518235072848, 48.12126721291275],
            [-1.654560851069785, 48.12126548814315],
            [-1.654601611661072, 48.121256985017084],
            [-1.65463814986741, 48.121242197602115],
            [-1.654668338922861, 48.12122198508585],
            [-1.654676059841418, 48.12121343333356],
            [-1.654818212774085, 48.121281400641614],
            [-1.654960778017553, 48.12134666516727],
            [-1.655081586525554, 48.12140181297198],
            [-1.658250129968959, 48.122852583161944],
            [-1.658728175915616, 48.123071391149956],
            [-1.659525460947919, 48.12343604511195],
            [-1.659525650962347, 48.12343622663617],
            [-1.659526199836811, 48.12343647742],
            [-1.659563679526137, 48.123472443028746],
            [-1.659618005712514, 48.12352457591535],
            [-1.659982415743956, 48.123269588810125],
            [-1.660156535530925, 48.1231665748457],
            [-1.66125769226027, 48.12251508513025],
            [-1.661748991192343, 48.12227323771588],
            [-1.66234040227251, 48.12198984805977],
            [-1.662658362222755, 48.1218375633215],
            [-1.662726277900814, 48.12178795458883],
            [-1.663137218700772, 48.121590226297236],
            [-1.663989125567621, 48.12118022772987],
            [-1.664807738206972, 48.1206824819056],
            [-1.665354601246207, 48.12035131829628],
            [-1.666298288771249, 48.1197841154714],
            [-1.666441976919452, 48.119708248019855],
            [-1.667423848271543, 48.11929689268606],
            [-1.667630480080146, 48.119188115378066],
            [-1.667858389985804, 48.11906813567179],
            [-1.668377341996404, 48.11879522204752],
            [-1.668956665966735, 48.118489128363976],
            [-1.669057802135445, 48.11845132225989],
            [-1.669193041924576, 48.118409698497324],
            [-1.669341417448025, 48.118380877004036],
            [-1.670146739677894, 48.11831771903824],
            [-1.670473873320586, 48.118299136818464],
            [-1.670647390538899, 48.118289280131776],
            [-1.670892487737935, 48.118274977560965],
            [-1.67180882977853, 48.118221499648946],
            [-1.672196860095259, 48.118199260588916],
            [-1.672358581727192, 48.11818345037737],
            [-1.673303927671304, 48.11792220229592],
            [-1.673495151612886, 48.1177767475225],
            [-1.673656597534314, 48.11754030070134],
            [-1.67389721393028, 48.11714704803715],
            [-1.674017674528824, 48.11693355402854],
            [-1.674136377325146, 48.11644980999695],
            [-1.674140825398752, 48.11635934186741],
            [-1.674178634343439, 48.11605351332016],
            [-1.674180719520631, 48.11604353229632],
            [-1.674377229842199, 48.115103431847274],
            [-1.674425025522277, 48.11480001563078],
            [-1.674451997307769, 48.114673394523294],
            [-1.674475150559421, 48.114557657689836],
            [-1.675078114676893, 48.11359649887789],
            [-1.675099850514627, 48.11352306829104],
            [-1.675146051610038, 48.11341080849071],
            [-1.67519833557747, 48.11328394352549],
            [-1.675235939564365, 48.113192698535904],
            [-1.675280864713621, 48.1130540098013],
            [-1.675301331712109, 48.11294550577733],
            [-1.675301331712109, 48.11294550577733],
            [-1.675319816398744, 48.1128475104217],
            [-1.675292522232202, 48.11271750837194],
            [-1.675274339923002, 48.112632292018766],
            [-1.675163005543909, 48.11243880309544],
            [-1.67516300552969, 48.112438803087024],
            [-1.675145579415218, 48.11240856367729],
            [-1.675145422264397, 48.1124082909777],
            [-1.675111737291556, 48.1119484088908],
            [-1.675111731551432, 48.11194833058671],
            [-1.674772723240041, 48.11137204118867],
            [-1.674772584823804, 48.111371813609644],
            [-1.674406385763533, 48.11076974083005],
            [-1.674338329478985, 48.11065784689081],
            [-1.6741929164174, 48.11020167317986],
            [-1.674097886125786, 48.10987490682741],
            [-1.674456569490429, 48.10987491886611],
            [-1.675145018962534, 48.10987240403343],
            [-1.675489007325705, 48.109871145930086],
            [-1.676377991065331, 48.10986409748781],
            [-1.677813396937866, 48.109860313099254],
            [-1.677981159279306, 48.10985977956439],
            [-1.677980830772595, 48.109697670574306],
            [-1.677980482213258, 48.10952566722979],
            [-1.677980094655021, 48.10933441734832],
            [-1.677914815305837, 48.10933491502379],
            [-1.677826223418421, 48.109355009076566],
            [-1.677833986145913, 48.1086147339995],
            [-1.677837716981475, 48.10747730541248],
            [-1.677838400261039, 48.107388366704136],
            [-1.677737110901476, 48.10733427919532],
            [-1.677737325194604, 48.106445179396665],
            [-1.677695178061764, 48.106072834090696],
            [-1.677681129327272, 48.105948720509645],
            [-1.67759452621879, 48.1053884410827],
            [-1.677527352760302, 48.105122473351415],
            [-1.677323615844436, 48.1044499096858],
            [-1.677095854080474, 48.1038673025802],
            [-1.67693431257651, 48.10349339714597],
            [-1.67693431257651, 48.10349339714597],
            [-1.67501086525402, 48.10373157071712],
            [-1.673408022256269, 48.103930007360056],
            [-1.673322833303623, 48.103960958844],
            [-1.673209657905918, 48.103995771796114],
            [-1.673053550019684, 48.10405459151683],
            [-1.672904824985269, 48.10411629119013],
            [-1.67272427617529, 48.10419359525766],
            [-1.67265767595691, 48.10421781700686],
            [-1.672527615496823, 48.10426511836464],
            [-1.672394994885547, 48.104280124089165],
            [-1.672234768430205, 48.10424545950753],
            [-1.67171523910908, 48.104133058816224],
            [-1.671587006445794, 48.10410531511923],
            [-1.671480466185046, 48.10413334996647],
            [-1.670608904592007, 48.10424755764075],
            [-1.668619276924412, 48.10450824779803],
            [-1.667967411084287, 48.104591451031816],
            [-1.667706714604367, 48.10462453323376],
            [-1.66657354859544, 48.10476934840177],
            [-1.666258071381366, 48.1048096099371],
            [-1.66625718712055, 48.104805631705936],
            [-1.666251018129018, 48.10479325982655],
            [-1.666241735296257, 48.10478179338391],
            [-1.666229620686142, 48.10477158078847],
            [-1.666215042377618, 48.104762932340456],
            [-1.666198443334535, 48.10475611081494],
            [-1.666180327903482, 48.104751323485985],
            [-1.666161246511918, 48.10474871581854],
            [-1.66614177894804, 48.104748367029124],
            [-1.666124522201678, 48.10475008775343],
            [-1.666122516699145, 48.104750287730155],
            [-1.666104045064981, 48.10475441954741],
            [-1.666086925269838, 48.10476063695457],
            [-1.666071677502252, 48.10476875103401],
            [-1.666058765050483, 48.104778515238635],
            [-1.666050858180539, 48.10478714632155],
            [-1.665987648005481, 48.1047619577255],
            [-1.665762225407533, 48.10474470506388],
            [-1.665127806521892, 48.10471981016564],
            [-1.664777267729317, 48.10471592227746],
            [-1.664644315519077, 48.104718411653096],
            [-1.66378701298364, 48.10419696516148],
            [-1.66283184291189, 48.10360023182691],
            [-1.662717594125369, 48.10356249384052],
            [-1.662562606678968, 48.103471412358104],
            [-1.662434597799682, 48.10339509095123],
            [-1.661711402681552, 48.102963900904],
            [-1.661378885039854, 48.102765468736315],
            [-1.661034668168545, 48.1025593823178],
            [-1.660884388838966, 48.10246902712561],
            [-1.660671392289506, 48.102332722468404],
            [-1.66015732093092, 48.10200329898849],
            [-1.659923778573112, 48.101730732825345],
            [-1.659634351481353, 48.10145898973141],
            [-1.658914179343988, 48.1007658126249],
            [-1.658321542383967, 48.100215854420966],
            [-1.657935365173244, 48.09989462846857],
            [-1.657758788266313, 48.099748365421554],
            [-1.657451312997864, 48.09948907330712],
            [-1.657175723345493, 48.09925604365432],
            [-1.657130523032764, 48.0992187687358],
            [-1.656401415983519, 48.098610532789394],
            [-1.656085062932724, 48.098353028236055],
            [-1.655647850806489, 48.09810519344533],
            [-1.655245788203934, 48.09788470369399],
            [-1.654849660955164, 48.0976657915645],
            [-1.654191103211434, 48.09730662835597],
            [-1.653840671772894, 48.0971155070166],
            [-1.652707065167589, 48.0964973051191],
            [-1.652183826668899, 48.09622027427077],
            [-1.651454119152351, 48.09581633295114],
            [-1.651131123749876, 48.09565173197209],
            [-1.651044970822781, 48.09559471725296],
            [-1.650671090445355, 48.09532017694039],
            [-1.650472926940755, 48.09516287320724],
            [-1.64995352307668, 48.09475056021383],
            [-1.649075522115141, 48.094088727689595],
            [-1.647662795615609, 48.09298397121051],
            [-1.647557760178411, 48.092902391705195],
            [-1.64740221968842, 48.092780943464234],
            [-1.646738257592611, 48.092262503549094],
            [-1.646298147030762, 48.09191883692503],
            [-1.645955922442893, 48.09165160161967],
            [-1.645771801355942, 48.091497836911316],
            [-1.645559182946409, 48.09131796582906],
            [-1.645352887048653, 48.09107355762997],
            [-1.64536421793037, 48.09097216705601],
            [-1.645296717590723, 48.09088695034526],
            [-1.645152815925163, 48.09068195796178],
            [-1.645036994618164, 48.090488763449855],
            [-1.644944442900822, 48.09031715572557],
            [-1.64493577507995, 48.09028963929143],
            [-1.644887352687775, 48.090135912744],
            [-1.644868646965872, 48.090076536592974],
            [-1.644845688129472, 48.08994829720673],
            [-1.644783923198815, 48.08959059198518],
            [-1.644744094455602, 48.08897207998446],
            [-1.644718732024458, 48.08774689013258],
            [-1.644698344909258, 48.08770735846604],
            [-1.644723361404331, 48.08770176560148],
            [-1.644776154972569, 48.087682598470366],
            [-1.644823180853403, 48.08765758048247],
            [-1.644863006586969, 48.08762747145919],
            [-1.644894423470628, 48.08759318617206],
            [-1.644928498266227, 48.087516349223954],
            [-1.644930119767202, 48.08747613264663],
            [-1.644902289600784, 48.08739817444943],
            [-1.644873682073809, 48.087362802724776],
            [-1.644836342079054, 48.087331295328035],
            [-1.644791403663419, 48.08730461199761],
            [-1.644740230789951, 48.08728356261514],
            [-1.644684381818351, 48.08726878611582],
            [-1.64462555136884, 48.087260732114814],
            [-1.64459009729916, 48.08726009067856],
            [-1.644565525910122, 48.08725964558297],
            [-1.644506131873948, 48.08726555813156],
            [-1.644449172761005, 48.08727829145537],
            [-1.644432512603347, 48.087284339507974],
            [-1.644396378144682, 48.08729745849218],
            [-1.644349353724954, 48.087322476253306],
            [-1.644309527927137, 48.08735258510067],
            [-1.644278110882418, 48.08738687112754],
            [-1.644256056248721, 48.087424290226615],
            [-1.644244035123965, 48.08746370698726],
            [-1.644242411830065, 48.08750392450697],
            [-1.644251237600787, 48.087543718885854],
            [-1.644133940599627, 48.087553246926845],
            [-1.644000808796525, 48.08758111680558],
            [-1.643798630946516, 48.08754015265269],
            [-1.643652291541215, 48.087510651085466],
            [-1.643440072096959, 48.08746786818004],
            [-1.643074134007809, 48.08739409474708],
            [-1.642969791072635, 48.087385117191474],
            [-1.642892213276637, 48.08738643952424],
            [-1.642820603936457, 48.087401273281266],
            [-1.642783243442782, 48.08741436114509],
            [-1.642719613223208, 48.08743654925404],
            [-1.642665870699238, 48.087459613348926],
            [-1.641287355775459, 48.08805120001187],
            [-1.641136923041355, 48.088105552367466],
            [-1.640760514600097, 48.0882645120231],
            [-1.640592805928566, 48.08812126385866],
            [-1.640456990966822, 48.08800780864638],
            [-1.640371736481542, 48.087952592325095],
            [-1.640287629755599, 48.08790274852732],
            [-1.640196850144905, 48.087859276028055],
            [-1.640100153403947, 48.087820380011586],
            [-1.639987027371499, 48.087782926604405],
            [-1.63986728966871, 48.08775128419466],
            [-1.63973207228045, 48.0877232391583],
            [-1.639618186628829, 48.08770555271505],
            [-1.639495779, 48.08769761986926],
            [-1.639394784632203, 48.0876963327774],
            [-1.639337639269753, 48.08769760961266],
            [-1.639204473492166, 48.087700655770085],
            [-1.639094919077276, 48.08771318736721],
            [-1.638998802029251, 48.087727012932206],
            [-1.638916859922781, 48.08774137164228],
            [-1.638830137482236, 48.08776126839857],
            [-1.638741417253195, 48.08778863703474],
            [-1.638656089707103, 48.08781519467347],
            [-1.638630307590818, 48.08782561991005],
            [-1.638565807261324, 48.08785177009456],
            [-1.638288132408389, 48.087989222370936],
            [-1.637857689012958, 48.088214103106885],
            [-1.637234375783534, 48.08853974748077],
            [-1.636996351891649, 48.088664144630116],
            [-1.636691526454171, 48.088823403667455],
            [-1.636461335213385, 48.088943699202275],
            [-1.636171750258204, 48.08907504012289],
            [-1.635928278805667, 48.0892010539172],
            [-1.635897164383678, 48.08918696496208],
            [-1.635861669053283, 48.08917875093689],
            [-1.635824208806984, 48.08917697215504],
            [-1.635787338973139, 48.089181749007054],
            [-1.635753569507173, 48.089192756796486],
            [-1.635725203981786, 48.08920924484837],
            [-1.63570417502174, 48.08923009090136],
            [-1.635691914850536, 48.089253872104116],
            [-1.635689258461448, 48.08927896983675],
            [-1.635696389586887, 48.08930367190537],
            [-1.63570653146942, 48.08931763728239],
            [-1.635342115794612, 48.089507665288124],
            [-1.635332366615233, 48.089512771632975],
            [-1.635287239034703, 48.08953628107492],
            [-1.635100760589975, 48.0896327350015],
            [-1.634825140528879, 48.08982378917123],
            [-1.634734437679428, 48.08990250406658],
            [-1.634702865357079, 48.08992981748957],
            [-1.634603566001566, 48.090034108255544],
            [-1.634556895624411, 48.09008798061422],
            [-1.634450125404034, 48.0902678099624],
            [-1.634418540851882, 48.090339905860546],
            [-1.634388286936756, 48.090426815381285],
            [-1.634369377592737, 48.09050227468408],
            [-1.634357339709306, 48.09059583829267],
            [-1.634357469125488, 48.090687109209334],
            [-1.634358398311376, 48.09075284822715],
            [-1.634375307131018, 48.09086921255093],
            [-1.634398771279834, 48.09096422804125],
            [-1.634429460174054, 48.09104534640015],
            [-1.634503840777997, 48.09118164926368],
            [-1.634596178239533, 48.0913023841635],
            [-1.634691394868773, 48.091409980982235],
            [-1.634827269942144, 48.09151217724873],
            [-1.634839543621213, 48.091519958449126],
            [-1.63489735399244, 48.09159279360291],
            [-1.635003447645921, 48.091657110878934],
            [-1.635110501006979, 48.09172092698366],
            [-1.635238383529202, 48.09178172119902],
            [-1.635365403644445, 48.09183289893574],
            [-1.635536338793547, 48.09189195658991],
            [-1.635682869210165, 48.091919827245256],
            [-1.635903455895637, 48.09197044747913],
            [-1.63599171920962, 48.09199101579804],
            [-1.636160472715636, 48.092006895810606],
            [-1.636477058052473, 48.0920282714081],
            [-1.637446745064631, 48.09209373926842],
            [-1.637503610220088, 48.09208630446173],
            [-1.637662095327201, 48.09211066099641],
            [-1.638326374190167, 48.09215077576797],
            [-1.638512347142479, 48.09217154311739],
            [-1.638713307801752, 48.092209697485394],
            [-1.63885086606291, 48.09224655566416],
            [-1.638990945668302, 48.09229009308878],
            [-1.639038613348588, 48.092308375431685],
            [-1.639186542106689, 48.092390942168045],
            [-1.639192492248744, 48.092418371480456],
            [-1.639207998065115, 48.09243791476494],
            [-1.639231095412909, 48.092453739361595],
            [-1.639259911177946, 48.09246456388592],
            [-1.639292112293463, 48.0924695111683],
            [-1.639325088401916, 48.092468180175445],
            [-1.639375043546186, 48.09250941339411],
            [-1.63944664458826, 48.09255921320321],
            [-1.639505905237508, 48.09262107787204],
            [-1.639662274274664, 48.0927281304412],
            [-1.639878404958987, 48.09287774198472],
            [-1.639878404973196, 48.092877741993156],
            [-1.639870799141851, 48.09289570241246],
            [-1.639868651780917, 48.092923328823424],
            [-1.639875735102757, 48.09295058171933],
            [-1.639891693652708, 48.09297609593834],
            [-1.639915724971784, 48.092998591029655],
            [-1.639915724985992, 48.092998591038096],
            [-1.63972987746115, 48.09313774650611],
            [-1.639563380538188, 48.09326800119533],
            [-1.639247166140299, 48.09347881535042],
            [-1.638600210727583, 48.093916975524486],
            [-1.638512477481587, 48.093976381070426],
            [-1.638392525220892, 48.094070876055554],
            [-1.638310248895142, 48.094138621195654],
            [-1.638221508713688, 48.09422572934929],
            [-1.638165709007419, 48.09428727000926],
            [-1.638082671106186, 48.09438694284628],
            [-1.638021069214595, 48.09447520839739],
            [-1.638006883325656, 48.094512542181114],
            [-1.637903056879539, 48.094785786276496],
            [-1.637757268059493, 48.09514947519626],
            [-1.637696873017044, 48.095212282220174],
            [-1.637317407613485, 48.09596951025811],
            [-1.637246846901018, 48.09611031233447],
            [-1.637068571142065, 48.09629708685094]
          ]
        ],
        "type": "MultiLineString"
      },
      "properties": {
        "geo_point_2d": {
          "lon": -1.6522137376877981,
          "lat": 48.11035627069774
        },
        "gml_id": "v_star_lignes_actives.3",
        "id": 3,
        "li_code": "0002",
        "li_num": "C2",
        "li_nom": "Cesson-Sévigné (Cesson - Viasilva) <> Rennes (Haut Sancé)",
        "li_type": "Urbaine",
        "li_sstype": "CHRONOSTAR",
        "li_d_creat": null,
        "li_d_acces": "2013-09-01T02:00:00+02:00",
        "li_datedeb": "2024-09-02T02:00:00+02:00",
        "li_datefin": null,
        "comm_desservies": "35238, 35051",
        "li_couleur_rvb": "0,139,210,255",
        "li_couleur_hex": "#008BD2",
        "volume": 300
      }
    },
    {
      "type": "Feature",
      "geometry": {
        "coordinates": [
          [
            [-1.660400969561287, 48.01732266548164],
            [-1.660264706555777, 48.01740368325504],
            [-1.660187040396899, 48.0174370436883],
            [-1.660121233828543, 48.01745720380413],
            [-1.66002870733782, 48.01747050036591],
            [-1.660028694145449, 48.01748889188489],
            [-1.660028867396889, 48.01788627846369],
            [-1.6600514691746, 48.01797276538069],
            [-1.660086251515706, 48.01803592351621],
            [-1.660061632774082, 48.01804522473201],
            [-1.660039313235311, 48.0180568474796],
            [-1.660019480078595, 48.0180707823582],
            [-1.660002962617721, 48.01808654515832],
            [-1.65999013193461, 48.018103782910536],
            [-1.659981273069283, 48.01812211189778],
            [-1.659976585343466, 48.01814112124631],
            [-1.659976172950568, 48.01816038772508],
            [-1.659978837012554, 48.018175434795495],
            [-1.659984131854595, 48.01819016600204],
            [-1.659991982812041, 48.01820437893008],
            [-1.660002272398623, 48.01821787290349],
            [-1.659791971333781, 48.018277198750546],
            [-1.659049460321494, 48.018460717240885],
            [-1.657970531788069, 48.018742335853524],
            [-1.657792536638388, 48.01879085794106],
            [-1.657588192313495, 48.01884656244638],
            [-1.657241732368958, 48.018941006728134],
            [-1.656643123712354, 48.01909685195628],
            [-1.656360546511617, 48.01913732274912],
            [-1.655917495957259, 48.019193639521845],
            [-1.655462838831043, 48.019235259332255],
            [-1.655110604772426, 48.01927061565087],
            [-1.654923224929573, 48.019245452200906],
            [-1.654926564060481, 48.01922591303868],
            [-1.654919740844723, 48.01920678512477],
            [-1.654903578433372, 48.01919037696645],
            [-1.654880025257053, 48.01917866669226],
            [-1.654851923004007, 48.01917306727266],
            [-1.654822660680551, 48.019174254029735],
            [-1.654744027539682, 48.01882920568951],
            [-1.654464849776838, 48.017667707101126],
            [-1.654459801140767, 48.01764647885831],
            [-1.654427430065589, 48.017510366100744],
            [-1.654359001678163, 48.01739397761651],
            [-1.654200417174854, 48.01716999937952],
            [-1.654021698646328, 48.01700701926366],
            [-1.653829665792404, 48.016866931738015],
            [-1.653601519142917, 48.016753477038606],
            [-1.653210885785322, 48.016595124285296],
            [-1.652697884125509, 48.016366133729676],
            [-1.652506780855506, 48.01629209215055],
            [-1.652316515303657, 48.01624564682441],
            [-1.652108010534906, 48.016229252408685],
            [-1.651742100638273, 48.01623228237218],
            [-1.651528947763349, 48.01625211008462],
            [-1.651330436584818, 48.01627057543524],
            [-1.651317647358798, 48.01627176506652],
            [-1.651134124481247, 48.016300202106954],
            [-1.65093344636638, 48.01633928188211],
            [-1.650662953714549, 48.01640771606583],
            [-1.650472164029848, 48.016465183458585],
            [-1.650221898226705, 48.016557113281394],
            [-1.650008049260528, 48.01664854113476],
            [-1.649855313569894, 48.01672891171535],
            [-1.649708145090399, 48.01681894667772],
            [-1.649321194080186, 48.01707791054226],
            [-1.649069110168615, 48.017248210966336],
            [-1.649051272670132, 48.017230099327904],
            [-1.649029610321449, 48.01721397359466],
            [-1.649004608092817, 48.0172001934708],
            [-1.648976824283291, 48.01718906793361],
            [-1.648946880184314, 48.01718084483938],
            [-1.648915442360915, 48.01717570803715],
            [-1.648882341548676, 48.01717379143254],
            [-1.648849191099327, 48.017175278370445],
            [-1.648816764134085, 48.01718013393111],
            [-1.648785818798235, 48.0171882463103],
            [-1.648759260898963, 48.017198460679175],
            [-1.648735143296783, 48.017211108207604],
            [-1.648714122325303, 48.01722572168952],
            [-1.648696353378463, 48.01724216237524],
            [-1.648682183592846, 48.01726010894102],
            [-1.648670779664016, 48.017281912693086],
            [-1.648664661555812, 48.017304653017035],
            [-1.648663980442358, 48.017327756116536],
            [-1.648668292510142, 48.01734927473337],
            [-1.648677382251303, 48.01737011235895],
            [-1.648691040520267, 48.017389795390834],
            [-1.64870891765327, 48.01740788565288],
            [-1.648730575807146, 48.017424009813034],
            [-1.64875554254141, 48.017437813060745],
            [-1.648783326436951, 48.01744893865093],
            [-1.648813272003286, 48.017457161733184],
            [-1.648844708730227, 48.01746229951512],
            [-1.648876937130895, 48.01746423525572],
            [-1.64890923490282, 48.01746292702669],
            [-1.648940880773064, 48.017458404043346],
            [-1.648971770723864, 48.01745055518228],
            [-1.649000536101818, 48.01743966295262],
            [-1.649026517155686, 48.017425977545464],
            [-1.649419102294196, 48.01769681786142],
            [-1.64991042475524, 48.01803595619816],
            [-1.650404809755383, 48.0183764057334],
            [-1.650836539270425, 48.01869579050708],
            [-1.651279810219474, 48.019018997046786],
            [-1.651589986581529, 48.01930253621003],
            [-1.65188056341077, 48.01958150493991],
            [-1.6520219942075, 48.01965433992569],
            [-1.652010624146773, 48.019667650875476],
            [-1.652004820647312, 48.01967758441855],
            [-1.652000958645656, 48.01969034514844],
            [-1.652000435775164, 48.01970336160654],
            [-1.652002678720466, 48.01971451788402],
            [-1.65200740006896, 48.01972532050884],
            [-1.652014489590826, 48.01973552975785],
            [-1.652023779674421, 48.01974491003564],
            [-1.652035163422136, 48.019753333207696],
            [-1.652047779718342, 48.01976026021918],
            [-1.652062145053355, 48.01976601251626],
            [-1.652077628296601, 48.01977026336842],
            [-1.652093882515412, 48.019772918708185],
            [-1.652110545113991, 48.01977391934377],
            [-1.652127244686309, 48.01977324248357],
            [-1.65214360653085, 48.01977090331486],
            [-1.65215442772087, 48.01976836611418],
            [-1.652164171087929, 48.019765269772236],
            [-1.652164378052496, 48.01976554860041],
            [-1.652338713945429, 48.02000114226932],
            [-1.652541539599606, 48.02018199117204],
            [-1.653083055179594, 48.020690562538675],
            [-1.653156824105547, 48.020778203702534],
            [-1.653226428624436, 48.0208884098163],
            [-1.653315567236312, 48.02104357956587],
            [-1.65350721640415, 48.021378051766526],
            [-1.653583743338779, 48.021516783274585],
            [-1.653614147057025, 48.02157190029842],
            [-1.653709820025324, 48.02174533910643],
            [-1.653750554618177, 48.02181824146967],
            [-1.653715749225309, 48.02183098632115],
            [-1.653684317558956, 48.02184720227548],
            [-1.653658045077929, 48.0218656563645],
            [-1.653636165081148, 48.02188653015549],
            [-1.653619167652501, 48.02190935955252],
            [-1.653607432545317, 48.021933633571365],
            [-1.65360122110798, 48.02195880908387],
            [-1.653600670804989, 48.02198432455593],
            [-1.653605651273781, 48.0220091949848],
            [-1.653616430445073, 48.02203411327258],
            [-1.653632490317977, 48.02205725048908],
            [-1.653653508361251, 48.02207851519331],
            [-1.653678972097095, 48.02209746681082],
            [-1.653707890453946, 48.02211345190126],
            [-1.653740988876986, 48.02212676841852],
            [-1.65377619344853, 48.02213643329423],
            [-1.653812758712167, 48.02214241616222],
            [-1.653851039092072, 48.02214474502829],
            [-1.653889007248937, 48.02214320560913],
            [-1.653925890990604, 48.02213782921359],
            [-1.653942243202993, 48.022134346754285],
            [-1.654225188655485, 48.02261376463098],
            [-1.654388195333839, 48.022831463703355],
            [-1.654448340580216, 48.02288464183298],
            [-1.654668127553039, 48.02307870198179],
            [-1.655010178866083, 48.023380222608374],
            [-1.655347296526629, 48.02366051436325],
            [-1.65561591458763, 48.02387277533099],
            [-1.656050063262308, 48.024306841237504],
            [-1.656424214911706, 48.0246607290485],
            [-1.656596180740968, 48.024829702342075],
            [-1.65695628594264, 48.025187377145365],
            [-1.657346193172147, 48.025538476853335],
            [-1.657854262618737, 48.02590516587379],
            [-1.658345344160059, 48.0262607409109],
            [-1.658590211948701, 48.02648386701194],
            [-1.65876306746032, 48.02670726606423],
            [-1.658959512234911, 48.02698789362221],
            [-1.659164394241464, 48.027379756936234],
            [-1.659471897002078, 48.028093605584814],
            [-1.659592102383458, 48.028362306774376],
            [-1.659888264834625, 48.02906324904455],
            [-1.660122893913891, 48.029618543166094],
            [-1.660301959561039, 48.0300374734117],
            [-1.660808410616305, 48.03122260418007],
            [-1.660964347173305, 48.03158742231416],
            [-1.661185921444159, 48.03200435362838],
            [-1.6613427358195, 48.03225161621047],
            [-1.661413444864769, 48.03236310833465],
            [-1.661642911898964, 48.032637027566174],
            [-1.661846984630278, 48.032842241427346],
            [-1.662608827243954, 48.033520468598276],
            [-1.663365588395706, 48.03421459055385],
            [-1.663542817764187, 48.03437709402867],
            [-1.66367542388275, 48.03449868109932],
            [-1.66366651411543, 48.034503638520015],
            [-1.663651996835193, 48.034513835517615],
            [-1.663639907124049, 48.03452537022265],
            [-1.66363051591924, 48.03453798473489],
            [-1.663624032828992, 48.03455139661297],
            [-1.663620602846203, 48.034565307117354],
            [-1.663620301318195, 48.03457940501909],
            [-1.663623611241019, 48.03459485831983],
            [-1.663630705658476, 48.034609729880884],
            [-1.663639603616344, 48.03462166185147],
            [-1.663650910153675, 48.034632638157376],
            [-1.663664401376226, 48.03464244082094],
            [-1.663679809984983, 48.03465087705567],
            [-1.663697863308045, 48.03465810113598],
            [-1.663717320964673, 48.03466343988046],
            [-1.663737746216908, 48.034666773164204],
            [-1.663758685043564, 48.034668027519615],
            [-1.663779668736591, 48.03466717512994],
            [-1.663800228787932, 48.03466423502668],
            [-1.663817915142827, 48.03465986720671],
            [-1.663834588924333, 48.03465397173949],
            [-1.664500137027144, 48.035315795873615],
            [-1.66498700394686, 48.03584639733352],
            [-1.66522165880875, 48.0361859543134],
            [-1.665781036759504, 48.03711303253456],
            [-1.66605197568183, 48.03756205550199],
            [-1.666162645001126, 48.03774546544006],
            [-1.666427575982389, 48.03817645890746],
            [-1.666572379924938, 48.03841170711046],
            [-1.666583605633195, 48.03842994406577],
            [-1.666736149152403, 48.03867776024968],
            [-1.666766676064713, 48.03872735274101],
            [-1.667049078617123, 48.039164661599415],
            [-1.667156259321172, 48.0394085840668],
            [-1.667133064352478, 48.03941401065141],
            [-1.667111439898188, 48.039421828837],
            [-1.667091931214564, 48.039431842553064],
            [-1.667076018459827, 48.03944302027325],
            [-1.667062766893925, 48.03945566400932],
            [-1.667052473385164, 48.03946949047059],
            [-1.667045366690831, 48.03948419120133],
            [-1.667041608024963, 48.03949943886506],
            [-1.667041279334234, 48.03951489132541],
            [-1.667043445660169, 48.03952702732015],
            [-1.667047751974986, 48.03953890602819],
            [-1.667057206705642, 48.03955475017433],
            [-1.66707040572953, 48.03956934100823],
            [-1.667086992260059, 48.039582283940625],
            [-1.66710651685434, 48.03959322959797],
            [-1.667126527558449, 48.03960120697115],
            [-1.667147636031437, 48.03960699733066],
            [-1.667170027309723, 48.03961065115706],
            [-1.667192981158678, 48.039612025808246],
            [-1.667216701469479, 48.03961098806133],
            [-1.667238519807665, 48.03960786710148],
            [-1.667252357721552, 48.03960465454261],
            [-1.667265688782142, 48.03960059124038],
            [-1.667284338916468, 48.03959301557503],
            [-1.667301201971918, 48.03958374462967],
            [-1.667315937592444, 48.039572967049516],
            [-1.667328248099601, 48.03956089767865],
            [-1.667337886849332, 48.03954778082442],
            [-1.667344344022756, 48.039536152125294],
            [-1.667348262264392, 48.03952402380804],
            [-1.667349559227509, 48.03951164431405],
            [-1.667348209521622, 48.03949926787902],
            [-1.667344240047039, 48.03948714751405],
            [-1.667339033471058, 48.03947351496315],
            [-1.667513634097439, 48.03937164550939],
            [-1.667642439363845, 48.03921114701285],
            [-1.66776133980856, 48.03891057437191],
            [-1.667876331208922, 48.03878020965745],
            [-1.668012118008366, 48.03872257078379],
            [-1.668423084287073, 48.038680580437955],
            [-1.668753948153595, 48.0386625309573],
            [-1.670043289784525, 48.038486096909445],
            [-1.670356094481765, 48.038450281662406],
            [-1.670474429167772, 48.038435777074326],
            [-1.670633018431823, 48.03841633786711],
            [-1.670709213750113, 48.038406998083076],
            [-1.670861232592653, 48.03838836392339],
            [-1.67115435196327, 48.03837165906109],
            [-1.67115751163155, 48.038387384167685],
            [-1.671157511877484, 48.038387385401165],
            [-1.671164163959055, 48.03840261125425],
            [-1.671174156715608, 48.03841699419011],
            [-1.671186835601269, 48.03842992432115],
            [-1.671203071055984, 48.03844199341477],
            [-1.671221329097296, 48.03845207712426],
            [-1.671241645953135, 48.038460204620584],
            [-1.671263541710585, 48.03846620980424],
            [-1.671286528669933, 48.038469959331835],
            [-1.671310091387849, 48.03847136964744],
            [-1.671333704324137, 48.03847040896806],
            [-1.671356840036581, 48.03846709875239],
            [-1.67137505384309, 48.03846270113183],
            [-1.671392320216348, 48.03845683093843],
            [-1.671515777255392, 48.038635407284254],
            [-1.67173143647807, 48.03914483037937],
            [-1.671813517371551, 48.03932709759774],
            [-1.672164116213128, 48.04010783066865],
            [-1.672281851097893, 48.04033048866885],
            [-1.672466688206135, 48.04060828631191],
            [-1.672103744656335, 48.04075262429816],
            [-1.671923598000155, 48.040824265583126],
            [-1.671720843340363, 48.04090489711573],
            [-1.670919775748891, 48.04121671570408],
            [-1.670377903756365, 48.041422135354544],
            [-1.670019679292675, 48.04154214702243],
            [-1.669790626085073, 48.04157896984414],
            [-1.668838514469908, 48.041764283752585],
            [-1.668270619972893, 48.04187990494612],
            [-1.667939232278827, 48.04194778424846],
            [-1.667694255331194, 48.041994838128666],
            [-1.666851555549959, 48.04215485473866],
            [-1.666547849060849, 48.04219805788586],
            [-1.666546455254777, 48.04218599501813],
            [-1.666541980309986, 48.042174273626166],
            [-1.666534559443077, 48.0421632450418],
            [-1.666525147807436, 48.04215381387705],
            [-1.666513582359132, 48.04214552900942],
            [-1.666501959786598, 48.04213941223246],
            [-1.666488756303381, 48.04213428865993],
            [-1.666474808987445, 48.04213055912471],
            [-1.666460056123273, 48.04212819003736],
            [-1.666446789053543, 48.04212730416916],
            [-1.666433305010005, 48.04212757100962],
            [-1.66641998477483, 48.042128996286515],
            [-1.666403009091149, 48.04213261556318],
            [-1.666387194798719, 48.042138113245585],
            [-1.666372999150993, 48.04214533018379],
            [-1.666362191252809, 48.042152922161854],
            [-1.666353190449188, 48.04216150848019],
            [-1.666346198654377, 48.042170899816995],
            [-1.666341371412859, 48.04218088440566],
            [-1.666338817696297, 48.04219124065815],
            [-1.666338594386035, 48.04220173558693],
            [-1.66634005073794, 48.0422099410984],
            [-1.666342943926869, 48.04221797288159],
            [-1.66634723184377, 48.04222572181493],
            [-1.666352848200316, 48.042233078858374],
            [-1.66624234110073, 48.04227156008382],
            [-1.66569741394035, 48.04239511903945],
            [-1.665540113212683, 48.04243078544096],
            [-1.665395538063377, 48.04246356621794],
            [-1.664051279577308, 48.042806148335224],
            [-1.663893161857702, 48.04285367230196],
            [-1.663483387121666, 48.04296484877862],
            [-1.663039493524717, 48.04318022564229],
            [-1.662902609289266, 48.0432439018318],
            [-1.662840249810103, 48.04327451072351],
            [-1.662682161980704, 48.04334651300158],
            [-1.661646398330634, 48.04389197384739],
            [-1.66121770028, 48.044116196178415],
            [-1.66087388052107, 48.04429602197136],
            [-1.660568288121388, 48.04436211565886],
            [-1.660264470430674, 48.044389293867184],
            [-1.659988729042436, 48.044400484008186],
            [-1.659787293110546, 48.044458150641304],
            [-1.659704056153295, 48.04455803778286],
            [-1.659725624865865, 48.04468886708889],
            [-1.659693705691573, 48.04469658426168],
            [-1.659666321678099, 48.044710019431044],
            [-1.659645691152583, 48.04472808329505],
            [-1.659633486700013, 48.044749312225136],
            [-1.659630694160942, 48.04477198842238],
            [-1.659637543963187, 48.044794272457274],
            [-1.659653476853281, 48.04481435964444],
            [-1.659677205215464, 48.04483062352886],
            [-1.65970680547183, 48.04484174639768],
            [-1.659739879580986, 48.0448468262639],
            [-1.659773748595132, 48.04484545191253],
            [-1.659774885398209, 48.044924265959054],
            [-1.659733415942456, 48.045060635802784],
            [-1.65971112782144, 48.04509769307573],
            [-1.659638096166459, 48.04523805942155],
            [-1.659608898137971, 48.04529396728394],
            [-1.659458944765947, 48.04557926020882],
            [-1.659442509932413, 48.045623020887355],
            [-1.659445904321322, 48.045732457289375],
            [-1.659567905806564, 48.045892545812166],
            [-1.660049718860129, 48.04649141514603],
            [-1.660307621113279, 48.046781578110384],
            [-1.660454373720424, 48.04689601502132],
            [-1.660647087319248, 48.046990419021874],
            [-1.660885617435748, 48.04706039039552],
            [-1.660992281366888, 48.04707024318864],
            [-1.661243179517075, 48.047093418838095],
            [-1.661300475693803, 48.04709871125493],
            [-1.661697463840011, 48.04711630507126],
            [-1.661928002394631, 48.047126333080634],
            [-1.662517593452694, 48.047162684111015],
            [-1.663125978581484, 48.047204729714025],
            [-1.663747638536173, 48.04723848017095],
            [-1.663909540842069, 48.04724726923239],
            [-1.664033129677019, 48.04725397828904],
            [-1.664285856248819, 48.04730872287402],
            [-1.664570098965109, 48.04730583633157],
            [-1.664722708095675, 48.047307242393174],
            [-1.664728002175325, 48.04733360821249],
            [-1.664739153874585, 48.04735913958289],
            [-1.664755907735918, 48.047383254872265],
            [-1.664777831033851, 48.04740541839466],
            [-1.664804097796468, 48.04742495198316],
            [-1.664835006677202, 48.0474420800811],
            [-1.664863963908911, 48.04745396852778],
            [-1.664894958106285, 48.04746326562568],
            [-1.664927475695796, 48.04746982012946],
            [-1.664787589700703, 48.04784914560727],
            [-1.664766065035591, 48.04821079662574],
            [-1.66477950269533, 48.04835953036155],
            [-1.664850910593006, 48.04943548609993],
            [-1.664907981693519, 48.05027965896804],
            [-1.664951190887051, 48.05109435382055],
            [-1.664991455252813, 48.05185874307595],
            [-1.664980183397472, 48.052282982442335],
            [-1.6649386696679, 48.05265588044104],
            [-1.664916822680579, 48.052843118432676],
            [-1.664910098522937, 48.05290308692998],
            [-1.664775180906596, 48.05347407927966],
            [-1.664466338176277, 48.0545212419738],
            [-1.664240754904586, 48.05528607806079],
            [-1.663964068027561, 48.0562702132484],
            [-1.663841272670721, 48.056674677838],
            [-1.663629430776633, 48.057372429572226],
            [-1.663534891289017, 48.057761446629776],
            [-1.663495941832402, 48.05803456669562],
            [-1.663476026741171, 48.05832630863647],
            [-1.663480385478986, 48.0585666373298],
            [-1.663491554221953, 48.05888233198106],
            [-1.663507472018354, 48.05929902169972],
            [-1.663514715121815, 48.059466517107516],
            [-1.663519306712731, 48.05959105944778],
            [-1.663545682394722, 48.06024190474442],
            [-1.663561168288127, 48.06089255406221],
            [-1.663581830635518, 48.06137342463132],
            [-1.663612279428201, 48.06229516253386],
            [-1.66363806049684, 48.062770589959236],
            [-1.663646905597067, 48.06297234972469],
            [-1.6637031988324, 48.06329938499564],
            [-1.663804797663903, 48.063658327907255],
            [-1.663806846556767, 48.06366348200597],
            [-1.664011295946815, 48.06417746313517],
            [-1.664136895651624, 48.064453385065775],
            [-1.664525074138111, 48.06534640622335],
            [-1.664915072740205, 48.06624357498337],
            [-1.66500360751899, 48.066422108483316],
            [-1.66537655645785, 48.06727623937117],
            [-1.665472676092729, 48.067508334390595],
            [-1.66567323331763, 48.067958078603525],
            [-1.665792876880331, 48.06832717319506],
            [-1.665836642319314, 48.068495205621915],
            [-1.665887665338506, 48.06869110134108],
            [-1.665932215288564, 48.06918387977209],
            [-1.665943466822221, 48.06947327844203],
            [-1.665928897474613, 48.0696369437748],
            [-1.665888569524373, 48.06985856522508],
            [-1.665820018107285, 48.07011088354269],
            [-1.665709796760905, 48.07040757695895],
            [-1.665625111362133, 48.07059354953162],
            [-1.665581840411221, 48.07068857374359],
            [-1.665430138367892, 48.070959590128126],
            [-1.665256759875813, 48.07120740884664],
            [-1.664898366153338, 48.071672783048456],
            [-1.664211368617139, 48.07259273586238],
            [-1.663246414931523, 48.07388483490602],
            [-1.66229850485427, 48.075143410515615],
            [-1.661739378895979, 48.075902687759886],
            [-1.661605666613855, 48.07612602269888],
            [-1.661492995948531, 48.07632515618829],
            [-1.661383734328008, 48.07659700358405],
            [-1.661285355199516, 48.076875837766536],
            [-1.661219467821767, 48.07718930192524],
            [-1.661214965829306, 48.0772299124755],
            [-1.661187191024156, 48.077479650761205],
            [-1.661167986859798, 48.077717445162115],
            [-1.661137488354159, 48.07771860663042],
            [-1.661107598016499, 48.07772282417541],
            [-1.661078990249026, 48.07773000195976],
            [-1.661052314617009, 48.07773997757407],
            [-1.661028178595231, 48.07775252453883],
            [-1.661007087774813, 48.07776730066561],
            [-1.660989545792479, 48.077784031425566],
            [-1.660975950015645, 48.07780233757124],
            [-1.660966609762682, 48.07782180287847],
            [-1.660961729513093, 48.07784181804132],
            [-1.660961283403497, 48.077862096668696],
            [-1.660965343658372, 48.07788230694112],
            [-1.660973896463343, 48.07790187904212],
            [-1.660986745464929, 48.07792036589584],
            [-1.661003560333977, 48.07793735559567],
            [-1.661023930269256, 48.07795249806842],
            [-1.661047412434654, 48.07796546075944],
            [-1.661072905042561, 48.077975701763506],
            [-1.661100353148747, 48.07798334224902],
            [-1.661129170504355, 48.07798821857281],
            [-1.661158742556773, 48.07799022590873],
            [-1.661090191836713, 48.079584150699304],
            [-1.661064476389211, 48.081125035015546],
            [-1.66105735671024, 48.08126066785538],
            [-1.661051291997268, 48.0813761830003],
            [-1.660986239863512, 48.082615328429576],
            [-1.660984364399657, 48.08310914195892],
            [-1.660901858995451, 48.08320874032151],
            [-1.660888105392553, 48.08336627676031],
            [-1.660927347212406, 48.08343124525908],
            [-1.660927347213217, 48.08343124526805],
            [-1.660906193337771, 48.083444679428744],
            [-1.660893172881291, 48.08346215118768],
            [-1.660889854445241, 48.083481553307365],
            [-1.660896641116421, 48.08350054468597],
            [-1.660912711582129, 48.08351683657222],
            [-1.66091271159634, 48.083516836580664],
            [-1.660862985784193, 48.08355523935729],
            [-1.660820808054975, 48.08370990800602],
            [-1.660752593571068, 48.084225360366304],
            [-1.660705241318776, 48.08462079674344],
            [-1.660701259304892, 48.08477328547846],
            [-1.660712029424468, 48.08530740328627],
            [-1.66073947411294, 48.085408335242334],
            [-1.660924841422655, 48.085610309412544],
            [-1.660938012727627, 48.085653332829814],
            [-1.660939225350784, 48.0860797885593],
            [-1.660939823167691, 48.086290029266664],
            [-1.660933174531007, 48.086324419621796],
            [-1.660894191392464, 48.08633537260798],
            [-1.660859822333563, 48.08635186293561],
            [-1.660831792047471, 48.08637306376733],
            [-1.660811505386214, 48.08639791254345],
            [-1.660799979383608, 48.0864251623951],
            [-1.660797792734461, 48.08645344816771],
            [-1.660805055209304, 48.08648134983423],
            [-1.660821402485019, 48.086507469295235],
            [-1.660846014283361, 48.08653049722359],
            [-1.660877656548168, 48.086549278033765],
            [-1.66095541386574, 48.086570593028775],
            [-1.660997629096332, 48.08657205811148],
            [-1.661078256983904, 48.08655623896004],
            [-1.661112626109053, 48.08653974856786],
            [-1.661140656370334, 48.08651854766841],
            [-1.66116094292063, 48.08649369883488],
            [-1.66117246874811, 48.08646644894744],
            [-1.661173855830726, 48.08644850289822],
            [-1.662082809752176, 48.08646364735616],
            [-1.66380914426367, 48.086494193368644],
            [-1.66507794074052, 48.08651076263845],
            [-1.667887224141716, 48.08656414763836],
            [-1.668680053723049, 48.08657908721931],
            [-1.668835174288314, 48.08658079447621],
            [-1.669261886763677, 48.086585489806794],
            [-1.670404464695539, 48.08659990517087],
            [-1.671867173362368, 48.08661834290323],
            [-1.671921395527709, 48.08661902602272],
            [-1.673028219461885, 48.08664229851603],
            [-1.673680721481972, 48.086658262691515],
            [-1.674065793195391, 48.08671534634],
            [-1.674389625869454, 48.08672510529084],
            [-1.674378823760398, 48.08704507336346],
            [-1.67443887405529, 48.087066342036564],
            [-1.674515817577319, 48.08720077440966],
            [-1.674516684059501, 48.08720077744446],
            [-1.674515293370794, 48.087323902317905],
            [-1.674508566001475, 48.087781349014016],
            [-1.674507426573104, 48.0878223147155]
          ]
        ],
        "type": "MultiLineString"
      },
      "properties": {
        "geo_point_2d": {
          "lon": -1.6623658310735938,
          "lat": 48.04930525551502
        },
        "gml_id": "v_star_lignes_actives.53",
        "id": 53,
        "li_code": "0061",
        "li_num": "61",
        "li_nom": "Rennes (Henri Fréville) <> Noyal-Châtillon-sur-Seiche <> Saint-Erblon (Parc d'Activités)",
        "li_type": "Métropolitaine",
        "li_sstype": null,
        "li_d_creat": null,
        "li_d_acces": "2009-09-01T02:00:00+02:00",
        "li_datedeb": null,
        "li_datefin": null,
        "comm_desservies": "35238, 35206, 35266",
        "li_couleur_rvb": "228,0,58,255",
        "li_couleur_hex": "#E4003A",
        "volume": 400
      }
    },
    {
      "type": "Feature",
      "geometry": {
        "coordinates": [
          [
            [-1.674507426573104, 48.0878223147155],
            [-1.67450474413248, 48.08791875584442],
            [-1.674500381957487, 48.088075587058704],
            [-1.674498185064151, 48.08815457079087],
            [-1.674486083112285, 48.08858965975916],
            [-1.67448346233024, 48.08868388127213],
            [-1.674512798372899, 48.088718694241045],
            [-1.674537680723567, 48.088728403195354],
            [-1.674559938571732, 48.08873708807547],
            [-1.674616022521048, 48.088747732249224],
            [-1.674667070871366, 48.08874842563871],
            [-1.674714706592677, 48.0887418719388],
            [-1.674751981657144, 48.088727430526085],
            [-1.674789296041246, 48.08869821575522],
            [-1.674836132769372, 48.08863722367693],
            [-1.674904799219601, 48.08849779193961],
            [-1.674960959069328, 48.08841427910974],
            [-1.674963834963362, 48.08831896604671],
            [-1.674984038055067, 48.08776153822773],
            [-1.674994658453629, 48.08720875532011],
            [-1.6750058048218, 48.086735958802876],
            [-1.675023968101123, 48.086622059075296],
            [-1.674394489761315, 48.08661184305729],
            [-1.674073191477514, 48.08660784347844],
            [-1.673680721481972, 48.086658262691515],
            [-1.673028219461885, 48.08664229851603],
            [-1.671921395527709, 48.08661902602272],
            [-1.669262000587687, 48.086585788294315],
            [-1.669261943299176, 48.08658578757622],
            [-1.668835251325669, 48.08658080373636],
            [-1.668679678783691, 48.08657898622116],
            [-1.667887224141716, 48.08656414763836],
            [-1.667742271898137, 48.08656139478468],
            [-1.667644336411353, 48.0865595347447],
            [-1.667376320565264, 48.08655444401685],
            [-1.66507794074052, 48.08651076263845],
            [-1.66380914426367, 48.086494193368644],
            [-1.662082809752176, 48.08646364735616],
            [-1.661173855830726, 48.08644850289822],
            [-1.661174653933826, 48.08643816411992],
            [-1.661167392524237, 48.08641026152436],
            [-1.661151045104339, 48.086384142111996],
            [-1.661126433239752, 48.08636111424819],
            [-1.661094790999756, 48.08634233350573],
            [-1.661057704260271, 48.08632874115181],
            [-1.661065144573018, 48.08611655937796],
            [-1.661090623398078, 48.085389945383476],
            [-1.661099940127815, 48.08489771076228],
            [-1.661112518858195, 48.08423304971681],
            [-1.661082740009527, 48.083658331925406],
            [-1.661075686535705, 48.08358757691868],
            [-1.661019895809676, 48.08352506557226],
            [-1.661019895822264, 48.08352506556274],
            [-1.661041049688474, 48.08351163139089],
            [-1.661054070107408, 48.08349415961539],
            [-1.661057387223842, 48.08347475844314],
            [-1.661050601755705, 48.0834557661218],
            [-1.6610345312513, 48.08343947424616],
            [-1.661034531250489, 48.083439474237174],
            [-1.661065299424016, 48.083346749004185],
            [-1.661033847031774, 48.08320240040457],
            [-1.660984364399657, 48.08310914195892],
            [-1.660986239864322, 48.08261532843855],
            [-1.661051291997268, 48.0813761830003],
            [-1.66105735671024, 48.08126066785538],
            [-1.661064476389211, 48.081125035015546],
            [-1.661090191836713, 48.079584150699304],
            [-1.661132677422485, 48.07859629778528],
            [-1.661158742556773, 48.07799022590873],
            [-1.66119054133686, 48.07798915226291],
            [-1.661221707604069, 48.07798478292591],
            [-1.661250187895762, 48.07797760667817],
            [-1.661276755092427, 48.07796766515588],
            [-1.661300813525818, 48.077955181660165],
            [-1.661321827647843, 48.077940434722144],
            [-1.661339327065151, 48.07792375429426],
            [-1.661352920464954, 48.07790551217448],
            [-1.661361124189784, 48.07788915566937],
            [-1.661366202197017, 48.077872239347556],
            [-1.661368072333547, 48.07785502965442],
            [-1.66136537007495, 48.077831575417406],
            [-1.661356675668718, 48.07780878505873],
            [-1.661342245663745, 48.07778734019122],
            [-1.661325467880569, 48.077770330110965],
            [-1.661305093747422, 48.07775518605854],
            [-1.661281578645835, 48.07774224548148],
            [-1.661255448924136, 48.07773179789518],
            [-1.661227286349813, 48.0777240765029],
            [-1.661197722426591, 48.07771925482236],
            [-1.661167986859798, 48.077717445162115],
            [-1.661187191024156, 48.077479650761205],
            [-1.661219467821767, 48.07718930192524],
            [-1.661285355199516, 48.076875837766536],
            [-1.661383734328008, 48.07659700358405],
            [-1.661492995948531, 48.07632515618829],
            [-1.661605666613855, 48.07612602269888],
            [-1.661739378895979, 48.075902687759886],
            [-1.66229850485427, 48.075143410515615],
            [-1.663246414931523, 48.07388483490602],
            [-1.664211368617139, 48.07259273586238],
            [-1.664898366153338, 48.071672783048456],
            [-1.665256759875813, 48.07120740884664],
            [-1.665430138367892, 48.070959590128126],
            [-1.665581840411221, 48.07068857374359],
            [-1.665625111362133, 48.07059354953162],
            [-1.665709796760905, 48.07040757695895],
            [-1.665820018107285, 48.07011088354269],
            [-1.665888569524373, 48.06985856522508],
            [-1.665928897474613, 48.0696369437748],
            [-1.665943466822221, 48.06947327844203],
            [-1.665932215288564, 48.06918387977209],
            [-1.665887665338506, 48.06869110134108],
            [-1.665852259364511, 48.06855516524759],
            [-1.665836642319314, 48.068495205621915],
            [-1.665792876880331, 48.06832717319506],
            [-1.66567323331763, 48.067958078603525],
            [-1.665472676092729, 48.067508334390595],
            [-1.66537655645785, 48.06727623937117],
            [-1.66500360751899, 48.066422108483316],
            [-1.664915072740205, 48.06624357498337],
            [-1.664525074138111, 48.06534640622335],
            [-1.664136895651624, 48.064453385065775],
            [-1.664011295946815, 48.06417746313517],
            [-1.663805359219469, 48.063659742834304],
            [-1.663804797663903, 48.063658327907255],
            [-1.6637031988324, 48.06329938499564],
            [-1.663646905597067, 48.06297234972469],
            [-1.66363806049684, 48.062770589959236],
            [-1.663612279428201, 48.06229516253386],
            [-1.663581830635518, 48.06137342463132],
            [-1.663561168288127, 48.06089255406221],
            [-1.663545682394722, 48.06024190474442],
            [-1.663521699081212, 48.059650094008354],
            [-1.663519306712731, 48.05959105944778],
            [-1.663514715121815, 48.059466517107516],
            [-1.663507472018354, 48.05929902169972],
            [-1.663491554221953, 48.05888233198106],
            [-1.663480385478986, 48.0585666373298],
            [-1.663476026741171, 48.05832630863647],
            [-1.663495941832402, 48.05803456669562],
            [-1.663534891289017, 48.057761446629776],
            [-1.663629430776633, 48.057372429572226],
            [-1.663964068027561, 48.0562702132484],
            [-1.664050349054272, 48.055963053672926],
            [-1.664240754904586, 48.05528607806079],
            [-1.664466338176277, 48.0545212419738],
            [-1.664775180906596, 48.05347407927966],
            [-1.664910098522937, 48.05290308692998],
            [-1.664916822680579, 48.052843118432676],
            [-1.6649386696679, 48.05265588044104],
            [-1.664980183397472, 48.052282982442335],
            [-1.664991455252813, 48.05185874307595],
            [-1.664951190887051, 48.05109435382055],
            [-1.664907981693519, 48.05027965896804],
            [-1.664850910593006, 48.04943548609993],
            [-1.66477950269533, 48.04835953036155],
            [-1.664766065035591, 48.04821079662574],
            [-1.664787589700703, 48.04784914560727],
            [-1.664895260285465, 48.04755686532573],
            [-1.664927475695796, 48.04746982012946],
            [-1.664972394694744, 48.04747413448132],
            [-1.665017756414128, 48.04747327937464],
            [-1.665062243346734, 48.04746727859346],
            [-1.665099374056407, 48.047457915550694],
            [-1.665134009944836, 48.04744494591124],
            [-1.665165374954412, 48.04742865981246],
            [-1.665192769630153, 48.0474094217732],
            [-1.665215583616814, 48.04738766027391],
            [-1.665233304544559, 48.04736386198893],
            [-1.665245536976688, 48.047338558401215],
            [-1.665252009469118, 48.04731231470255],
            [-1.665252576192821, 48.047285718013235],
            [-1.665247224926282, 48.04725936173895],
            [-1.665236074661002, 48.04723383395409],
            [-1.665219375884928, 48.04720970567616],
            [-1.66519749983018, 48.047187515984504],
            [-1.665170934740072, 48.04716776045818],
            [-1.66514027686182, 48.047150880729184],
            [-1.665106209227161, 48.04713725272971],
            [-1.665069491793477, 48.047127181686655],
            [-1.665030947162914, 48.04712089279005],
            [-1.66498976609506, 48.04711854686389],
            [-1.664948536593464, 48.047120483907314],
            [-1.664908244774625, 48.04712665665361],
            [-1.664872869414474, 48.047135976272365],
            [-1.664837726724238, 48.047149730449526],
            [-1.664809910353271, 48.04716430092639],
            [-1.664782514326038, 48.047183538929715],
            [-1.664759701586067, 48.04720530028951],
            [-1.664741980494653, 48.047229098502235],
            [-1.664729747841948, 48.04725440203689],
            [-1.664723275091641, 48.04728064570644],
            [-1.664722708095675, 48.047307242393174],
            [-1.664570098965109, 48.04730583633157],
            [-1.664285856248819, 48.04730872287402],
            [-1.664033129677019, 48.04725397828904],
            [-1.663909540842069, 48.04724726923239],
            [-1.663747638536173, 48.04723848017095],
            [-1.663125978581484, 48.047204729714025],
            [-1.662517593452694, 48.047162684111015],
            [-1.661928002394631, 48.047126333080634],
            [-1.661697463840011, 48.04711630507126],
            [-1.661300475693803, 48.04709871125493],
            [-1.661218709343318, 48.04709115854345],
            [-1.660960955327738, 48.047067349539255],
            [-1.660885617435748, 48.04706039039552],
            [-1.660647087319248, 48.046990419021874],
            [-1.660454373720424, 48.04689601502132],
            [-1.660307614495898, 48.04678158117224],
            [-1.660049718860129, 48.04649141514603],
            [-1.659567905806564, 48.045892545812166],
            [-1.659445904321322, 48.045732457289375],
            [-1.659442509932413, 48.045623020887355],
            [-1.659458944765947, 48.04557926020882],
            [-1.659608898137971, 48.04529396728394],
            [-1.659638096166459, 48.04523805942155],
            [-1.65971112782144, 48.04509769307573],
            [-1.659733415942456, 48.045060635802784],
            [-1.659774885398209, 48.044924265959054],
            [-1.659773748595132, 48.04484545191253],
            [-1.659805667849386, 48.04483773471772],
            [-1.659833051894296, 48.04482429951549],
            [-1.659853682392745, 48.04480623561818],
            [-1.65986588676833, 48.04478500666496],
            [-1.659868677947115, 48.04476233141417],
            [-1.659861829307301, 48.04474004644079],
            [-1.659845896359159, 48.04471995928221],
            [-1.659822167994697, 48.044703695432275],
            [-1.659792567792554, 48.04469257259288],
            [-1.659759493776908, 48.044687492741666],
            [-1.659725624865865, 48.04468886708889],
            [-1.659704056153295, 48.04455803778286],
            [-1.659787293110546, 48.044458150641304],
            [-1.659988729042436, 48.044400484008186],
            [-1.660264470430674, 48.044389293867184],
            [-1.660568288121388, 48.04436211565886],
            [-1.660797483060988, 48.04431254534511],
            [-1.660797443034122, 48.04431255401611],
            [-1.66087388052107, 48.04429602197136],
            [-1.661646398330634, 48.04389197384739],
            [-1.662682161980704, 48.04334651300158],
            [-1.662840249810103, 48.04327451072351],
            [-1.662902609289266, 48.0432439018318],
            [-1.663039493524717, 48.04318022564229],
            [-1.663483387121666, 48.04296484877862],
            [-1.663893161857702, 48.04285367230196],
            [-1.664051279577308, 48.042806148335224],
            [-1.665395538063377, 48.04246356621794],
            [-1.665539900141011, 48.04243083376371],
            [-1.665720837412696, 48.04238980797127],
            [-1.666242341101541, 48.04227156009279],
            [-1.666352848200316, 48.042233078858374],
            [-1.666361290147425, 48.04224129604213],
            [-1.666371376492311, 48.042248632725794],
            [-1.666382904512609, 48.04225494216168],
            [-1.666396855775557, 48.04226048451923],
            [-1.666411915158364, 48.042264520292946],
            [-1.666427720337984, 48.042266950670765],
            [-1.666442765103987, 48.042267717019456],
            [-1.666457817670161, 48.04226702330145],
            [-1.666472563583938, 48.04226488409792],
            [-1.666487214575032, 48.04226118898247],
            [-1.666500879743754, 48.042256071477205],
            [-1.666513254901471, 48.04224964486536],
            [-1.666524064136466, 48.04224205281883],
            [-1.666533064844601, 48.04223346558947],
            [-1.666540056695061, 48.04222407513918],
            [-1.666544183322402, 48.042215835496954],
            [-1.666546888945852, 48.04220692657727],
            [-1.666547849060849, 48.04219805788586],
            [-1.666852206885842, 48.04215523735669],
            [-1.667627030848002, 48.04200760335969],
            [-1.667903425898194, 48.04195511852208],
            [-1.668270619972893, 48.04187990494612],
            [-1.668838514469908, 48.041764283752585],
            [-1.669790229798541, 48.04157874807508],
            [-1.670018941826596, 48.04154262485315],
            [-1.670377582676273, 48.04142182402465],
            [-1.670919775749703, 48.041216715713055],
            [-1.671721074362634, 48.04090476246584],
            [-1.671923652214907, 48.040824258430305],
            [-1.672128386509669, 48.04074282460927],
            [-1.672466688206135, 48.04060828631191],
            [-1.672281851097893, 48.04033048866885],
            [-1.672164116213128, 48.04010783066865],
            [-1.671813517371551, 48.03932709759774],
            [-1.67173143647807, 48.03914483037937],
            [-1.671515777255392, 48.038635407284254],
            [-1.671392320216348, 48.03845683093843],
            [-1.671413431324291, 48.03844688370608],
            [-1.671431864138526, 48.03843477741109],
            [-1.671447134246797, 48.038420830922895],
            [-1.671458840930635, 48.03840541196868],
            [-1.671465775734178, 48.038391291888516],
            [-1.671469700242827, 48.0383766599216],
            [-1.671470535705606, 48.03836180401467],
            [-1.671467725935939, 48.038345046453],
            [-1.671460998671808, 48.03832879879899],
            [-1.67145052380303, 48.038313468638215],
            [-1.67143747610712, 48.03830023454731],
            [-1.67142163472653, 48.038288452225885],
            [-1.671403350053614, 48.03827838585166],
            [-1.671383033243796, 48.03827025838366],
            [-1.671361137555453, 48.03826425322254],
            [-1.671338152020817, 48.03826050365526],
            [-1.67131458939823, 48.038259093345346],
            [-1.671290976558092, 48.03826005402083],
            [-1.671267840934074, 48.038263364223376],
            [-1.671245698475439, 48.038268949798386],
            [-1.671225045777732, 48.038276686017326],
            [-1.671206342923958, 48.038286400979],
            [-1.671190008130052, 48.038297875827276],
            [-1.671176405332755, 48.038310856068954],
            [-1.671165838439192, 48.03832505424952],
            [-1.671158545679314, 48.03834014247856],
            [-1.671154687901957, 48.03835579534675],
            [-1.67115435196327, 48.03837165906109],
            [-1.670861232592653, 48.03838836392339],
            [-1.670709213750113, 48.038406998083076],
            [-1.670633018431823, 48.03841633786711],
            [-1.670474429167772, 48.038435777074326],
            [-1.670356094481765, 48.038450281662406],
            [-1.670043289784525, 48.038486096909445],
            [-1.668753948153595, 48.0386625309573],
            [-1.668423084287073, 48.038680580437955],
            [-1.668012118008366, 48.03872257078379],
            [-1.667876331208922, 48.03878020965745],
            [-1.66776133980856, 48.03891057437191],
            [-1.667642439363845, 48.03921114701285],
            [-1.667513634097439, 48.03937164550939],
            [-1.667339033471058, 48.03947351496315],
            [-1.667330901172445, 48.03945996439501],
            [-1.667328925699896, 48.03945725495208],
            [-1.667321785080272, 48.039449622013535],
            [-1.667310508234875, 48.03943930454081],
            [-1.667294988341668, 48.03942860687251],
            [-1.667278388015829, 48.039420342937355],
            [-1.667260135096685, 48.03941383389773],
            [-1.667240636429309, 48.03940922540969],
            [-1.667220331270721, 48.03940662036237],
            [-1.667198907613439, 48.03940525741003],
            [-1.667177410098688, 48.03940591677583],
            [-1.667156259321172, 48.0394085840668],
            [-1.667049078617123, 48.039164661599415],
            [-1.666766676064713, 48.03872735274101],
            [-1.666736149152403, 48.03867776024968],
            [-1.666583605633195, 48.03842994406577],
            [-1.666572379924938, 48.03841170711046],
            [-1.666427575982389, 48.03817645890746],
            [-1.666355351533246, 48.03805896495365],
            [-1.666162645001126, 48.03774546544006],
            [-1.66605197568183, 48.03756205550199],
            [-1.665781036759504, 48.03711303253456],
            [-1.66522165880875, 48.0361859543134],
            [-1.66498700394686, 48.03584639733352],
            [-1.664500137027144, 48.035315795873615],
            [-1.664085161763342, 48.03490314498348],
            [-1.663834588924333, 48.03465397173949],
            [-1.663852446944509, 48.03464522671077],
            [-1.663868029874548, 48.034634705262306],
            [-1.663880947563268, 48.03462266923829],
            [-1.663890879261799, 48.03460942001438],
            [-1.663897082078289, 48.034596758388595],
            [-1.663900563094164, 48.03458363694678],
            [-1.663901254637347, 48.03457031794882],
            [-1.663899143065763, 48.03455706686609],
            [-1.663894268199593, 48.03454414609687],
            [-1.663889467917228, 48.03453575562285],
            [-1.663883500212569, 48.034527708126156],
            [-1.663871907724351, 48.03451594600358],
            [-1.663857830763261, 48.03450547422877],
            [-1.663841584693688, 48.03449652688547],
            [-1.663823531488034, 48.0344893037253],
            [-1.663804073885967, 48.03448396499862],
            [-1.663783648620593, 48.034480630828774],
            [-1.663760821376277, 48.03447939642355],
            [-1.663737995688089, 48.0344806489266],
            [-1.663715771846636, 48.03448435584352],
            [-1.663694730757747, 48.034490418788074],
            [-1.66367542388275, 48.03449868109932],
            [-1.663542817764187, 48.03437709402867],
            [-1.663365588395706, 48.03421459055385],
            [-1.662608827243954, 48.033520468598276],
            [-1.661846984630278, 48.032842241427346],
            [-1.661642911898964, 48.032637027566174],
            [-1.661413444864769, 48.03236310833465],
            [-1.661281094733995, 48.03215442176919],
            [-1.661185921444159, 48.03200435362838],
            [-1.660964347173305, 48.03158742231416],
            [-1.660808256451737, 48.03122254825561],
            [-1.660468608917699, 48.030427450412745],
            [-1.660301959561039, 48.0300374734117],
            [-1.660122893913891, 48.029618543166094],
            [-1.659888264834625, 48.02906324904455],
            [-1.659716524537854, 48.02865678522543],
            [-1.659592102383458, 48.028362306774376],
            [-1.659471897002078, 48.028093605584814],
            [-1.659164394241464, 48.027379756936234],
            [-1.658959512234911, 48.02698789362221],
            [-1.65876306746032, 48.02670726606423],
            [-1.6585909522342, 48.02648358555988],
            [-1.658345344160059, 48.0262607409109],
            [-1.657854262618737, 48.02590516587379],
            [-1.657346193172147, 48.025538476853335],
            [-1.65695628594264, 48.025187377145365],
            [-1.656596180740968, 48.024829702342075],
            [-1.656424214911706, 48.0246607290485],
            [-1.656050063262308, 48.024306841237504],
            [-1.65561591458763, 48.02387277533099],
            [-1.655347296526629, 48.02366051436325],
            [-1.655010178866083, 48.023380222608374],
            [-1.654665982387196, 48.023076807915295],
            [-1.654387999686114, 48.022831364417925],
            [-1.654225188655485, 48.02261376463098],
            [-1.653942243202993, 48.022134346754285],
            [-1.653980587871676, 48.022122420683914],
            [-1.65401545970015, 48.02210640126694],
            [-1.654045897826316, 48.02208673024578],
            [-1.654071062013353, 48.022063950799335],
            [-1.654090257959256, 48.022038690296846],
            [-1.654102061203237, 48.02201405663308],
            [-1.654108217908898, 48.02198851476431],
            [-1.654108590669876, 48.021962641543766],
            [-1.654103169252693, 48.02193702398567],
            [-1.654092592146062, 48.02191326263831],
            [-1.654076933989632, 48.02189079941285],
            [-1.65405596192314, 48.021869509489264],
            [-1.654030493903943, 48.02185055542392],
            [-1.654001099762167, 48.02183435833853],
            [-1.653968436731471, 48.02182128084555],
            [-1.653933232338516, 48.02181161602818],
            [-1.65389627296935, 48.021805579794645],
            [-1.653859195504955, 48.021803316626496],
            [-1.653822022636763, 48.02180470576052],
            [-1.653785549448014, 48.021809716762185],
            [-1.653750554618177, 48.02181824146967],
            [-1.653709820025324, 48.02174533910643],
            [-1.653614147057025, 48.02157190029842],
            [-1.653583743338779, 48.021516783274585],
            [-1.65350721640415, 48.021378051766526],
            [-1.653315567236312, 48.02104357956587],
            [-1.653225699069542, 48.020888019501704],
            [-1.653156824105547, 48.020778203702534],
            [-1.653083055179594, 48.020690562538675],
            [-1.652541539599606, 48.02018199117204],
            [-1.652505626420172, 48.020149969416146],
            [-1.652338713945429, 48.02000114226932],
            [-1.652164378052496, 48.01976554860041],
            [-1.652164171087929, 48.019765269772236],
            [-1.652181120170574, 48.01975814643011],
            [-1.652194690299675, 48.01974901278616],
            [-1.652206570482696, 48.01973887626275],
            [-1.652215168004286, 48.01972779871386],
            [-1.652220577981085, 48.019716851264505],
            [-1.652224395402318, 48.01970596746406],
            [-1.652222373845903, 48.01968351898524],
            [-1.652216534872471, 48.01967195430667],
            [-1.652209296012979, 48.01966259272351],
            [-1.652209232183806, 48.01966252554962],
            [-1.652200461928, 48.01965329489722],
            [-1.652190035375631, 48.01964406161677],
            [-1.65217661504826, 48.0196370951335],
            [-1.652161697206264, 48.019631262523525],
            [-1.65214697328551, 48.01962756840642],
            [-1.652130750429064, 48.01962500731835],
            [-1.652113031393357, 48.01962358004801],
            [-1.652097098663585, 48.01962422582682],
            [-1.65208135709131, 48.01962700930902],
            [-1.65206571314371, 48.01963086200941],
            [-1.652050164062573, 48.01963578313872],
            [-1.652036401362492, 48.01964277821655],
            [-1.6520219942075, 48.01965433992569],
            [-1.65188056341077, 48.01958150493991],
            [-1.651589986581529, 48.01930253621003],
            [-1.651279810219474, 48.019018997046786],
            [-1.650836539270425, 48.01869579050708],
            [-1.650404809755383, 48.0183764057334],
            [-1.64991042475524, 48.01803595619816],
            [-1.649442077642504, 48.01771266818454],
            [-1.649026517155686, 48.017425977545464],
            [-1.6490482384237, 48.01741050485283],
            [-1.64906634138447, 48.017393060304514],
            [-1.649080431726945, 48.01737402300605],
            [-1.649090416359173, 48.017353373302086],
            [-1.649095701228012, 48.01733195703372],
            [-1.649096170690815, 48.01731025014611],
            [-1.649091812178472, 48.01728873972694],
            [-1.649082725203336, 48.01726790471883],
            [-1.649069110168615, 48.017248210966336],
            [-1.649353561132889, 48.01705615843316],
            [-1.649708145090399, 48.01681894667772],
            [-1.649855313569894, 48.01672891171535],
            [-1.650008049260528, 48.01664854113476],
            [-1.650221898226705, 48.016557113281394],
            [-1.650472164029848, 48.016465183458585],
            [-1.650662953714549, 48.01640771606583],
            [-1.65093344636638, 48.01633928188211],
            [-1.651134124481247, 48.016300202106954],
            [-1.651317647358798, 48.01627176506652],
            [-1.651330436584818, 48.01627057543524],
            [-1.651528947763349, 48.01625211008462],
            [-1.651742100638273, 48.01623228237218],
            [-1.652108010534906, 48.016229252408685],
            [-1.652316515303657, 48.01624564682441],
            [-1.652506780855506, 48.01629209215055],
            [-1.652697884125509, 48.016366133729676],
            [-1.653210885785322, 48.016595124285296],
            [-1.653601519142917, 48.016753477038606],
            [-1.653829665792404, 48.016866931738015],
            [-1.654021698646328, 48.01700701926366],
            [-1.654200417174854, 48.01716999937952],
            [-1.654359001678163, 48.01739397761651],
            [-1.654427430065589, 48.017510366100744],
            [-1.654459801140767, 48.01764647885831],
            [-1.654464849776838, 48.017667707101126],
            [-1.654744027539682, 48.01882920568951],
            [-1.654822660680551, 48.019174254029735],
            [-1.654795768435823, 48.01918208379546],
            [-1.654774489345562, 48.01919561227829],
            [-1.654761390708898, 48.019213207141945],
            [-1.654758050259108, 48.01923274725147],
            [-1.654764874675802, 48.01925187422283],
            [-1.65478103706237, 48.01926828240047],
            [-1.654804590257087, 48.01927999269476],
            [-1.654832692563102, 48.01928559212584],
            [-1.654861954949315, 48.019284405366236],
            [-1.654888847237224, 48.01927657558517],
            [-1.654910126330882, 48.01926304708135],
            [-1.654923224929573, 48.019245452200906],
            [-1.655110604772426, 48.01927061565087],
            [-1.655462838831043, 48.019235259332255],
            [-1.655917495957259, 48.019193639521845],
            [-1.656360546511617, 48.01913732274912],
            [-1.656643123712354, 48.01909685195628],
            [-1.657241732368958, 48.018941006728134],
            [-1.657588192313495, 48.01884656244638],
            [-1.657792536638388, 48.01879085794106],
            [-1.657970531788069, 48.018742335853524],
            [-1.659049460321494, 48.018460717240885],
            [-1.659791971333781, 48.018277198750546],
            [-1.660002278358082, 48.01821792676226],
            [-1.660002316603256, 48.01821791598241],
            [-1.660017773298207, 48.018232977267886],
            [-1.66003629391435, 48.018246464135316],
            [-1.660057463329106, 48.018258062922555],
            [-1.66008212618334, 48.01826793576886],
            [-1.660108706802661, 48.018275231152764],
            [-1.660136611832145, 48.01827978844367],
            [-1.660165216806405, 48.01828150414139],
            [-1.660193883017898, 48.01828034020231],
            [-1.660221972156291, 48.01827632254386],
            [-1.660248852999833, 48.01826954077281],
            [-1.660273928260153, 48.01826014799639],
            [-1.660296636449125, 48.01824835173554],
            [-1.660316470937422, 48.018234416755206],
            [-1.660332988349976, 48.01821865391043],
            [-1.660345818947322, 48.018201416120284],
            [-1.660354676358888, 48.01818308715955],
            [-1.660359363949557, 48.018164077795724],
            [-1.660359776280744, 48.0181448122134],
            [-1.660355903733662, 48.01812571971674],
            [-1.660347833280041, 48.01810722839071],
            [-1.660335745766652, 48.01808974989286],
            [-1.66031991023827, 48.018073676079716],
            [-1.660300679965207, 48.01805936475096],
            [-1.660278485428335, 48.01804713632999],
            [-1.660253822722884, 48.01803726442322],
            [-1.660227242124397, 48.01802996817477],
            [-1.660199338559861, 48.018025410851365],
            [-1.660170500238329, 48.01802369743378],
            [-1.660141605987157, 48.01802490757616],
            [-1.660113308742764, 48.0180290138661],
            [-1.660086251515706, 48.01803592351621],
            [-1.6600514691746, 48.01797276538069],
            [-1.660028867396889, 48.01788627846369],
            [-1.660028694145449, 48.01748889188489],
            [-1.66002870733782, 48.01747050036591],
            [-1.660121233828543, 48.01745720380413],
            [-1.660187040396899, 48.0174370436883],
            [-1.660264706555777, 48.01740368325504],
            [-1.660749168331883, 48.01711563535341],
            [-1.660987796139331, 48.01697375177832],
            [-1.66109720478714, 48.016894598218926],
            [-1.661103466396065, 48.01684917011347],
            [-1.661071644712885, 48.0168122386812],
            [-1.661020271673109, 48.016788263123644],
            [-1.660929952080967, 48.01679193111973],
            [-1.660885845616395, 48.01681978422621],
            [-1.660858626841047, 48.01686258882855],
            [-1.660883019636264, 48.01690329656603],
            [-1.660986162408585, 48.01697265320202],
            [-1.660400969561287, 48.01732266548164]
          ]
        ],
        "type": "MultiLineString"
      },
      "properties": {
        "geo_point_2d": {
          "lon": -1.6626861742187145,
          "lat": 48.04943986208
        },
        "gml_id": "v_star_lignes_actives.54",
        "id": 54,
        "li_code": "0061",
        "li_num": "61",
        "li_nom": "Rennes (Henri Fréville) <> Noyal-Châtillon-sur-Seiche <> Saint-Erblon (Parc d'Activités)",
        "li_type": "Métropolitaine",
        "li_sstype": null,
        "li_d_creat": null,
        "li_d_acces": "2009-09-01T02:00:00+02:00",
        "li_datedeb": null,
        "li_datefin": null,
        "comm_desservies": "35238, 35206, 35266",
        "li_couleur_rvb": "228,0,58,255",
        "li_couleur_hex": "#E4003A",
        "volume": 500
      }
    },
    {
      "type": "Feature",
      "geometry": {
        "coordinates": [
          [
            [-1.590470602305537, 48.11361105368666],
            [-1.590303985002087, 48.11352495463539],
            [-1.589988197485122, 48.113360463794145],
            [-1.589907792504277, 48.11331858126211],
            [-1.589868307018235, 48.11329809668801],
            [-1.589055212537111, 48.11287740029051],
            [-1.588915691769209, 48.112813052406835],
            [-1.588926299833732, 48.11279928418428],
            [-1.588934260672749, 48.11278473681015],
            [-1.588939926977569, 48.11276774916047],
            [-1.588942006275418, 48.112750398289315],
            [-1.58894046007529, 48.11273302271153],
            [-1.588935318421162, 48.11271596000858],
            [-1.588926679492175, 48.11269954233951],
            [-1.588912353558225, 48.112681584737494],
            [-1.588893865793428, 48.11266542224928],
            [-1.588871707638426, 48.112651482163066],
            [-1.588855947440608, 48.11264394162574],
            [-1.588839098128605, 48.112637542882524],
            [-1.58881510049314, 48.11263085725747],
            [-1.588789945978224, 48.1126264721256],
            [-1.588764125314492, 48.11262447422238],
            [-1.58873813982533, 48.11262490300843],
            [-1.588712497245384, 48.11262774903431],
            [-1.588687695872343, 48.11263295727597],
            [-1.588664217783935, 48.11264042650452],
            [-1.588642519533314, 48.11265001055835],
            [-1.588623025925181, 48.112661523997595],
            [-1.588606113927665, 48.11267474274594],
            [-1.588591329289506, 48.11269038321508],
            [-1.588580854509997, 48.112706012981825],
            [-1.588573682602042, 48.11272245701154],
            [-1.588569950130439, 48.11273940531351],
            [-1.588569726608564, 48.112756535255244],
            [-1.588572245462269, 48.11277094733657],
            [-1.588577271343133, 48.1127850620558],
            [-1.588584731789206, 48.11279868498267],
            [-1.588600207671046, 48.11281780318854],
            [-1.588620360916987, 48.112834856136224],
            [-1.588636098828777, 48.11284476185027],
            [-1.58865342440991, 48.112853397752396],
            [-1.588678745894736, 48.11286275794834],
            [-1.588705933341409, 48.11286936406896],
            [-1.588734325415283, 48.112873056895225],
            [-1.588760291357473, 48.112873843458864],
            [-1.588786169037514, 48.1128722017082],
            [-1.588811452788304, 48.11286816443649],
            [-1.588835651823072, 48.11286181069623],
            [-1.588858294018067, 48.11285326294511],
            [-1.588880355201861, 48.112841829909364],
            [-1.58889962997443, 48.11282832581524],
            [-1.588915691769209, 48.112813052406835],
            [-1.589055212537111, 48.11287740029051],
            [-1.589840880241071, 48.113283906188485],
            [-1.589907792504277, 48.11331858126211],
            [-1.590303985002087, 48.11352495463539],
            [-1.591279519593892, 48.11402905198293],
            [-1.59196486420792, 48.11434375515388],
            [-1.592087966739005, 48.11438636168746],
            [-1.592075899335202, 48.11439609609831],
            [-1.592047668789916, 48.11442854357074],
            [-1.592036641351818, 48.114443716403976],
            [-1.592028935973078, 48.11445978102921],
            [-1.592024704251645, 48.11447641513768],
            [-1.592024034673253, 48.11449328272237],
            [-1.592031407687912, 48.11453395378494],
            [-1.592040573510198, 48.11455725559484],
            [-1.592054260481041, 48.114579547928884],
            [-1.592072211724929, 48.114600439182425],
            [-1.592101081164392, 48.11462470844322],
            [-1.59212910045558, 48.11464195399776],
            [-1.592160431188702, 48.11465642103032],
            [-1.592194464217606, 48.114667826618174],
            [-1.592230535417674, 48.11467595040242],
            [-1.592267944296706, 48.11468063204304],
            [-1.592305961738586, 48.114681782622945],
            [-1.59235638236244, 48.114677376859696],
            [-1.592380868151138, 48.11467346711429],
            [-1.592416298195963, 48.114664162906195],
            [-1.592449449550432, 48.11465164747317],
            [-1.592479676555502, 48.11463616464779],
            [-1.592506392381192, 48.11461801447971],
            [-1.592529075570515, 48.11459755117195],
            [-1.592547285328732, 48.114575173460004],
            [-1.59256066750713, 48.114551316263444],
            [-1.592568611033052, 48.11452800153702],
            [-1.592571915423358, 48.11450419001771],
            [-1.592717641676624, 48.11451526161486],
            [-1.593509836539416, 48.11446782624498],
            [-1.593701065810169, 48.1144586582692],
            [-1.594094001403588, 48.11445080346013],
            [-1.594381464402175, 48.11444505619593],
            [-1.59517412494107, 48.11444093706954],
            [-1.595323706177065, 48.114449352495534],
            [-1.595484942154691, 48.1144687133405],
            [-1.595555675921966, 48.11448837865443],
            [-1.59554857383127, 48.11449540838674],
            [-1.59553613755288, 48.114519476865716],
            [-1.595533428475412, 48.11454488025581],
            [-1.595540629992975, 48.11456988668437],
            [-1.595557252692442, 48.114592793866976],
            [-1.595582160359281, 48.11461203979453],
            [-1.595613659079242, 48.114626311800656],
            [-1.595649601070947, 48.11463463972336],
            [-1.595687535167617, 48.11463645386501],
            [-1.595724879133104, 48.11463163126687],
            [-1.595759086877534, 48.11462049983908],
            [-1.595787827159628, 48.114603820406224],
            [-1.595809139756504, 48.114582727304985],
            [-1.595821575922861, 48.11455865879684],
            [-1.595824283598557, 48.11453325635144],
            [-1.595817083209424, 48.11450824898902],
            [-1.595902043787004, 48.11449440615392],
            [-1.596310395803617, 48.11443109247255],
            [-1.598927306763349, 48.11438918583033],
            [-1.600468765602947, 48.11436687927186],
            [-1.600744720556641, 48.11436288373074],
            [-1.600850894638802, 48.11437303587447],
            [-1.600853879007882, 48.11439007729454],
            [-1.600859825654779, 48.11440676592912],
            [-1.60086865232219, 48.114422873506875],
            [-1.600886956545784, 48.114445478470536],
            [-1.600910791990247, 48.11446563840938],
            [-1.600933422807294, 48.114479565531965],
            [-1.600958728668485, 48.11449124750009],
            [-1.600986215688674, 48.114500457193316],
            [-1.601015349822834, 48.11450701505023],
            [-1.601045562709909, 48.11451079424108],
            [-1.60100954313978, 48.11457577084878],
            [-1.600828651954861, 48.11511237729769],
            [-1.600776180632861, 48.115280075886524],
            [-1.600580849438357, 48.11591001840369],
            [-1.600518172304238, 48.11618904706528],
            [-1.600481369768683, 48.116352884650404],
            [-1.600439355232015, 48.11663584109287],
            [-1.600442767748116, 48.116901645774824],
            [-1.60047022006356, 48.11725814851757],
            [-1.600515621866617, 48.117533967748855],
            [-1.600592430698373, 48.117810303741805],
            [-1.600732517253505, 48.118159404599],
            [-1.600908150018807, 48.11849889838451],
            [-1.600855597766775, 48.118512614068685],
            [-1.60083681691533, 48.11853542957978],
            [-1.600820487129163, 48.11856627602289],
            [-1.60073216270936, 48.118589339103764],
            [-1.600647321905403, 48.11860068285763],
            [-1.600494817178099, 48.11861605785026],
            [-1.600272410551693, 48.118645530283494],
            [-1.600273523326139, 48.11864558220698],
            [-1.599838198482277, 48.11870818916826],
            [-1.599505839061681, 48.11878285626554],
            [-1.599447410846182, 48.11879598248563],
            [-1.599093028858429, 48.11888312405931],
            [-1.599018095693756, 48.11890154971015],
            [-1.599008795073571, 48.11888954436385],
            [-1.59899708876179, 48.11887852272329],
            [-1.598983207130427, 48.11886869902759],
            [-1.598967417593277, 48.118860265311106],
            [-1.598950029328654, 48.11885338400653],
            [-1.598931380111298, 48.118848191174585],
            [-1.598911832669829, 48.11884478583751],
            [-1.598891768463209, 48.11884323563418],
            [-1.598871576313587, 48.11884357006648],
            [-1.59885165130591, 48.11884578324645],
            [-1.598832379798675, 48.11884983179264],
            [-1.598814136822554, 48.11885563583508],
            [-1.598797277175134, 48.11886308477755],
            [-1.598782130838035, 48.1188720311736],
            [-1.598768991950408, 48.118882302880685],
            [-1.598758114386081, 48.11889369873187],
            [-1.598749712554276, 48.11890599751386],
            [-1.598743948071206, 48.118918959401114],
            [-1.598740934342981, 48.118932332079304],
            [-1.598740728920745, 48.11894585555641],
            [-1.598742085107771, 48.118954528581085],
            [-1.598748275717518, 48.11897144992065],
            [-1.598753028486418, 48.11897956724896],
            [-1.59876483676461, 48.11899390508507],
            [-1.598780087252173, 48.119006705091515],
            [-1.59879495844579, 48.1190158558252],
            [-1.598811587429179, 48.11902353248065],
            [-1.598829651234013, 48.11902958398693],
            [-1.598848796333083, 48.119033893832864],
            [-1.598868650547874, 48.119036377788944],
            [-1.598888758788806, 48.11903700269528],
            [-1.598908799590433, 48.11903573996002],
            [-1.598928380884456, 48.11903261427185],
            [-1.5990133998674, 48.11927069162234],
            [-1.599196388384644, 48.11977709803999],
            [-1.599327753515763, 48.12015448126305],
            [-1.599354676134812, 48.12023160273503],
            [-1.599419866712961, 48.12041834410072],
            [-1.599495815409353, 48.12064692140968],
            [-1.59956601466281, 48.12078708650044],
            [-1.599654835611869, 48.12091580090723],
            [-1.599753157388511, 48.121044363231974],
            [-1.599857553179127, 48.12118459040604],
            [-1.599941451318376, 48.12135852088782],
            [-1.60008174671005, 48.121829920105824],
            [-1.600067706405279, 48.121832869376014],
            [-1.600054416739478, 48.12183709780009],
            [-1.600042134203032, 48.12184252393905],
            [-1.600031099634653, 48.12184904175151],
            [-1.600021527814517, 48.12185652461396],
            [-1.600013603521626, 48.1218648263795],
            [-1.600007483275234, 48.12187378581316],
            [-1.60000328334665, 48.121883227972425],
            [-1.60000108836537, 48.12189297017013],
            [-1.600000939170645, 48.12190282155927],
            [-1.600002724899364, 48.12191223334905],
            [-1.600006398009823, 48.1219213966547],
            [-1.600011869693486, 48.12193014563675],
            [-1.600019020641755, 48.12193833459693],
            [-1.600029613105829, 48.121947148168616],
            [-1.600040447347195, 48.12195381485476],
            [-1.600052562353921, 48.12195940675709],
            [-1.600065722358111, 48.12196381527184],
            [-1.600079669377473, 48.121966954308284],
            [-1.600094134263133, 48.121968763450866],
            [-1.60010830403503, 48.12196922566048],
            [-1.600122436952507, 48.12196839998581],
            [-1.600136274698048, 48.12196630216504],
            [-1.600322104242452, 48.12245976409146],
            [-1.600427726335742, 48.12274488228822],
            [-1.600553149629932, 48.12311516008247],
            [-1.600614768712338, 48.12329707149754],
            [-1.600647246537844, 48.12337229400411],
            [-1.600688185838245, 48.123400441337864],
            [-1.600802903828477, 48.123414168306596],
            [-1.601109268919828, 48.12344935301379],
            [-1.601331259207567, 48.123462407627834],
            [-1.6013861455797, 48.12346870904519],
            [-1.601478098356759, 48.12346975876778],
            [-1.601476365487478, 48.12348163053879],
            [-1.601482472967923, 48.12350019765542],
            [-1.601496851283792, 48.1235165921884],
            [-1.601518092262137, 48.12352920989649],
            [-1.601544116852445, 48.123536815765725],
            [-1.601572378342532, 48.1235386647264],
            [-1.601600111185925, 48.123534575493665],
            [-1.601624597738988, 48.1235249487288],
            [-1.601643443278856, 48.123510727202934],
            [-1.601654803220783, 48.123493302910376],
            [-1.60165559711436, 48.123487858727714],
            [-1.601783086496893, 48.12349920053989],
            [-1.602627299961296, 48.12355023724636],
            [-1.60325981821344, 48.123575028133075],
            [-1.60371442885414, 48.123576377910936],
            [-1.604104769307411, 48.12356726815263],
            [-1.604378157733286, 48.123558035774124],
            [-1.604847948750518, 48.1235421693274],
            [-1.605551259447395, 48.12349077464922],
            [-1.605868267507856, 48.12348484943445],
            [-1.606018083524562, 48.123495174457574],
            [-1.606070946245981, 48.12350079719265],
            [-1.606068327563485, 48.12351578694554],
            [-1.606068367822496, 48.123530879249785],
            [-1.606070977290905, 48.123545777658855],
            [-1.606076179468556, 48.123560368603805],
            [-1.606083898569214, 48.12357445148854],
            [-1.606099907487794, 48.12359421309608],
            [-1.606120752029192, 48.1236118393406],
            [-1.606142183689681, 48.123624905423775],
            [-1.606166311684242, 48.123635660519945],
            [-1.606192585113032, 48.1236438581859],
            [-1.606220401968375, 48.12364931259201],
            [-1.606238607022535, 48.12365131268555],
            [-1.606265457148969, 48.12365212228641],
            [-1.606292213473621, 48.123650420885674],
            [-1.60631835698558, 48.1236462436861],
            [-1.606343376788081, 48.12363967151808],
            [-1.60636678627051, 48.12363083109283],
            [-1.60638813123463, 48.12361989557805],
            [-1.606406995957828, 48.123607077146694],
            [-1.60642301123895, 48.12359262665464],
            [-1.606435868266402, 48.12357682317391],
            [-1.606445313494885, 48.12355997690079],
            [-1.606451886767414, 48.12353876126594],
            [-1.606453085166713, 48.123517109463116],
            [-1.606448873942136, 48.12349562657834],
            [-1.606503812193792, 48.12348804349414],
            [-1.606644788789914, 48.12346879429134],
            [-1.606810500662494, 48.12346215688557],
            [-1.607047986535284, 48.12346703897664],
            [-1.60759066772807, 48.12349593265755],
            [-1.607863673381343, 48.12351031229005],
            [-1.608129717067388, 48.123506813449325],
            [-1.608337895609193, 48.12350407517694],
            [-1.608770702292116, 48.123474818468],
            [-1.609345600845261, 48.12339072196811],
            [-1.610212890121088, 48.12327628831829],
            [-1.61092816505797, 48.1231604432142],
            [-1.61093354578743, 48.12317310314721],
            [-1.610941470103505, 48.12318514752117],
            [-1.610951789983104, 48.123196350706486],
            [-1.610964307330174, 48.12320649899227],
            [-1.61097905089919, 48.12321556779834],
            [-1.610995536925204, 48.12322317376036],
            [-1.611013442779443, 48.12322917033068],
            [-1.611032421502865, 48.12323343986909],
            [-1.611052102368358, 48.12323589992737],
            [-1.611074321737924, 48.12323646877251],
            [-1.611096402251416, 48.123234717634034],
            [-1.611117808116468, 48.12323068961769],
            [-1.61113312687789, 48.12322623708363],
            [-1.611147582817168, 48.12322063879698],
            [-1.611163482257136, 48.12321249220032],
            [-1.611177533683499, 48.12320294291282],
            [-1.611189463111616, 48.12319217761998],
            [-1.611199038953713, 48.123180405635175],
            [-1.611206074379518, 48.12316785520086],
            [-1.611210432599588, 48.1231547723757],
            [-1.611212028583463, 48.123141410153245],
            [-1.61121083182164, 48.12312802925224],
            [-1.611206865602692, 48.12311489003634],
            [-1.611200206691857, 48.123102248922926],
            [-1.611190984608173, 48.123090350302824],
            [-1.611179379022746, 48.12307942754571],
            [-1.61116561611317, 48.12306969233403],
            [-1.611149963119437, 48.123061333980274],
            [-1.611132725340858, 48.12305451594336],
            [-1.611114238949656, 48.1230493707107],
            [-1.611094861363639, 48.12304599748114],
            [-1.611074972667575, 48.12304446300908],
            [-1.611054957699448, 48.12304479691652],
            [-1.611035207471905, 48.12304699253716],
            [-1.611016373933999, 48.12305093633398],
            [-1.61088393353212, 48.122802719648355],
            [-1.610825366733429, 48.12269295432296],
            [-1.61071525067951, 48.12251809186474],
            [-1.610238797056553, 48.121636983885104],
            [-1.609899491057232, 48.12113191397866],
            [-1.609874494162489, 48.12109470472284],
            [-1.609567191595472, 48.12070650387763],
            [-1.609459333051755, 48.12055052017657],
            [-1.609423352296147, 48.120458337705465],
            [-1.609341035745339, 48.12039450966577],
            [-1.609225028940883, 48.12024194017525],
            [-1.609123242042574, 48.12015239500657],
            [-1.609063103304844, 48.12008547045676],
            [-1.609019721322818, 48.120013899008626],
            [-1.608997132648188, 48.119945911050095],
            [-1.608945714565147, 48.11985832156002],
            [-1.60891326292776, 48.11977456267727],
            [-1.608842892592045, 48.119720238936104],
            [-1.608804046988459, 48.11967577585612],
            [-1.608709034702812, 48.11954674270727],
            [-1.608551059837419, 48.11927523707763],
            [-1.60843791116172, 48.11900787275248],
            [-1.608419192657953, 48.118898740230996],
            [-1.60843335409944, 48.118891483545355],
            [-1.608445869836829, 48.11888297730973],
            [-1.608456496393306, 48.11887338805965],
            [-1.608465025658936, 48.1188629016369],
            [-1.608471292935562, 48.11885172286731],
            [-1.608475176294783, 48.11884006837795],
            [-1.60847659783841, 48.11882816564581],
            [-1.608475532522399, 48.11881624633684],
            [-1.608472001051335, 48.118804542085655],
            [-1.608466069557297, 48.11879328090422],
            [-1.60845785590261, 48.118782682424225],
            [-1.608447519732233, 48.118772951988554],
            [-1.608435261052598, 48.118764279807294],
            [-1.608421319669831, 48.11875683467304],
            [-1.608405966823849, 48.118750760692215],
            [-1.608389327567853, 48.11874613214317],
            [-1.608371879296568, 48.11874312631852],
            [-1.60839634780619, 48.11841047785843],
            [-1.608396827854811, 48.11838901978315],
            [-1.608405650691987, 48.11799464271461],
            [-1.608423785606628, 48.11799119670434],
            [-1.608441158181917, 48.11798629725312],
            [-1.608457511155466, 48.117980016841294],
            [-1.608474479859531, 48.11797132133455],
            [-1.608489476674062, 48.11796112895385],
            [-1.608502209904397, 48.11794963880234],
            [-1.608512430327613, 48.11793707350987],
            [-1.608519940497817, 48.117923677959034],
            [-1.608524592843547, 48.11790971305414],
            [-1.608526297230922, 48.11789545001191],
            [-1.608525020722736, 48.117881167668045],
            [-1.608520788036319, 48.117867142547624],
            [-1.60851368154331, 48.11785364886502],
            [-1.608503839045976, 48.1178409487018],
            [-1.608491453536271, 48.11782928931337],
            [-1.608476764589218, 48.117818897166785],
            [-1.60846005946287, 48.11780997519359],
            [-1.608441663151028, 48.11780269688143],
            [-1.60842208117336, 48.117797223077595],
            [-1.608401553808439, 48.1177936225419],
            [-1.608380478850032, 48.117791964930426],
            [-1.608359264289984, 48.1177922834498],
            [-1.608330113949281, 48.11766938951932],
            [-1.60827027014689, 48.11753147826314],
            [-1.608285576397573, 48.1175236350899],
            [-1.608299102828713, 48.117514441419246],
            [-1.608310588321714, 48.11750407710801],
            [-1.608319807284419, 48.117492743115065],
            [-1.608326580297173, 48.117480660173584],
            [-1.608330777653647, 48.11746806324297],
            [-1.608332315097616, 48.11745519897656],
            [-1.60833116366647, 48.11744231541583],
            [-1.608327345989625, 48.1174296657429],
            [-1.608320935004492, 48.11741749391548],
            [-1.608312058299627, 48.117406038097045],
            [-1.608300886585872, 48.117395522108595],
            [-1.608287637076697, 48.11738614808494],
            [-1.608272569866968, 48.117378101125155],
            [-1.608255976003025, 48.11737153625524],
            [-1.608238179064242, 48.117366581067905],
            [-1.608219525536873, 48.117363333405294],
            [-1.608200377548578, 48.11736185534295],
            [-1.60818111050796, 48.117362176888705],
            [-1.608162096453624, 48.11736429034256],
            [-1.608116466480563, 48.11726431744263],
            [-1.60781508518492, 48.11694581401067],
            [-1.607335621354157, 48.116442669099406],
            [-1.607183047282844, 48.116282556789464],
            [-1.606817097116936, 48.115897456660434],
            [-1.606658378574493, 48.115801108129276],
            [-1.606723482517022, 48.11575510589028],
            [-1.606788173117646, 48.115720955115],
            [-1.606936500431544, 48.11565329822492],
            [-1.607149688518421, 48.11557643086514],
            [-1.607488710550399, 48.11544742395189],
            [-1.607834518868576, 48.11532508373422],
            [-1.608703653910279, 48.11502727444394],
            [-1.609094712536104, 48.11489292668166],
            [-1.609331849099409, 48.11480895520289],
            [-1.609618314793618, 48.11467831075162],
            [-1.609641655790399, 48.11466581352501],
            [-1.609921912926869, 48.11451575815287],
            [-1.610150377305463, 48.11436916191963],
            [-1.610167812608071, 48.11437769663113],
            [-1.610186934416112, 48.11438441664509],
            [-1.61020732732675, 48.11438917551992],
            [-1.610228544851326, 48.11439187041773],
            [-1.610248996545005, 48.11439248581134],
            [-1.610269376882125, 48.11439118938096],
            [-1.6102892884722, 48.11438800606905],
            [-1.610308345340501, 48.114382998203716],
            [-1.610326175449127, 48.114376263595624],
            [-1.610342432522763, 48.11436793236076],
            [-1.610356800070917, 48.1143581667591],
            [-1.61036899911116, 48.114347157280804],
            [-1.610378790449186, 48.11433511804958],
            [-1.610385983743451, 48.1143222828641],
            [-1.610391087081687, 48.11430562100647],
            [-1.610391838310339, 48.11428862005266],
            [-1.610619470340193, 48.11427877164518],
            [-1.611084203280512, 48.11426862580629],
            [-1.61140950563228, 48.11426091536878],
            [-1.61166530205449, 48.11425588151777],
            [-1.611771073787318, 48.11425455139696],
            [-1.612138010759113, 48.11425077104009],
            [-1.612596111168874, 48.114246797722856],
            [-1.613052387849449, 48.114242400824345],
            [-1.613191822532598, 48.11424106526669],
            [-1.613755258328767, 48.114235687900646],
            [-1.614108047242461, 48.114232502371216],
            [-1.614631438210652, 48.11422736884964],
            [-1.614932212662742, 48.114225056299546],
            [-1.615082361302602, 48.11421845367732],
            [-1.615239063688218, 48.114230174266716],
            [-1.615233214170926, 48.114240977219],
            [-1.615230062110645, 48.114252272894774],
            [-1.615229691090458, 48.11426376240192],
            [-1.615231121461533, 48.11427191157423],
            [-1.615233967115914, 48.114279893117114],
            [-1.615238189855202, 48.11428759593485],
            [-1.615246947872464, 48.114298405486835],
            [-1.615258350211298, 48.11430804659303],
            [-1.615269174788089, 48.11431470505113],
            [-1.615281279784382, 48.11432029034989],
            [-1.61529442675373, 48.11432469402422],
            [-1.615308360327676, 48.114327829011955],
            [-1.61532281129901, 48.11432963403524],
            [-1.615329486062804, 48.11433000585911],
            [-1.615346175159784, 48.11432968202812],
            [-1.615362579309797, 48.11432760270258],
            [-1.61537828862818, 48.114323818573],
            [-1.615392913339268, 48.11431842460154],
            [-1.615404585751394, 48.11431244180612],
            [-1.615414901230334, 48.1143054295332],
            [-1.61542365935582, 48.1142975237737],
            [-1.6154306895502, 48.1142888782423],
            [-1.615435853599118, 48.11427966247434],
            [-1.615438754320712, 48.11426659644382],
            [-1.615438882601616, 48.11425338760028],
            [-1.615436236274358, 48.11424029732952],
            [-1.615567758220245, 48.11423500934156],
            [-1.616294131655837, 48.11421019887371],
            [-1.616312485004068, 48.11420957398442],
            [-1.617003647034881, 48.11419658481204],
            [-1.617356066719997, 48.11419021980959],
            [-1.617897474515083, 48.11418326443706],
            [-1.618651649385782, 48.11417417140534],
            [-1.619449543600129, 48.11416634853269],
            [-1.619769549200662, 48.11416345481288],
            [-1.61997989608379, 48.1141608243097],
            [-1.620154038829136, 48.114154783636316],
            [-1.620308681741158, 48.11416760368414],
            [-1.620312513250121, 48.114192961598356],
            [-1.620319490516473, 48.114218018316656],
            [-1.620329533585372, 48.11424260225071],
            [-1.620342543356413, 48.114266553393605],
            [-1.620364418136442, 48.114297209739696],
            [-1.620391195120742, 48.11432606887567],
            [-1.620422550883528, 48.114352779776134],
            [-1.620458103917386, 48.11437701897815],
            [-1.620497422838193, 48.11439849205375],
            [-1.620540030809434, 48.11441693793754],
            [-1.620585411307361, 48.11443213320046],
            [-1.620633012223799, 48.1144438927862],
            [-1.620682255653695, 48.11445207412321],
            [-1.620729391615419, 48.114456407102914],
            [-1.620781688074945, 48.11445738089889],
            [-1.620833811594725, 48.11445438263722],
            [-1.620883560469834, 48.11444770806563],
            [-1.620931909539352, 48.11443740989149],
            [-1.620978275135808, 48.11442361159474],
            [-1.621022091183378, 48.11440648279409],
            [-1.621062828424656, 48.11438622857181],
            [-1.621099989701805, 48.11436309687155],
            [-1.621133126500848, 48.11433736792184],
            [-1.621161834929602, 48.11430935439754],
            [-1.621185767301133, 48.11427939554791],
            [-1.621204633393752, 48.114247856244745],
            [-1.621218203668167, 48.11421511784246],
            [-1.62122631336953, 48.11418157891427],
            [-1.621403273846336, 48.11419018299791],
            [-1.621947303109111, 48.11417331350772],
            [-1.622514083761488, 48.11415573576994],
            [-1.622612417088452, 48.11416368913225],
            [-1.622607298817613, 48.11418656492841],
            [-1.622607127057195, 48.11419406339945],
            [-1.622608908114404, 48.11420450201585],
            [-1.622617740376866, 48.11422409227548],
            [-1.62262868141688, 48.114237592363246],
            [-1.622642924020808, 48.11424963250308],
            [-1.622656446719933, 48.11425794967124],
            [-1.622671566023415, 48.11426492498651],
            [-1.622687987266086, 48.114270423425104],
            [-1.622705392643094, 48.114274337023595],
            [-1.62272344043271, 48.11427659121748],
            [-1.622737130074269, 48.11427716447658],
            [-1.622750833451719, 48.11427678027349],
            [-1.622771956492508, 48.11427426960897],
            [-1.622792189116913, 48.11426949618638],
            [-1.622810997597401, 48.11426258508167],
            [-1.622825345340838, 48.11425523520065],
            [-1.622838459001251, 48.11424635181979],
            [-1.622849396818372, 48.114236476460526],
            [-1.622858175797132, 48.11422567872962],
            [-1.622864624929805, 48.11421416733431],
            [-1.622869034360444, 48.11420013574841],
            [-1.622870259327856, 48.11418579337048],
            [-1.623034918138009, 48.114174165710814],
            [-1.623392606457268, 48.11414864988045],
            [-1.623759310231203, 48.114141329071316],
            [-1.623871125030861, 48.11414105916322],
            [-1.624212156703705, 48.11414077896382],
            [-1.624493713999597, 48.1141391315978],
            [-1.624962915391281, 48.114135860385275],
            [-1.625405702426007, 48.11413246695275],
            [-1.626976480649511, 48.11411306420233],
            [-1.627187894489105, 48.114109791980944],
            [-1.627850227554175, 48.11409912518471],
            [-1.628395656146849, 48.114082564726964],
            [-1.628568719310997, 48.114066721740535],
            [-1.628568719324405, 48.114066721739995],
            [-1.628578256375704, 48.11408415500914],
            [-1.628591893816986, 48.11410032035739],
            [-1.628609268736515, 48.11411478727792],
            [-1.62862776729351, 48.114126062538],
            [-1.628648519037042, 48.11413541258331],
            [-1.628671083811189, 48.11414264068265],
            [-1.628694979340971, 48.11414759054505],
            [-1.628713692503133, 48.11414974404145],
            [-1.628737479446391, 48.114150456172624],
            [-1.628761183813268, 48.11414894425339],
            [-1.628784341430836, 48.114145238681736],
            [-1.628806505240441, 48.11413941061497],
            [-1.628827240015814, 48.11413157308329],
            [-1.628847255751774, 48.11412119652926],
            [-1.62886476860645, 48.11410895915988],
            [-1.628879400199611, 48.11409512758875],
            [-1.628890829166838, 48.11408000400507],
            [-1.628890829166838, 48.11408000400507],
            [-1.629073236890511, 48.11410085286524],
            [-1.629345795056558, 48.11408228197071],
            [-1.629758209202614, 48.114077464555216],
            [-1.630117653845332, 48.11407251487601],
            [-1.63036551440306, 48.11406896475747],
            [-1.631059357039698, 48.11405902398063],
            [-1.631253822722257, 48.11405795843077],
            [-1.632151755095683, 48.11405498247176],
            [-1.632270332851355, 48.114054588944754],
            [-1.632610758891764, 48.11405212793385],
            [-1.63276994013307, 48.114051374169804],
            [-1.633129808906493, 48.114048373659784],
            [-1.63340052958747, 48.11404904106766],
            [-1.63353287116381, 48.114061520261416],
            [-1.63353826816424, 48.114100109793384],
            [-1.633549887788542, 48.11413808006701],
            [-1.633563209769836, 48.11416336984694],
            [-1.633582387896505, 48.11418691170107],
            [-1.633606929286427, 48.114208101966014],
            [-1.633635289769008, 48.11422553866731],
            [-1.633666998251195, 48.11424016345314],
            [-1.633701436916839, 48.1142516894555],
            [-1.63373793594543, 48.11425989497542],
            [-1.633775785175327, 48.11426461850795],
            [-1.63380068063144, 48.114265775095674],
            [-1.633825629748869, 48.114265417574565],
            [-1.633872593583035, 48.114260572329954],
            [-1.633917622261948, 48.11425040869321],
            [-1.633950174259796, 48.11423857362153],
            [-1.633959383873109, 48.114235228144956],
            [-1.633989951942971, 48.114219553473106],
            [-1.633992836759004, 48.114217591882166],
            [-1.634016964933819, 48.114201181979745],
            [-1.634039896636148, 48.1141804718453],
            [-1.634155315666159, 48.11417745137354],
            [-1.634725955398855, 48.11416784882912],
            [-1.634818682350267, 48.11413718280729],
            [-1.634947124831818, 48.11410527175209],
            [-1.635034370328273, 48.11409032895728],
            [-1.636849651495849, 48.11405924733014],
            [-1.637563805320627, 48.11404968252214],
            [-1.639694388275906, 48.11402112082973],
            [-1.640600755537769, 48.11400755657076],
            [-1.640693701337312, 48.11399807849703],
            [-1.640761842339394, 48.11399340204193],
            [-1.640811931725779, 48.11397808195642],
            [-1.640859196055212, 48.11395285621042],
            [-1.640898126716126, 48.11392028173632],
            [-1.640926604983929, 48.113875236013435],
            [-1.641165897227241, 48.11326083524266],
            [-1.641177731290091, 48.11323079354932],
            [-1.641282463239082, 48.112964921495156],
            [-1.641344883610126, 48.11284608166311],
            [-1.641403412274587, 48.11279339111952],
            [-1.64149786162253, 48.112748367421545],
            [-1.6416061375474, 48.112710402959],
            [-1.641731976302875, 48.11269160297283],
            [-1.642359546253484, 48.11258844120481],
            [-1.642431076053902, 48.112575293571076],
            [-1.643534130286467, 48.11235041568348],
            [-1.644203610927461, 48.112187747513794],
            [-1.646093663696213, 48.11172848223448],
            [-1.646524553564825, 48.111624685068996],
            [-1.64762314808138, 48.111352524744625],
            [-1.64819784755962, 48.111210146229986],
            [-1.650378966908154, 48.110669753101554],
            [-1.650645484639649, 48.11060394065496],
            [-1.650776064829173, 48.11057217060972],
            [-1.651008593590002, 48.1105242478127],
            [-1.651405151870625, 48.11044593052202],
            [-1.651741497995249, 48.110386545448584],
            [-1.652622299442855, 48.11025480830328],
            [-1.652805102913475, 48.11023702735792],
            [-1.653023189741672, 48.110207872400466],
            [-1.653942843782853, 48.11013123906161],
            [-1.654639323182263, 48.11010919147581],
            [-1.655350376151083, 48.110100734965116],
            [-1.655701335691845, 48.11010858711592],
            [-1.656384833090129, 48.110104275628395],
            [-1.6565089011653, 48.110110499547275],
            [-1.656567356674573, 48.1101158193373],
            [-1.656764354294336, 48.11012827813457],
            [-1.657279572036921, 48.11017661178867],
            [-1.657900451938329, 48.110172938126325],
            [-1.658339579532307, 48.110127706214584],
            [-1.658443659544825, 48.110102590225814],
            [-1.66047792612313, 48.1100936867025],
            [-1.663920507565677, 48.11007853801886],
            [-1.664233663164458, 48.1100790527565],
            [-1.664521135199798, 48.11007582121276],
            [-1.66477324527408, 48.11007494021457],
            [-1.665428070504837, 48.11007150049745],
            [-1.667688343424605, 48.11006070127652],
            [-1.669500247828142, 48.11005576639405],
            [-1.670208810011936, 48.11004988478539],
            [-1.670241983585686, 48.11004960931661],
            [-1.670289494428016, 48.11003344260621],
            [-1.670390522183739, 48.10997383306247],
            [-1.670448266125071, 48.109950293458894],
            [-1.670527537431418, 48.1099234708095],
            [-1.670727475175783, 48.10989379755279],
            [-1.670874497445562, 48.10988334910745],
            [-1.671143095682564, 48.1098823490856],
            [-1.671567919071615, 48.10988302066747],
            [-1.672842221673412, 48.10987575178449],
            [-1.673949409138992, 48.10987639669335],
            [-1.674097886125786, 48.10987490682741],
            [-1.674456569490429, 48.10987491886611],
            [-1.675145018962534, 48.10987240403343],
            [-1.675489007325705, 48.109871145930086],
            [-1.676377991065331, 48.10986409748781],
            [-1.677813396937866, 48.109860313099254],
            [-1.678094280651272, 48.1098594196645],
            [-1.678227011930781, 48.10985899725348],
            [-1.678865916947224, 48.10985696176385],
            [-1.679204479543111, 48.10985588169794],
            [-1.679643254529118, 48.10985379405686],
            [-1.680184769687407, 48.10985121527221],
            [-1.68016732732943, 48.109366965830525],
            [-1.68015264139427, 48.10883365134432],
            [-1.68014595549278, 48.10860111139333],
            [-1.680140312637795, 48.10841560070553],
            [-1.680132392745359, 48.10816959533863],
            [-1.680122376601629, 48.10795248309834],
            [-1.68026138733629, 48.10750953176733],
            [-1.680316674232948, 48.10746757700969],
            [-1.6803446578799, 48.10739352017956],
            [-1.680462622968262, 48.10711470351494],
            [-1.680497131303434, 48.107039125987576],
            [-1.680635560706816, 48.10674501563998],
            [-1.680881850075189, 48.10618221716573],
            [-1.68096366521327, 48.106103962287875],
            [-1.681148836496992, 48.1060240602805],
            [-1.68136250012466, 48.105994489902564],
            [-1.681709188328196, 48.105946363744266],
            [-1.681854874332782, 48.10592613973052],
            [-1.682205433323896, 48.10588079344103],
            [-1.682405368063013, 48.10585555691589],
            [-1.682582312651651, 48.10582448698642],
            [-1.682776997653112, 48.105796077135416],
            [-1.6829632883608, 48.105768891897554],
            [-1.683092453203357, 48.10574985438831],
            [-1.684436407770942, 48.10557410925655],
            [-1.684630484364994, 48.10556492955626],
            [-1.685195022764464, 48.10560778771966],
            [-1.687242644675192, 48.10576321303596],
            [-1.687453405721418, 48.10579183035211],
            [-1.68760688233491, 48.10584136239052],
            [-1.687745286814722, 48.10593656923085],
            [-1.688004947995132, 48.106185196005306],
            [-1.688099362989045, 48.10604573311486],
            [-1.688172366709646, 48.105944538181326],
            [-1.688231712087682, 48.10584849566765],
            [-1.68827881827683, 48.10573177676009],
            [-1.688278818634884, 48.10573177137502],
            [-1.68828346494982, 48.10566301484936],
            [-1.688290929939341, 48.105460306094066],
            [-1.688330074491497, 48.10442199220345],
            [-1.688352214283909, 48.10400104657758],
            [-1.688412634901092, 48.1037141104817],
            [-1.688571752182892, 48.103392602443655],
            [-1.68864088621347, 48.103285887957746],
            [-1.688628244349177, 48.10318445852406],
            [-1.688686393447287, 48.103016950715784],
            [-1.688718074398095, 48.10297872063761],
            [-1.689282478052578, 48.10229763172106],
            [-1.6899281499695, 48.101432923251785],
            [-1.690031138555028, 48.10119705261882],
            [-1.690031138554213, 48.10119705260985],
            [-1.690156693497112, 48.10102739200769],
            [-1.690260469509874, 48.100946655855914],
            [-1.690404164991793, 48.100855189874494],
            [-1.69092139823976, 48.100418684317304],
            [-1.691068367444354, 48.100315910333286],
            [-1.691820359372777, 48.09978358600869],
            [-1.692147060646186, 48.09953211844065],
            [-1.692219071958368, 48.09948171523461],
            [-1.69236309283232, 48.09938216574768],
            [-1.692506522540392, 48.099311522748025],
            [-1.693509951454675, 48.098943823014615],
            [-1.693662163189247, 48.098888046779564],
            [-1.694127910409153, 48.098717377071296],
            [-1.694236427264792, 48.0986977172869],
            [-1.694381562830272, 48.09869415214135],
            [-1.694520756879502, 48.09870415745323],
            [-1.694520756879502, 48.09870415745323],
            [-1.69459853715903, 48.09874456213115],
            [-1.694646277421463, 48.098762747263166],
            [-1.695045875375417, 48.09878827179014],
            [-1.695247730578552, 48.098785863514685],
            [-1.69644335961755, 48.098754168441175],
            [-1.696589077571319, 48.098738101114],
            [-1.696889957073677, 48.09868534965065],
            [-1.697550495629807, 48.098562271483225],
            [-1.697803254006857, 48.09852381275201],
            [-1.698219035725401, 48.0984865309935],
            [-1.698413452403189, 48.09846975226247],
            [-1.699260769674274, 48.098267212571045],
            [-1.699375381404284, 48.098245884889906],
            [-1.699865552022341, 48.0981546693243],
            [-1.700145357868508, 48.09813177416322],
            [-1.701540552795786, 48.098068991005675],
            [-1.701903428821738, 48.09808278535126],
            [-1.702170721054967, 48.0981100329514],
            [-1.702514370736659, 48.09816279304456],
            [-1.702755548924871, 48.098215926467546],
            [-1.703091322252906, 48.09830718831868],
            [-1.703495803440893, 48.09844598751133],
            [-1.703548689590638, 48.09838153351974],
            [-1.703916604729207, 48.0979234158365],
            [-1.703923793025831, 48.09791458425855],
            [-1.704124454720802, 48.0976694862215],
            [-1.704310057196849, 48.097471388057976],
            [-1.704310057271528, 48.097471387991845],
            [-1.704518335478263, 48.09729326329272],
            [-1.705159469751777, 48.09686100787963],
            [-1.705588259732583, 48.09656792450233],
            [-1.705813418065989, 48.09638307136677],
            [-1.70601333859364, 48.09614006780118],
            [-1.706146972018845, 48.09588832482866],
            [-1.706186905723465, 48.095698359549424],
            [-1.706196438639001, 48.09552548107636],
            [-1.706209778622594, 48.09548635620325],
            [-1.706221956068687, 48.09544905588173],
            [-1.706238918835394, 48.09541260400156],
            [-1.706260535868307, 48.09537727445329],
            [-1.706286647234828, 48.09534333419959],
            [-1.70631705299398, 48.09531103922554],
            [-1.70635152651591, 48.09528063309237],
            [-1.706389807535743, 48.09525234451857],
            [-1.706431606092162, 48.095226386317805],
            [-1.706436920489361, 48.09522336138204],
            [-1.706592660841878, 48.095134714173184],
            [-1.706605538485237, 48.095127383949894],
            [-1.70680182371275, 48.09501565809244],
            [-1.706082292060844, 48.09453606242168],
            [-1.705814484517476, 48.09435755490466],
            [-1.704800277439706, 48.09368151676547],
            [-1.704135019198884, 48.09323806229371],
            [-1.703283319320423, 48.09267031091055],
            [-1.703196940124057, 48.09261272864427],
            [-1.703019234948635, 48.09262703129844],
            [-1.703255287271775, 48.09250365383919],
            [-1.703558527769795, 48.09224242574018],
            [-1.703869844205272, 48.09189693621701],
            [-1.703878183048412, 48.091887681941856],
            [-1.704151481666528, 48.09156173107482],
            [-1.704405106075556, 48.09129424257267],
            [-1.704767934045229, 48.0908264986972],
            [-1.705363013559721, 48.09011673428216],
            [-1.705632573490826, 48.089793484195866],
            [-1.705962599146021, 48.08939771859518],
            [-1.70620640193808, 48.08907677186155],
            [-1.70620640193808, 48.08907677186155],
            [-1.706590037287557, 48.088500611515954],
            [-1.706642593169136, 48.088415077610776],
            [-1.707427853145406, 48.08716453384683],
            [-1.707448854967234, 48.08707205740618],
            [-1.707551883968986, 48.08691646376322],
            [-1.707621669935327, 48.08679364886208],
            [-1.707733792120286, 48.08661964050675],
            [-1.708542044096876, 48.08536629449054],
            [-1.708591606692033, 48.085288309959516],
            [-1.708644433344098, 48.085205794773884],
            [-1.708720735466406, 48.085084390286916],
            [-1.708774759385126, 48.0849981071367],
            [-1.708853183116219, 48.08487451151009],
            [-1.708929901946148, 48.08475231978827],
            [-1.709004028567991, 48.08463346918128],
            [-1.709075916003957, 48.08452182714946],
            [-1.709151218698548, 48.08441586894682],
            [-1.709179172556283, 48.084379941630154],
            [-1.709212577925929, 48.08433700778405],
            [-1.709260135091249, 48.08427618274974],
            [-1.709296714511904, 48.084232628423514],
            [-1.709350617229068, 48.084173005794156],
            [-1.709388231804874, 48.08413506252589],
            [-1.709446429305037, 48.08407444834305],
            [-1.709582693032246, 48.08393816999645],
            [-1.709684379232776, 48.083835658129246],
            [-1.709788774460073, 48.083731094151986],
            [-1.709896055291044, 48.08362641269499],
            [-1.709993165728289, 48.08352667600292],
            [-1.710169025058094, 48.08335348586542],
            [-1.710273869982798, 48.08325650553091],
            [-1.710415542743288, 48.083137230674616],
            [-1.710555529304738, 48.083031206971654],
            [-1.71081048625921, 48.082851888905694],
            [-1.710879140134505, 48.08280007791453],
            [-1.710937217498759, 48.082759347897735],
            [-1.710996824126713, 48.082714202824796],
            [-1.711052640232425, 48.08266985920355],
            [-1.7111073779097, 48.08262426577786],
            [-1.71116447175197, 48.08257275369541],
            [-1.711231145053311, 48.08250984907194],
            [-1.711297878389488, 48.08244758893359],
            [-1.711336920729995, 48.082416488824414],
            [-1.711371383898782, 48.08239604997103],
            [-1.711406825233223, 48.082379048361915],
            [-1.71146360062284, 48.08235321441225],
            [-1.71148870376316, 48.082351844560534],
            [-1.711521371015709, 48.08234655385839],
            [-1.711540758290006, 48.08234158505973],
            [-1.711559106416197, 48.08233514771197],
            [-1.711581883970822, 48.08232471618],
            [-1.71159942326395, 48.082314885089545],
            [-1.711615389565311, 48.082302761211444],
            [-1.711785759486712, 48.08238223936367],
            [-1.711805780687784, 48.082391074673836],
            [-1.711963961611708, 48.08245754572272],
            [-1.71201884923487, 48.08247997183632],
            [-1.712157921673825, 48.08253005923161],
            [-1.712248782182092, 48.08256066637953],
            [-1.712379196031284, 48.082603598776835],
            [-1.712520679578821, 48.08264500476644],
            [-1.712683583839399, 48.08269304193353],
            [-1.712826564551606, 48.08273331295158],
            [-1.71299148906079, 48.08276839186465],
            [-1.713051584472647, 48.08277772894239],
            [-1.713067951934121, 48.0827807753199],
            [-1.713098822236771, 48.08278652101476],
            [-1.71312802462501, 48.08279068759198],
            [-1.713389442063128, 48.082830391384746],
            [-1.71360772558361, 48.082853625504484],
            [-1.713638327113913, 48.082855589033365],
            [-1.713680291018901, 48.08285923201701],
            [-1.713785053694179, 48.08286673651982],
            [-1.713807679509517, 48.08286902716459],
            [-1.713976543719955, 48.08287712079436],
            [-1.714221977933044, 48.08288207304254],
            [-1.71443772266127, 48.082877514224805],
            [-1.714546099125053, 48.08287199478106],
            [-1.71461619002882, 48.08286804687761],
            [-1.714803839336451, 48.08285391056122],
            [-1.714957695610229, 48.08283794171078],
            [-1.715016132238854, 48.08282910654578],
            [-1.715054025720347, 48.082823259786274],
            [-1.715072875458749, 48.08281926761461],
            [-1.715094915211512, 48.08281514455007],
            [-1.715132810095666, 48.08280929860735],
            [-1.715153254161253, 48.08280524100455],
            [-1.715192547944725, 48.08279719120681],
            [-1.715219373371787, 48.08279287175207],
            [-1.715243106492616, 48.082789752393516],
            [-1.71526664418261, 48.08278449461312],
            [-1.715285492550659, 48.08278050246157],
            [-1.715312741469546, 48.08276329149742],
            [-1.715326316982555, 48.082754150510965],
            [-1.715336507211832, 48.08274300379813],
            [-1.715349495328079, 48.08272745030666],
            [-1.71535441136516, 48.08271115482061],
            [-1.715373371127328, 48.082487694580635],
            [-1.715442288312028, 48.08167541847507],
            [-1.715469886732209, 48.081364216877695],
            [-1.715509431054092, 48.08090339271158],
            [-1.715560818797888, 48.08029187598175],
            [-1.715612237954327, 48.079663191720336],
            [-1.715632722971372, 48.079417164395885],
            [-1.71566261507034, 48.0790581527795],
            [-1.715716830726892, 48.0784250614733],
            [-1.71576870935218, 48.077791675750966],
            [-1.715785688180262, 48.077584299016166],
            [-1.715826171138212, 48.077151331237445],
            [-1.715845712821651, 48.076906531921104],
            [-1.715893527270798, 48.07631170229811],
            [-1.715918591215054, 48.075993588938076],
            [-1.715935337108417, 48.0757758931249],
            [-1.715991724966975, 48.075070787051246],
            [-1.716007560966483, 48.07487276107796],
            [-1.715817805759515, 48.07484749684404],
            [-1.715197208444184, 48.07477011074496],
            [-1.714855602940262, 48.07472831096664],
            [-1.714681059309084, 48.074704462596316],
            [-1.714457684760445, 48.07467172952879],
            [-1.714356502209414, 48.07465289756618],
            [-1.714293402174795, 48.07463974247012],
            [-1.714211547622393, 48.0746190197854],
            [-1.714135395995005, 48.07459428383263],
            [-1.713992399725711, 48.074543726839245],
            [-1.713262154245952, 48.07428741633616],
            [-1.712815907001936, 48.07411994479398],
            [-1.712824348200127, 48.07410678211552],
            [-1.712834335575298, 48.07408864227259],
            [-1.712842249463508, 48.07407103084199],
            [-1.712848658282109, 48.074052648505955],
            [-1.712852271814712, 48.074039626177225],
            [-1.712855178492663, 48.07402492976035],
            [-1.712857018009926, 48.07401116559865],
            [-1.712857833787667, 48.073997130745305],
            [-1.712857507767877, 48.07397852906207],
            [-1.712855416835229, 48.07395941765837],
            [-1.712851702593246, 48.07394103785707],
            [-1.712847878458293, 48.07392734381112],
            [-1.712842939821892, 48.07391356301772],
            [-1.71283521694782, 48.07389597301217],
            [-1.712828470721679, 48.073883025995656],
            [-1.71282080047523, 48.07387032592834],
            [-1.712808937327432, 48.073853291431405],
            [-1.712799195017217, 48.07384095841083],
            [-1.712787688160749, 48.07382806068581],
            [-1.71277218226327, 48.07381258312375],
            [-1.712755566792917, 48.07379798549677],
            [-1.712741814868931, 48.073787093805734],
            [-1.712727380556588, 48.073776783382534],
            [-1.712712083164022, 48.07376672462469],
            [-1.712696885008037, 48.07375769356136],
            [-1.712674936999333, 48.0737459224527],
            [-1.712659384758333, 48.07373835849184],
            [-1.712643507566989, 48.07373138817001],
            [-1.712623647799903, 48.073721988715924],
            [-1.712570895553273, 48.07365581072263],
            [-1.712554734899695, 48.07363476682477],
            [-1.712540280951318, 48.07361593632582],
            [-1.712521099987811, 48.073586171046806],
            [-1.712508382747679, 48.07355783834305],
            [-1.712502899892472, 48.07353939230624],
            [-1.712497442263421, 48.073507367365885],
            [-1.712494143823172, 48.07348491772414],
            [-1.712491656191417, 48.073441988824875],
            [-1.712499957383065, 48.073314921265506],
            [-1.712510154644083, 48.0731392684777],
            [-1.712516799546767, 48.07299407910816],
            [-1.712532572751638, 48.072760594370386],
            [-1.712568594590742, 48.07210486760869],
            [-1.712589928910835, 48.07164498685022],
            [-1.71263617034954, 48.070903042685586],
            [-1.712651725701128, 48.070703522231575],
            [-1.71268273498882, 48.07043545682438],
            [-1.712701892219622, 48.07031501841121],
            [-1.712734909329351, 48.07013499344612],
            [-1.712797310283132, 48.0698672577162],
            [-1.712892451702259, 48.06956179751998],
            [-1.712963628594465, 48.069376972920786],
            [-1.713066664406411, 48.069144758640874],
            [-1.713145146898445, 48.06898712243164],
            [-1.713272044007678, 48.06876524776833],
            [-1.71337652130652, 48.068601694205846],
            [-1.713517714041815, 48.068404295171355],
            [-1.713746187870709, 48.068119234121035],
            [-1.713884366031587, 48.06796413457622],
            [-1.714084175811412, 48.06782281768847],
            [-1.714185034447967, 48.06774539182368],
            [-1.714208270106915, 48.067724994222345],
            [-1.714261956488733, 48.067688272401604],
            [-1.714289871091371, 48.0676727073575],
            [-1.714328467052791, 48.06765277154256],
            [-1.714362916161142, 48.067637376263995],
            [-1.714411983917474, 48.067617884763834],
            [-1.714460580970349, 48.067600378776895],
            [-1.714518899500128, 48.0675822557476],
            [-1.714611998815585, 48.06755593168572],
            [-1.714663808143299, 48.06754398067644],
            [-1.714717522499162, 48.06753326617826],
            [-1.714785714280729, 48.06752064818092],
            [-1.714884662411629, 48.067499381468295],
            [-1.714959847414987, 48.06749586951217],
            [-1.715042116178652, 48.06749143148671],
            [-1.715239394375656, 48.06748076448338],
            [-1.715967157402232, 48.067441436054615],
            [-1.716843211209055, 48.06739436541402],
            [-1.717036706758565, 48.06738398847791],
            [-1.717298303709415, 48.0673689739909],
            [-1.717381120466557, 48.0673642205618],
            [-1.717785147936085, 48.067344721214425],
            [-1.717953022113372, 48.067335526472824],
            [-1.71816916975708, 48.067324669682804],
            [-1.718397469343388, 48.06731600319295],
            [-1.718562304911117, 48.06731567404078],
            [-1.718593671015655, 48.06731598068032],
            [-1.718707898743276, 48.06731739656527],
            [-1.718748852375173, 48.06731835644611],
            [-1.71880265734036, 48.067324832190735],
            [-1.719083647449573, 48.0673612083721],
            [-1.719886564003531, 48.067473131941675],
            [-1.719928562608002, 48.06747937135674],
            [-1.720352708281033, 48.067542361419974],
            [-1.720671448641937, 48.067590546188946],
            [-1.720868416448189, 48.06761581594763],
            [-1.720931936179281, 48.067623548651376],
            [-1.721141074602107, 48.06764964875585],
            [-1.72129765012818, 48.067667645913524],
            [-1.721342854921831, 48.067669205130244],
            [-1.721378217413641, 48.067666665964346],
            [-1.721399270598681, 48.06766401651253],
            [-1.721422203666587, 48.067660063380856],
            [-1.721455242013036, 48.06765279604808],
            [-1.721483938877691, 48.06764515745666],
            [-1.721508055974336, 48.067636659087384],
            [-1.721528172686404, 48.06762574253419],
            [-1.721542593659849, 48.067615023123736],
            [-1.721566706040244, 48.06759565750294],
            [-1.72174852006, 48.06740326023135],
            [-1.721783377881145, 48.067366373152645],
            [-1.721797288349902, 48.067351652871395],
            [-1.72194822739553, 48.06721431425177],
            [-1.72204408876975, 48.0671395346948],
            [-1.72212348118939, 48.06717572568466],
            [-1.722182229876809, 48.06719840774163],
            [-1.722239131851876, 48.067220315930626],
            [-1.722313546190979, 48.067254493785335],
            [-1.722478022856921, 48.06733858656536],
            [-1.722545276309098, 48.067379233989314],
            [-1.722629170287815, 48.06742766056895],
            [-1.722679707322497, 48.067459343281],
            [-1.722725161356181, 48.06748199220257],
            [-1.72278569238539, 48.067496612321705],
            [-1.723667209679736, 48.067609920223155],
            [-1.725035802321736, 48.067779767844385],
            [-1.725194499535298, 48.06780013615636],
            [-1.725800560720501, 48.06786604537345],
            [-1.727397264383725, 48.0680813594265],
            [-1.727466465886976, 48.06809069057176],
            [-1.727463083038675, 48.06810320753436],
            [-1.727462059695452, 48.068118425372404],
            [-1.727464946313398, 48.06813656774015],
            [-1.72747340822966, 48.0681562063205],
            [-1.727485504709255, 48.06817270993117],
            [-1.727502159977972, 48.06818815456081],
            [-1.727532589583103, 48.068206570146096],
            [-1.727568981246634, 48.06821943188997],
            [-1.727597152044081, 48.06822469488012],
            [-1.727624685258068, 48.068226534621814],
            [-1.727665848317873, 48.06822348628721],
            [-1.727704366153271, 48.06821375236593],
            [-1.727727551098762, 48.06820381769499],
            [-1.72774822545514, 48.06819085405135],
            [-1.727771447598829, 48.06816783811045],
            [-1.727782300438281, 48.06814966017688],
            [-1.727788069161855, 48.068131312101016],
            [-1.727788847678452, 48.068103486875465],
            [-1.727783452975802, 48.06808507376387],
            [-1.727773441155933, 48.06806752289703],
            [-1.727759423752317, 48.068051668773954],
            [-1.727741135230206, 48.06803726910668],
            [-1.727709076148188, 48.068020746300185],
            [-1.727684333445582, 48.068012779485855],
            [-1.72765694549435, 48.06800756360347],
            [-1.727629384869002, 48.068005614164704],
            [-1.727601455933111, 48.068006835591504],
            [-1.727574480652856, 48.06801117348201],
            [-1.727537767130737, 48.06802290298316],
            [-1.727506343974306, 48.06804044504827],
            [-1.727488615719247, 48.06805565915605],
            [-1.727475712974273, 48.06807181640288],
            [-1.727466465886976, 48.06809069057176],
            [-1.727397264383725, 48.0680813594265],
            [-1.726886822215161, 48.0680125293669]
          ]
        ],
        "type": "MultiLineString"
      },
      "properties": {
        "geo_point_2d": {
          "lon": -1.6602109595660017,
          "lat": 48.10306069628079
        },
        "gml_id": "v_star_lignes_actives.11",
        "id": 11,
        "li_code": "0006",
        "li_num": "C6",
        "li_nom": "Cesson-Sévigné (Rigourdière) <> Saint-Jacques-de-la-Lande (Aéroport)",
        "li_type": "Urbaine",
        "li_sstype": "CHRONOSTAR",
        "li_d_creat": null,
        "li_d_acces": "2007-09-01T02:00:00+02:00",
        "li_datedeb": "2019-04-22T02:00:00+02:00",
        "li_datefin": null,
        "comm_desservies": "35051, 35238, 35281",
        "li_couleur_rvb": "97,195,217,255",
        "li_couleur_hex": "#61C3D9",
        "volume": 600
      }
    },
    {
      "type": "Feature",
      "geometry": {
        "coordinates": [
          [
            [-1.726886822215161, 48.0680125293669],
            [-1.725800560720501, 48.06786604537345],
            [-1.725194499535298, 48.06780013615636],
            [-1.725035802321736, 48.067779767844385],
            [-1.723667209679736, 48.067609920223155],
            [-1.72278569238539, 48.067496612321705],
            [-1.722725161356181, 48.06748199220257],
            [-1.722679707322497, 48.067459343281],
            [-1.722629170287815, 48.06742766056895],
            [-1.722545276309098, 48.067379233989314],
            [-1.722478022856921, 48.06733858656536],
            [-1.722313546190979, 48.067254493785335],
            [-1.722239131851876, 48.067220315930626],
            [-1.722182229876809, 48.06719840774163],
            [-1.72212348118939, 48.06717572568466],
            [-1.72204408876975, 48.0671395346948],
            [-1.72204408876975, 48.0671395346948],
            [-1.72194822739553, 48.06721431425177],
            [-1.721871579923599, 48.067282906302374],
            [-1.721797288349902, 48.067351652871395],
            [-1.72174852006, 48.06740326023135],
            [-1.721566706040244, 48.06759565750294],
            [-1.721542593659849, 48.067615023123736],
            [-1.721528172686404, 48.06762574253419],
            [-1.721508055974336, 48.067636659087384],
            [-1.721483938877691, 48.06764515745666],
            [-1.721455242013036, 48.06765279604808],
            [-1.721422203666587, 48.067660063380856],
            [-1.721399270598681, 48.06766401651253],
            [-1.721378217413641, 48.067666665964346],
            [-1.721342854921831, 48.067669205130244],
            [-1.72129765012818, 48.067667645913524],
            [-1.721141074602107, 48.06764964875585],
            [-1.720931936179281, 48.067623548651376],
            [-1.720868416448189, 48.06761581594763],
            [-1.720671448641937, 48.067590546188946],
            [-1.720352708281033, 48.067542361419974],
            [-1.719928562608002, 48.06747937135674],
            [-1.719886564003531, 48.067473131941675],
            [-1.719083647449573, 48.0673612083721],
            [-1.71880265734036, 48.067324832190735],
            [-1.718748852375173, 48.06731835644611],
            [-1.718707898743276, 48.06731739656527],
            [-1.718593671015655, 48.06731598068032],
            [-1.718562304911117, 48.06731567404078],
            [-1.718397469343388, 48.06731600319295],
            [-1.71816916975708, 48.067324669682804],
            [-1.717953022113372, 48.067335526472824],
            [-1.717785147936085, 48.067344721214425],
            [-1.717381120466557, 48.0673642205618],
            [-1.717298303709415, 48.0673689739909],
            [-1.717037070158835, 48.067384331297426],
            [-1.716892025362678, 48.067391747601036],
            [-1.716843211209055, 48.06739436541402],
            [-1.715967157402232, 48.067441436054615],
            [-1.715239394375656, 48.06748076448338],
            [-1.715042116178652, 48.06749143148671],
            [-1.714959847414987, 48.06749586951217],
            [-1.714884662411629, 48.067499381468295],
            [-1.714839396580262, 48.06750178350764],
            [-1.71476741210934, 48.06750143434316],
            [-1.714700008799841, 48.06749750264621],
            [-1.714648069978171, 48.067489815717124],
            [-1.714609913020549, 48.06748213267098],
            [-1.714560352672265, 48.06746831066414],
            [-1.71442031161582, 48.06742309908637],
            [-1.714232100530259, 48.06734026305066],
            [-1.714161570680079, 48.06741016281574],
            [-1.71404141544706, 48.06753474276406],
            [-1.713963942726263, 48.06761540950154],
            [-1.713816098555717, 48.067783692676784],
            [-1.713662871557687, 48.06796379000713],
            [-1.71347826746888, 48.06818594507556],
            [-1.713320382262346, 48.06840271160067],
            [-1.713181340434464, 48.06861548602691],
            [-1.713051344760015, 48.068839690920434],
            [-1.712939704806042, 48.06905455955296],
            [-1.712797856287799, 48.06937688435488],
            [-1.712710786222312, 48.06961542156962],
            [-1.712656296646863, 48.06980756056365],
            [-1.712571659702905, 48.07023053636894],
            [-1.712554991493304, 48.07034602019405],
            [-1.712535717708359, 48.070520620767766],
            [-1.712481989766466, 48.07119446086682],
            [-1.712452285449533, 48.07176324393186],
            [-1.712442677738787, 48.07193852025105],
            [-1.712418865322331, 48.07244912489238],
            [-1.712394669468064, 48.07279773709102],
            [-1.712373731528959, 48.07300673879852],
            [-1.712351103807646, 48.07316216423835],
            [-1.712327533642057, 48.07328973367544],
            [-1.712294686428455, 48.07342090144045],
            [-1.712265387456933, 48.0735208102689],
            [-1.712242926405304, 48.07359039666204],
            [-1.712216298486207, 48.07364942537629],
            [-1.712185137094155, 48.07371592456224],
            [-1.71216155314229, 48.07372434394513],
            [-1.71214351347821, 48.07373154833423],
            [-1.712126491846945, 48.073739152510164],
            [-1.712104445483222, 48.07375011302533],
            [-1.712088186583816, 48.07375909073783],
            [-1.71207241281057, 48.073768757722156],
            [-1.712052945142156, 48.073781984179696],
            [-1.712034183077691, 48.07379642972716],
            [-1.712016098040113, 48.07381228206574],
            [-1.712000273819179, 48.073828170540146],
            [-1.711989699815332, 48.07384007977555],
            [-1.711980001307297, 48.07385237392113],
            [-1.711971028187752, 48.07386496992371],
            [-1.711962397844444, 48.073878919746384],
            [-1.71195319912186, 48.073896334200846],
            [-1.711945624497767, 48.07391386498229],
            [-1.711939548950288, 48.07393221915266],
            [-1.711934926814046, 48.07395172120794],
            [-1.711932187081895, 48.07396692349184],
            [-1.711930999935714, 48.073981694443034],
            [-1.711930962720946, 48.07399628884507],
            [-1.711931920927408, 48.07401330981402],
            [-1.711933882009709, 48.07402793993115],
            [-1.711938205026721, 48.074046157823375],
            [-1.711944047153376, 48.074064417034066],
            [-1.711951315781337, 48.07408190947373],
            [-1.711957876998527, 48.07409510021029],
            [-1.711965480427239, 48.07410814547865],
            [-1.711976949854006, 48.074125199812975],
            [-1.711986724562793, 48.07413793346111],
            [-1.711997396880901, 48.074150233810194],
            [-1.712012839070681, 48.07416607542645],
            [-1.712025339085671, 48.07417755560301],
            [-1.712038632119317, 48.07418853197734],
            [-1.712057075609746, 48.07420226987067],
            [-1.712071482623197, 48.07421197234855],
            [-1.712086589541738, 48.07422118205103],
            [-1.712107446737005, 48.074232683523995],
            [-1.712129824476202, 48.074243579266096],
            [-1.712153863387379, 48.07425383377243],
            [-1.712178511772733, 48.07426295852228],
            [-1.712200579635821, 48.07427008215356],
            [-1.712223257488331, 48.0742763818069],
            [-1.712242807137809, 48.074281029005625],
            [-1.712262971257678, 48.074285204952346],
            [-1.712283459527071, 48.07428868996951],
            [-1.712304043450446, 48.0742915880445],
            [-1.712324955294625, 48.07429379233161],
            [-1.712346408781964, 48.07429543463761],
            [-1.712366999404581, 48.07429630043277],
            [-1.712395076499871, 48.07429651675149],
            [-1.712415658209066, 48.07429597447485],
            [-1.712437673919963, 48.07429498320043],
            [-1.712464893313819, 48.07429291883786],
            [-1.71249314926895, 48.074289601768506],
            [-1.712519619646146, 48.07428537211827],
            [-1.712546143887078, 48.0742799949466],
            [-1.712572643911801, 48.074273498686885],
            [-1.71259007033285, 48.074268455912105],
            [-1.71261360192376, 48.074260712615654],
            [-1.712637913752323, 48.07425153068469],
            [-1.712661308688198, 48.07424140775478],
            [-1.712683616549471, 48.074230423796415],
            [-1.712705304245236, 48.074218391143035],
            [-1.712725012735581, 48.07420591704318],
            [-1.712739303911113, 48.07419598998921],
            [-1.712752868262813, 48.07418558362066],
            [-1.712765638722794, 48.07417496471297],
            [-1.712777941666361, 48.07416362877625],
            [-1.712793100910916, 48.074148072040224],
            [-1.712805542234385, 48.07413368738781],
            [-1.712815907001936, 48.07411994479398],
            [-1.713262154245952, 48.07428741633616],
            [-1.713992399725711, 48.074543726839245],
            [-1.714135395995005, 48.07459428383263],
            [-1.714211547622393, 48.0746190197854],
            [-1.714293402174795, 48.07463974247012],
            [-1.714356502209414, 48.07465289756618],
            [-1.714457684760445, 48.07467172952879],
            [-1.714681059309084, 48.074704462596316],
            [-1.714855602940262, 48.07472831096664],
            [-1.715197208444184, 48.07477011074496],
            [-1.715817805759515, 48.07484749684404],
            [-1.716007560966483, 48.07487276107796],
            [-1.716402009762064, 48.074927062025104],
            [-1.716344769857093, 48.07549260164753],
            [-1.716320287964153, 48.075734483029514],
            [-1.716178633847487, 48.07575122972826],
            [-1.716043981466343, 48.07576525857346],
            [-1.715935337108417, 48.0757758931249],
            [-1.715894145397229, 48.07631137416486],
            [-1.715845712821651, 48.076906531921104],
            [-1.715826171138212, 48.077151331237445],
            [-1.715803037779839, 48.077398744830155],
            [-1.715785688180262, 48.077584299016166],
            [-1.71576870935218, 48.077791675750966],
            [-1.715716830726892, 48.0784250614733],
            [-1.71566261507034, 48.0790581527795],
            [-1.715612237954327, 48.079663191720336],
            [-1.715595174752074, 48.0798718193601],
            [-1.715560818797888, 48.08029187598175],
            [-1.715509431054092, 48.08090339271158],
            [-1.715469886732209, 48.081364216877695],
            [-1.715442288312028, 48.08167541847507],
            [-1.715367146064285, 48.0825610635882],
            [-1.71535441136516, 48.08271115482061],
            [-1.715349495328079, 48.08272745030666],
            [-1.715336507211832, 48.08274300379813],
            [-1.715326316982555, 48.082754150510965],
            [-1.715312741469546, 48.08276329149742],
            [-1.715285492550659, 48.08278050246157],
            [-1.71526664418261, 48.08278449461312],
            [-1.715243106492616, 48.082789752393516],
            [-1.715220133991984, 48.08279326317013],
            [-1.715188644038669, 48.08279857510319],
            [-1.715152495106734, 48.08280517574037],
            [-1.715132810095666, 48.08280929860735],
            [-1.715113862654662, 48.08281222158026],
            [-1.715083260550406, 48.08281793409962],
            [-1.715072875458749, 48.08281926761461],
            [-1.715035078351801, 48.082826183643945],
            [-1.715016132238854, 48.08282910654578],
            [-1.714957695610229, 48.08283794171078],
            [-1.714803839336451, 48.08285391056122],
            [-1.71461619002882, 48.08286804687761],
            [-1.714546099125053, 48.08287199478106],
            [-1.71443772266127, 48.082877514224805],
            [-1.714221977933044, 48.08288207304254],
            [-1.713976543719955, 48.08287712079436],
            [-1.713807679509517, 48.08286902716459],
            [-1.713785053694179, 48.08286673651982],
            [-1.713680291018901, 48.08285923201701],
            [-1.713638327113913, 48.082855589033365],
            [-1.71360772558361, 48.082853625504484],
            [-1.713389442063128, 48.082830391384746],
            [-1.71312802462501, 48.08279068759198],
            [-1.713098822236771, 48.08278652101476],
            [-1.713051584472647, 48.08277772894239],
            [-1.71299148906079, 48.08276839186465],
            [-1.712826564551606, 48.08273331295158],
            [-1.712683680782632, 48.082692616249865],
            [-1.712520679578821, 48.08264500476644],
            [-1.712379196031284, 48.082603598776835],
            [-1.712275080463268, 48.08256932382554],
            [-1.712248782182092, 48.08256066637953],
            [-1.712157921673825, 48.08253005923161],
            [-1.71201884923487, 48.08247997183632],
            [-1.711963961611708, 48.08245754572272],
            [-1.711805780687784, 48.082391074673836],
            [-1.711785759486712, 48.08238223936367],
            [-1.711615389565311, 48.082302761211444],
            [-1.711629699528129, 48.08228685751047],
            [-1.711637043246817, 48.08227765169829],
            [-1.711642436801828, 48.08226910615595],
            [-1.711646810134447, 48.08226059523501],
            [-1.711650399067521, 48.08225166772556],
            [-1.711653060944355, 48.08224257277491],
            [-1.711654788576968, 48.082233261117096],
            [-1.711655569635209, 48.0822247758352],
            [-1.711654568845398, 48.08220813203506],
            [-1.711650605622696, 48.082191887230216],
            [-1.711644530978012, 48.082177938503925],
            [-1.711633738474665, 48.0821609374394],
            [-1.71162340496176, 48.082148800637846],
            [-1.711610673245987, 48.08213724785985],
            [-1.711591770989176, 48.08212375839671],
            [-1.711570133801473, 48.082112172460256],
            [-1.711552597827834, 48.08210517709773],
            [-1.711533532732857, 48.08209955012728],
            [-1.711513658604559, 48.08209515118844],
            [-1.711493161893245, 48.08209237272639],
            [-1.711472138885216, 48.082090914329775],
            [-1.711449702332189, 48.08209119174008],
            [-1.711430023756925, 48.08209277801184],
            [-1.711409571577089, 48.082096054028824],
            [-1.711383610738925, 48.082102491689625],
            [-1.711364432994603, 48.082109106301296],
            [-1.711347578636119, 48.08211674752756],
            [-1.711331968966975, 48.08212533974788],
            [-1.71131761943638, 48.082135331980176],
            [-1.71130179610031, 48.08214913953396],
            [-1.711290497683914, 48.082161589225706],
            [-1.71128194329184, 48.08217404627159],
            [-1.711274951443376, 48.08218744488694],
            [-1.71127038010926, 48.082201313762575],
            [-1.711267869071099, 48.08221497742167],
            [-1.711267465683679, 48.082224344713936],
            [-1.71126805719658, 48.082233694645794],
            [-1.711269608512674, 48.082242863754196],
            [-1.711270626792306, 48.08224699052177],
            [-1.711250868692731, 48.08231420199286],
            [-1.71123845704747, 48.08235036661856],
            [-1.711221294181819, 48.08238554378264],
            [-1.711202086052706, 48.082412328110856],
            [-1.711186601461784, 48.08243049481188],
            [-1.711158239735983, 48.0824558404814],
            [-1.711114064669815, 48.08249573846618],
            [-1.711078053233795, 48.08252623394738],
            [-1.711003055227112, 48.08259393750882],
            [-1.71094504541396, 48.08264265128094],
            [-1.710888848979618, 48.08268680678963],
            [-1.710847360661128, 48.082717059936655],
            [-1.710785701567352, 48.082763116277334],
            [-1.710676454780889, 48.08284135083862],
            [-1.710539873494948, 48.08293642460318],
            [-1.71045098954309, 48.083000523937926],
            [-1.710369921483787, 48.08306128052428],
            [-1.710269005343825, 48.083141939558324],
            [-1.71019756816613, 48.08320241388425],
            [-1.710118001563348, 48.083276015300086],
            [-1.710107135912962, 48.08328606632752],
            [-1.710003517420219, 48.08338643843972],
            [-1.709888413455791, 48.083499373069515],
            [-1.709726305481611, 48.08366078401478],
            [-1.709624538591896, 48.08376168537269],
            [-1.709510551837317, 48.08387699141906],
            [-1.709420377939298, 48.083966533947624],
            [-1.709320517771598, 48.08406856522065],
            [-1.709241699319981, 48.08415401530063],
            [-1.709151891283798, 48.08425744838715],
            [-1.709076024744205, 48.08435547298765],
            [-1.709011863416249, 48.08444334545768],
            [-1.708918215434565, 48.08458381325115],
            [-1.708713303113302, 48.08490899985439],
            [-1.708584019911926, 48.08511380174032],
            [-1.708361745543379, 48.08546629847439],
            [-1.70804682302927, 48.08596043069336],
            [-1.707836541277095, 48.086276736419016],
            [-1.707788045604839, 48.08636316649179],
            [-1.707309232155397, 48.08672147769322],
            [-1.70723641343312, 48.086834420245985],
            [-1.707143523299341, 48.086996024527544],
            [-1.707115213104056, 48.087082867099106],
            [-1.707119430696729, 48.08729261779508],
            [-1.707122619630731, 48.08742101173884],
            [-1.707077534457289, 48.0875342462564],
            [-1.706997965379395, 48.0876642562041],
            [-1.706569612803944, 48.08836414023201],
            [-1.706277911949615, 48.0888276767858],
            [-1.706096138950568, 48.089048161617875],
            [-1.706065599523326, 48.0890980309172],
            [-1.706041108577071, 48.08913492541882],
            [-1.705843748467844, 48.08937007819956],
            [-1.705426016569477, 48.089867793747125],
            [-1.704659705275707, 48.09078080260895],
            [-1.704392569499241, 48.0910990682802],
            [-1.704040842620083, 48.09151810884616],
            [-1.703911752824811, 48.091460943734546],
            [-1.703748158594373, 48.091453391792896],
            [-1.703643059965983, 48.09140898315975],
            [-1.703148168240298, 48.09182836021863],
            [-1.703091436511082, 48.091876434779174],
            [-1.702671550704755, 48.09225516480135],
            [-1.702629549181861, 48.0922930490871],
            [-1.702605609504681, 48.09235041916216],
            [-1.702745285096691, 48.092443748896464],
            [-1.702884239948775, 48.09253659654449],
            [-1.702970041885605, 48.09259392792975],
            [-1.703019234948635, 48.09262703129844],
            [-1.703225101806299, 48.09271045610376],
            [-1.703406227149268, 48.09283889668579],
            [-1.703769917565355, 48.09308620495777],
            [-1.704298356792852, 48.09344553557524],
            [-1.705722606711709, 48.09440068741616],
            [-1.706053804605167, 48.09462257001802],
            [-1.706469282349944, 48.09490091096618],
            [-1.706700963216963, 48.095073068187496],
            [-1.706605538485237, 48.095127383949894],
            [-1.706430284566031, 48.09522720702851],
            [-1.706389807535743, 48.09525234451857],
            [-1.70635152651591, 48.09528063309237],
            [-1.70631705299398, 48.09531103922554],
            [-1.706286647234828, 48.09534333419959],
            [-1.706260535868307, 48.09537727445329],
            [-1.706238918835394, 48.09541260400156],
            [-1.706221956068687, 48.09544905588173],
            [-1.706196438639001, 48.09552548107636],
            [-1.706186905723465, 48.095698359549424],
            [-1.706146972018845, 48.09588832482866],
            [-1.70601333859364, 48.09614006780118],
            [-1.705813418065989, 48.09638307136677],
            [-1.705588259732583, 48.09656792450233],
            [-1.705159469751777, 48.09686100787963],
            [-1.704518335478263, 48.09729326329272],
            [-1.704310057271528, 48.097471387991845],
            [-1.704310057196849, 48.097471388057976],
            [-1.704124454720802, 48.0976694862215],
            [-1.703925036758914, 48.09791306511776],
            [-1.703890095517791, 48.09795574377836],
            [-1.703808175491681, 48.09805815601265],
            [-1.703548689590638, 48.09838153351974],
            [-1.702887750665924, 48.09815920141934],
            [-1.702580564522001, 48.09806915563526],
            [-1.702152164615213, 48.097976908314784],
            [-1.701758783102865, 48.09793691971649],
            [-1.701422818561564, 48.09794111576598],
            [-1.701050811242673, 48.097959909288434],
            [-1.69990497452394, 48.0980210825392],
            [-1.699703895279611, 48.09806032658471],
            [-1.699477844171155, 48.0981184886826],
            [-1.699054777015025, 48.0982452717149],
            [-1.698878821976443, 48.09829800056361],
            [-1.698405024114044, 48.09841445434163],
            [-1.698208047313781, 48.09843245416389],
            [-1.697221087612814, 48.098522721234644],
            [-1.696879434608673, 48.09857051839915],
            [-1.69652410703941, 48.09863573261712],
            [-1.696343197346196, 48.098665654653324],
            [-1.696132339039019, 48.09868038473306],
            [-1.695281718695005, 48.0986955755833],
            [-1.695041173306053, 48.09869653561849],
            [-1.69463344963436, 48.09868698676248],
            [-1.694520756879502, 48.09870415745323],
            [-1.694520756879502, 48.09870415745323],
            [-1.694381562830272, 48.09869415214135],
            [-1.694236427264792, 48.0986977172869],
            [-1.694127910409153, 48.098717377071296],
            [-1.693560797249028, 48.0989251911934],
            [-1.692506522540392, 48.099311522748025],
            [-1.69236309283232, 48.09938216574768],
            [-1.692219071958368, 48.09948171523461],
            [-1.692147060646186, 48.09953211844065],
            [-1.691820359372777, 48.09978358600869],
            [-1.691068367444354, 48.100315910333286],
            [-1.69092139823976, 48.100418684317304],
            [-1.690404164991793, 48.100855189874494],
            [-1.690260469509874, 48.100946655855914],
            [-1.690156693497112, 48.10102739200769],
            [-1.690031138554213, 48.10119705260985],
            [-1.690031138555028, 48.10119705261882],
            [-1.6899281499695, 48.101432923251785],
            [-1.689282478052578, 48.10229763172106],
            [-1.688686393447287, 48.103016950715784],
            [-1.688628244349177, 48.10318445852406],
            [-1.68864088621347, 48.103285887957746],
            [-1.688571752182892, 48.103392602443655],
            [-1.688492372217489, 48.10355299597328],
            [-1.688412634901092, 48.1037141104817],
            [-1.688352214283909, 48.10400104657758],
            [-1.688330074491497, 48.10442199220345],
            [-1.688290929939341, 48.105460306094066],
            [-1.68828346494982, 48.10566301484936],
            [-1.68827881827683, 48.10573177676009],
            [-1.688278811341305, 48.1057317752047],
            [-1.688278818276014, 48.1057317767511],
            [-1.688002510774303, 48.105669966093885],
            [-1.687712732821224, 48.10564074369868],
            [-1.687547421576498, 48.105624280270824],
            [-1.687547408393924, 48.105624278961095],
            [-1.687286142507857, 48.105598049962474],
            [-1.687239237216476, 48.1055957434097],
            [-1.686686443576018, 48.10556855849624],
            [-1.686142401457272, 48.105541801331555],
            [-1.686096175321688, 48.105539527709816],
            [-1.686096175321688, 48.105539527709816],
            [-1.685216272632389, 48.10546578837799],
            [-1.684799165856995, 48.1054308307481],
            [-1.684645497675195, 48.10543160395742],
            [-1.684427137972091, 48.1054946058929],
            [-1.684436407770942, 48.10557410925655],
            [-1.683092453203357, 48.10574985438831],
            [-1.6829632883608, 48.105768891897554],
            [-1.682582312651651, 48.10582448698642],
            [-1.682405368063013, 48.10585555691589],
            [-1.681854874332782, 48.10592613973052],
            [-1.681709188328196, 48.105946363744266],
            [-1.68136250012466, 48.105994489902564],
            [-1.681148836496992, 48.1060240602805],
            [-1.68096366521327, 48.106103962287875],
            [-1.680881850075189, 48.10618221716573],
            [-1.680635560706816, 48.10674501563998],
            [-1.680497131303434, 48.107039125987576],
            [-1.680462622968262, 48.10711470351494],
            [-1.6803446578799, 48.10739352017956],
            [-1.680316674232948, 48.10746757700969],
            [-1.680261555723777, 48.10750959339455],
            [-1.680122379331246, 48.10795298759029],
            [-1.680127551985041, 48.10806466838916],
            [-1.680132398112117, 48.10816929866589],
            [-1.680140312637795, 48.10841560070553],
            [-1.680146299016823, 48.10860154614619],
            [-1.680153211649472, 48.10883338213784],
            [-1.68016732732943, 48.109366965830525],
            [-1.680184769687407, 48.10985121527221],
            [-1.679537185250218, 48.10985429887249],
            [-1.679204479543111, 48.10985588169794],
            [-1.678811709062072, 48.10985713460684],
            [-1.67828468761342, 48.10985881364803],
            [-1.678094280651272, 48.1098594196645],
            [-1.677813396937866, 48.109860313099254],
            [-1.676385842816938, 48.10986674898334],
            [-1.675489007324891, 48.1098711459211],
            [-1.674483112963052, 48.10987482197862],
            [-1.674456569490429, 48.10987491886611],
            [-1.674097886125786, 48.10987490682741],
            [-1.673949409138992, 48.10987639669335],
            [-1.672842221673412, 48.10987575178449],
            [-1.671567919071615, 48.10988302066747],
            [-1.671143095682564, 48.1098823490856],
            [-1.670874497445562, 48.10988334910745],
            [-1.670727475175783, 48.10989379755279],
            [-1.670527403608213, 48.109923850189425],
            [-1.670448248889959, 48.10995013286751],
            [-1.670390522183739, 48.10997383306247],
            [-1.670289494427204, 48.11003344259724],
            [-1.670241983584873, 48.11004960930764],
            [-1.670208809997717, 48.11004988477697],
            [-1.669499796897349, 48.11005533327154],
            [-1.669018474772584, 48.11005708133766],
            [-1.667688343424605, 48.11006070127652],
            [-1.665366510546908, 48.11007179400628],
            [-1.664554899226249, 48.110075807293704],
            [-1.664233663164458, 48.1100790527565],
            [-1.663623308785476, 48.11007984985483],
            [-1.659227764046276, 48.110099162711414],
            [-1.658443659545637, 48.1101025902348],
            [-1.658337757420524, 48.11006812348741],
            [-1.657912987727622, 48.110016129594726],
            [-1.657591020737147, 48.110018434312934],
            [-1.657384868248353, 48.110022012900245],
            [-1.656755332476845, 48.11006779404495],
            [-1.656384833090129, 48.110104275628395],
            [-1.656164600073119, 48.110105665290575],
            [-1.655701335691845, 48.11010858711592],
            [-1.655527221624415, 48.1101048856465],
            [-1.655527105931734, 48.11010488582558],
            [-1.655527159555578, 48.110104689926665],
            [-1.655396984068404, 48.110101777801084],
            [-1.655313918603742, 48.11010116869032],
            [-1.654639323181454, 48.11010919146683],
            [-1.653942843782042, 48.110131239052635],
            [-1.653023189741672, 48.110207872400466],
            [-1.652805102913475, 48.11023702735792],
            [-1.652622299442855, 48.11025480830328],
            [-1.652321022270352, 48.11029986944572],
            [-1.652088187808592, 48.11033483470778],
            [-1.651741497995249, 48.110386545448584],
            [-1.65161093098935, 48.11040920456507],
            [-1.651464360184103, 48.110435476820875],
            [-1.651243952300169, 48.110477766426435],
            [-1.650987386672624, 48.110528606765556],
            [-1.650776064829173, 48.11057217060972],
            [-1.650595557574918, 48.11061608781918],
            [-1.650292498428096, 48.11069117749244],
            [-1.650137730562198, 48.11072955514544],
            [-1.649614750220529, 48.11085910107989],
            [-1.64819784755962, 48.111210146229986],
            [-1.64762314808138, 48.111352524744625],
            [-1.646524553564016, 48.11162468506003],
            [-1.646093663695404, 48.111728482225516],
            [-1.643534130286467, 48.11235041568348],
            [-1.642936265589357, 48.11247230294789],
            [-1.642395887282148, 48.1125824672406],
            [-1.641788302064941, 48.11268234413599],
            [-1.64160613462451, 48.11271040038285],
            [-1.64149786162253, 48.112748367421545],
            [-1.641403412274587, 48.11279339111952],
            [-1.641344883609318, 48.11284608165413],
            [-1.641277365610804, 48.11297462663701],
            [-1.641046250555483, 48.11356803894522],
            [-1.640926604983929, 48.113875236013435],
            [-1.640898126716126, 48.11392028173632],
            [-1.640859196055212, 48.11395285621042],
            [-1.640811931725779, 48.11397808195642],
            [-1.640761842339394, 48.11399340204193],
            [-1.640693701336503, 48.113998078488045],
            [-1.640600755537769, 48.11400755657076],
            [-1.639694388275906, 48.11402112082973],
            [-1.636849651495849, 48.11405924733014],
            [-1.636083668636051, 48.11407236614685],
            [-1.635034370328273, 48.11409032895728],
            [-1.634915970529373, 48.11407401693986],
            [-1.634698434074274, 48.11407702550019],
            [-1.634215668826531, 48.11408307304847],
            [-1.634081716547039, 48.114061507645886],
            [-1.634074176535839, 48.114033962062905],
            [-1.634060478685447, 48.1140075017072],
            [-1.63404273496042, 48.1139846211526],
            [-1.63402040876727, 48.11396361652403],
            [-1.633993933850223, 48.11394489743394],
            [-1.633963825962155, 48.11392882784073],
            [-1.633930671655059, 48.113915721094486],
            [-1.633899052442515, 48.11390674503125],
            [-1.633866016254102, 48.11390046251307],
            [-1.63383207230347, 48.11389697015401],
            [-1.633787341712789, 48.11389670208715],
            [-1.633743136061316, 48.113901287492105],
            [-1.63370640598012, 48.113909015426344],
            [-1.633671639925962, 48.11392009267386],
            [-1.633639513918961, 48.11393430097421],
            [-1.633610653235402, 48.11395136644563],
            [-1.633585619857926, 48.11397095468434],
            [-1.633567618970723, 48.11398670312455],
            [-1.6335530942592, 48.11400398652711],
            [-1.633542332599164, 48.11402246355202],
            [-1.633535546050958, 48.11404176884255],
            [-1.63353287116381, 48.114061520261416],
            [-1.63340052958747, 48.11404904106766],
            [-1.633129808906493, 48.114048373659784],
            [-1.63276994013307, 48.114051374169804],
            [-1.632610758891764, 48.11405212793385],
            [-1.632270332851355, 48.114054588944754],
            [-1.632151755095683, 48.11405498247176],
            [-1.631253822722257, 48.11405795843077],
            [-1.631059357039698, 48.11405902398063],
            [-1.630230086171277, 48.11407090457289],
            [-1.629855036060811, 48.11407612540214],
            [-1.629500189076101, 48.11408047865404],
            [-1.629345795056558, 48.11408228197071],
            [-1.629073236890511, 48.11410085286524],
            [-1.628890829166838, 48.11408000400507],
            [-1.628890829166838, 48.11408000400507],
            [-1.628896780526718, 48.114068778069914],
            [-1.628901959000399, 48.114053214096714],
            [-1.628903851677956, 48.11403732015827],
            [-1.628902422951479, 48.11402140404168],
            [-1.628897700628072, 48.114005775486255],
            [-1.628889775365416, 48.11399073989891],
            [-1.628878803887632, 48.11397658921431],
            [-1.628864996596548, 48.11396359878955],
            [-1.628848625051485, 48.11395202079584],
            [-1.628830006979906, 48.113942082118804],
            [-1.628809502709532, 48.11393397459079],
            [-1.628787515410196, 48.11392785768441],
            [-1.628764468756621, 48.11392384950028],
            [-1.628740815053294, 48.1139220273411],
            [-1.628717011102503, 48.11392242868314],
            [-1.628693522922632, 48.11392504377802],
            [-1.628670807462489, 48.11392982179497],
            [-1.628649305898173, 48.11393667109069],
            [-1.628629436768775, 48.1139454576835],
            [-1.628611587075295, 48.11395601101778],
            [-1.628596104236726, 48.11396812428772],
            [-1.628583290192525, 48.113981563684966],
            [-1.628573393036148, 48.11399606513117],
            [-1.628566606963638, 48.11401134869653],
            [-1.628563062646882, 48.114027116284156],
            [-1.628562829379932, 48.11404306055399],
            [-1.628564853192639, 48.11405499445158],
            [-1.6285687193236, 48.114066721731014],
            [-1.628568719310997, 48.114066721740535],
            [-1.628395656146849, 48.114082564726964],
            [-1.628012103740331, 48.11409421053037],
            [-1.627850227554175, 48.11409912518471],
            [-1.627011700351209, 48.11411262892405],
            [-1.625348896476942, 48.114133168258334],
            [-1.624962915391281, 48.114135860385275],
            [-1.624241835319834, 48.1141407428474],
            [-1.624079443277418, 48.114140888124766],
            [-1.623515360846069, 48.11414619935027],
            [-1.623392606458074, 48.11414864988943],
            [-1.623034918138009, 48.114174165710814],
            [-1.622869984267632, 48.11418572693939],
            [-1.622868392321239, 48.11417493347229],
            [-1.622864785880672, 48.11416427233257],
            [-1.62285923038792, 48.11415399320616],
            [-1.622850771031928, 48.114143081167626],
            [-1.62284012599043, 48.11413306340537],
            [-1.622827502493725, 48.114124135248844],
            [-1.622813147559011, 48.11411647056914],
            [-1.62279733828764, 48.11411021861009],
            [-1.622780384305062, 48.11410550118697],
            [-1.622762614028066, 48.114102409589634],
            [-1.622744374592452, 48.114101003774415],
            [-1.622726019698447, 48.114101311861624],
            [-1.622707908032748, 48.11410332754111],
            [-1.622695497813409, 48.114105753752206],
            [-1.622664363746902, 48.114116214831256],
            [-1.622647299810391, 48.1141254903709],
            [-1.622632786162729, 48.114136542954846],
            [-1.622625722084615, 48.11414259085134],
            [-1.622619909434174, 48.1141492101545],
            [-1.622615449348281, 48.114156283268436],
            [-1.622612417088452, 48.11416368913225],
            [-1.622514083761488, 48.11415573576994],
            [-1.621842328528704, 48.11417656881156],
            [-1.621403273847142, 48.114190183006876],
            [-1.62122631336953, 48.11418157891427],
            [-1.621228862982549, 48.11414764532221],
            [-1.621225823674071, 48.11411373089948],
            [-1.621217232143124, 48.114080245033776],
            [-1.621203190945316, 48.11404759629454],
            [-1.621183871383037, 48.11401617964818],
            [-1.621159508226622, 48.11398637761652],
            [-1.621130397483317, 48.113958550401115],
            [-1.621096892463371, 48.1139330370326],
            [-1.621059398945929, 48.113910146473806],
            [-1.621018373757817, 48.113890156775994],
            [-1.620974312232716, 48.11387331026696],
            [-1.62092775222218, 48.11385981326395],
            [-1.620871973868744, 48.11384867074788],
            [-1.620814548961358, 48.1138423067967],
            [-1.620778832009948, 48.11384083170116],
            [-1.620728122654102, 48.113841931414825],
            [-1.620677900879152, 48.11384676071533],
            [-1.620628777570877, 48.113855259915574],
            [-1.620581348949505, 48.11386732577715],
            [-1.620536189944092, 48.11388281264149],
            [-1.620493848834299, 48.113901532690136],
            [-1.62045484070905, 48.113923258018424],
            [-1.620419638476964, 48.11394772542064],
            [-1.620388668932917, 48.11397463753904],
            [-1.620362307793457, 48.11400366752306],
            [-1.620340876077598, 48.11403446368888],
            [-1.620324632223245, 48.114066651637955],
            [-1.620313775331278, 48.11409984043375],
            [-1.62030843752307, 48.114133627413786],
            [-1.620308681741158, 48.11416760368414],
            [-1.620154038829136, 48.114154783636316],
            [-1.619951490752224, 48.11416180960621],
            [-1.619603666697843, 48.11416495509142],
            [-1.619395193543998, 48.114166870793746],
            [-1.618780863412667, 48.11417261298304],
            [-1.617480928461068, 48.114188284584166],
            [-1.617023992623741, 48.114196217381156],
            [-1.616384414166271, 48.11420834818479],
            [-1.616312485004068, 48.11420957398442],
            [-1.615567758220245, 48.11423500934156],
            [-1.615436236274358, 48.11424029732952],
            [-1.615434349319424, 48.11423578141704],
            [-1.615431541527604, 48.11423148537327],
            [-1.615424770654861, 48.11422274863699],
            [-1.61541624871553, 48.1142147273203],
            [-1.615405702295299, 48.11420734318582],
            [-1.615394650806329, 48.114201441703074],
            [-1.615381994852515, 48.11419643536685],
            [-1.615368420837718, 48.11419265703877],
            [-1.615354193729003, 48.11419018078053],
            [-1.615339590990913, 48.11418905492341],
            [-1.61532489572138, 48.1141893005419],
            [-1.615310395471828, 48.11419091330293],
            [-1.615296370020287, 48.11419386215479],
            [-1.615283095313244, 48.11419808826769],
            [-1.615270827939813, 48.11420351196418],
            [-1.615259805829675, 48.114210025482855],
            [-1.615250246455631, 48.11421750296179],
            [-1.615244161219298, 48.114223642634215],
            [-1.615239063687415, 48.11423017425773],
            [-1.615082361302602, 48.11421845367732],
            [-1.614932212661938, 48.114225056290564],
            [-1.613755258328767, 48.114235687900646],
            [-1.613332875727099, 48.11423966831054],
            [-1.613105225547452, 48.11424189154235],
            [-1.611705892725983, 48.11425537108303],
            [-1.611084203280512, 48.11426862580629],
            [-1.610619470340193, 48.11427877164518],
            [-1.610391838310339, 48.11428862005266],
            [-1.610389857017155, 48.11427718977573],
            [-1.610383189978613, 48.114261056583295],
            [-1.610379985015177, 48.11425518784717],
            [-1.610370556301048, 48.1142430199784],
            [-1.610358689854321, 48.114231849069014],
            [-1.61034461639451, 48.11422189292681],
            [-1.610328611558387, 48.11421334503302],
            [-1.610310986274217, 48.11420637222528],
            [-1.610289890606674, 48.11420064501093],
            [-1.610267728093583, 48.114197161772566],
            [-1.61024502965787, 48.11419600664388],
            [-1.61022233733399, 48.11419720744988],
            [-1.610211272749241, 48.11419867731565],
            [-1.61019174100033, 48.11420278245605],
            [-1.610173252470165, 48.11420866854553],
            [-1.610156166861524, 48.11421622024872],
            [-1.610140816855524, 48.11422529087682],
            [-1.610136373832331, 48.11422876585699],
            [-1.61011804606997, 48.11424539023993],
            [-1.610110349078682, 48.114255752469255],
            [-1.610104518819, 48.1142666471514],
            [-1.610099527411004, 48.11428322251217],
            [-1.610098869632433, 48.114300126007045],
            [-1.610100859887256, 48.11431147663679],
            [-1.610104821846595, 48.114322592342354],
            [-1.610110702745235, 48.11433331936139],
            [-1.610122897539673, 48.11434837407013],
            [-1.61013877486388, 48.114361801657175],
            [-1.610150377305463, 48.11436916191963],
            [-1.609921912926869, 48.11451575815287],
            [-1.609618314793618, 48.11467831075162],
            [-1.609593255612804, 48.114689739203435],
            [-1.609331849099409, 48.11480895520289],
            [-1.609110390109167, 48.114887375181446],
            [-1.608806374459494, 48.11499207653392],
            [-1.607834518867773, 48.115325083725246],
            [-1.607488710549597, 48.115447423942896],
            [-1.60714968851762, 48.115576430856166],
            [-1.606992542977017, 48.115633091510475],
            [-1.606936500431544, 48.11565329822492],
            [-1.606788173117646, 48.115720955115],
            [-1.606723482517022, 48.11575510589028],
            [-1.606658378574493, 48.115801108129276],
            [-1.606817097116936, 48.115897456660434],
            [-1.607183047282844, 48.116282556789464],
            [-1.607809600258608, 48.11694005825362],
            [-1.608116466480563, 48.11726431744263],
            [-1.608162096453624, 48.11736429034256],
            [-1.608143707137134, 48.11736815467838],
            [-1.60812629919427, 48.11737369523707],
            [-1.60811021288463, 48.117380804678014],
            [-1.608083224549343, 48.11739914613897],
            [-1.608072847763579, 48.11741002193257],
            [-1.608064831424875, 48.11742175912805],
            [-1.60805933270104, 48.11743412887521],
            [-1.608056459288315, 48.11744689079067],
            [-1.608056265629533, 48.11745979581253],
            [-1.608058138208608, 48.117470480810155],
            [-1.608061868276655, 48.117480946312895],
            [-1.608067405053847, 48.117491045686315],
            [-1.608078886106696, 48.11750521917286],
            [-1.608093833687858, 48.117517859868485],
            [-1.608108026908425, 48.117526591511734],
            [-1.608123896066536, 48.11753391527319],
            [-1.608141133807319, 48.11753968939297],
            [-1.608159404344142, 48.11754380028127],
            [-1.608178350804586, 48.117546169432345],
            [-1.608197605636003, 48.11754674940346],
            [-1.608216792427911, 48.11754552914798],
            [-1.608235540580682, 48.11754253252667],
            [-1.608253482624164, 48.117537818415066],
            [-1.60827027014689, 48.11753147826314],
            [-1.608330113949281, 48.11766938951932],
            [-1.608359264289984, 48.1177922834498],
            [-1.608337582765919, 48.11779466420105],
            [-1.608317194927947, 48.11779894833031],
            [-1.608297896340925, 48.117805091770876],
            [-1.608280062344924, 48.117812973161776],
            [-1.60826403991687, 48.11782243984194],
            [-1.60825014096664, 48.117833308118705],
            [-1.608238635793549, 48.11784536533212],
            [-1.608229748365033, 48.117858377252176],
            [-1.608223652534839, 48.11787209093328],
            [-1.608220467080865, 48.11788623941834],
            [-1.608220252163973, 48.117900547286546],
            [-1.608222054739712, 48.11791127653478],
            [-1.608225550726284, 48.11792181718856],
            [-1.608230678582695, 48.11793205277861],
            [-1.608237362901576, 48.117941877302464],
            [-1.608248437414244, 48.117953969482585],
            [-1.608261903286974, 48.11796491974699],
            [-1.608277638698979, 48.11797459962484],
            [-1.608295232898623, 48.117982719226504],
            [-1.60831434348305, 48.11798912107725],
            [-1.608334598517283, 48.117993678619726],
            [-1.608355604040761, 48.11799630492336],
            [-1.608380729656852, 48.11799686676106],
            [-1.608405650691987, 48.11799464271461],
            [-1.60839634780619, 48.11841047785843],
            [-1.60839330845318, 48.118451798054174],
            [-1.608371879296568, 48.11874312631852],
            [-1.608354280092152, 48.11874180424662],
            [-1.608336576651472, 48.118742116301895],
            [-1.608319106161929, 48.11874405618079],
            [-1.608302091382662, 48.11874763207656],
            [-1.608285986197302, 48.118752758224865],
            [-1.608271102018156, 48.11875933564912],
            [-1.608257731520168, 48.118767236389886],
            [-1.608246131370729, 48.11877630599889],
            [-1.6082365307561, 48.118786368603594],
            [-1.608229113950635, 48.11879722760541],
            [-1.608224026241711, 48.118808671749555],
            [-1.608221367546425, 48.11882047898479],
            [-1.608221188629712, 48.11883241931806],
            [-1.608224442879592, 48.118847195462145],
            [-1.608231515514723, 48.118861363584],
            [-1.608242128346017, 48.11887446089155],
            [-1.608255947592952, 48.1188861403491],
            [-1.608269080353824, 48.11889421888895],
            [-1.608283762654726, 48.1189009955265],
            [-1.608299712149886, 48.11890633741122],
            [-1.608316615459763, 48.11891014086793],
            [-1.608334145762416, 48.11891233249407],
            [-1.608351960111971, 48.11891286926718],
            [-1.608369714348398, 48.1189117397495],
            [-1.608387059396134, 48.11890896784035],
            [-1.608403659474182, 48.11890460573935],
            [-1.608419192657953, 48.118898740230996],
            [-1.60843791116172, 48.11900787275248],
            [-1.608551059837419, 48.11927523707763],
            [-1.608709034702812, 48.11954674270727],
            [-1.608804046988459, 48.11967577585612],
            [-1.608842892592045, 48.119720238936104],
            [-1.60891326292776, 48.11977456267727],
            [-1.608945714565147, 48.11985832156002],
            [-1.608997132648188, 48.119945911050095],
            [-1.609019721322818, 48.120013899008626],
            [-1.609063103304844, 48.12008547045676],
            [-1.609123242042574, 48.12015239500657],
            [-1.609225028940883, 48.12024194017525],
            [-1.609341035745339, 48.12039450966577],
            [-1.609423352296147, 48.120458337705465],
            [-1.609459333051755, 48.12055052017657],
            [-1.609567191595472, 48.12070650387763],
            [-1.609874494162489, 48.12109470472284],
            [-1.609965636088373, 48.12123037424725],
            [-1.610238797056553, 48.121636983885104],
            [-1.61071525067951, 48.12251809186474],
            [-1.610825366733429, 48.12269295432296],
            [-1.610861255612994, 48.12276021698906],
            [-1.611016373933999, 48.12305093633398],
            [-1.610998224339446, 48.1230567043143],
            [-1.610981446642582, 48.12306410400979],
            [-1.610966368536678, 48.12307299253577],
            [-1.610953280121387, 48.12308319788],
            [-1.610942501704378, 48.123094494559766],
            [-1.610934175755416, 48.123106684945604],
            [-1.610928465509336, 48.123119532732495],
            [-1.610925480459662, 48.12313278755128],
            [-1.610925279682639, 48.123146192043734],
            [-1.610926330611647, 48.12315335360794],
            [-1.61092816505797, 48.1231604432142],
            [-1.610212890121088, 48.12327628831829],
            [-1.609345600845261, 48.12339072196811],
            [-1.608770702292116, 48.123474818468],
            [-1.608337895609193, 48.12350407517694],
            [-1.608187075615872, 48.12350605901681],
            [-1.607863673381343, 48.12351031229005],
            [-1.60759066772807, 48.12349593265755],
            [-1.607047986535284, 48.12346703897664],
            [-1.606810500663297, 48.123462156894554],
            [-1.606644788789914, 48.12346879429134],
            [-1.606503812193792, 48.12348804349414],
            [-1.606448873941333, 48.12349562656935],
            [-1.606444025286786, 48.12348357768651],
            [-1.606437444499448, 48.12347190360626],
            [-1.606425067013115, 48.12345593046022],
            [-1.606409487916134, 48.12344126679018],
            [-1.606391013936813, 48.12342819762039],
            [-1.606370001456969, 48.12341697630663],
            [-1.606346861707242, 48.12340782243624],
            [-1.606322390379486, 48.12340099607121],
            [-1.60629675152522, 48.123396480729035],
            [-1.606270430562792, 48.12339436238742],
            [-1.606243924990852, 48.12339468148952],
            [-1.606215950276164, 48.12339771653748],
            [-1.606190306746405, 48.12340310539171],
            [-1.606166031988288, 48.12341083073401],
            [-1.606143599711995, 48.1234207420444],
            [-1.606123446335154, 48.12343264794873],
            [-1.606105964198048, 48.12344631558925],
            [-1.606090148568226, 48.12346319710619],
            [-1.606078382967633, 48.123481502222425],
            [-1.606070946246784, 48.12350079720164],
            [-1.606018083525364, 48.12349517446657],
            [-1.605868267507856, 48.12348484943445],
            [-1.605551259447395, 48.12349077464922],
            [-1.604847948750518, 48.1235421693274],
            [-1.604104769307411, 48.12356726815263],
            [-1.604098505817392, 48.12356741434054],
            [-1.60371442885414, 48.123576377910936],
            [-1.60325981821344, 48.123575028133075],
            [-1.602627299961296, 48.12355023724636],
            [-1.601783086496893, 48.12349920053989],
            [-1.60165559711436, 48.123487858727714],
            [-1.601657563415486, 48.12347438100773],
            [-1.601651457135138, 48.12345581293985],
            [-1.601637078787095, 48.12343941842595],
            [-1.601615837816612, 48.123426800739594],
            [-1.60160914999613, 48.12342484641188],
            [-1.601589813272003, 48.12341919489535],
            [-1.601561550585881, 48.12341734689037],
            [-1.601533819063236, 48.12342143516246],
            [-1.601509332542349, 48.12343106190825],
            [-1.601490486994619, 48.12344528341238],
            [-1.601479127007794, 48.12346270768891],
            [-1.601478098356759, 48.12346975876778],
            [-1.6013861455797, 48.12346870904519],
            [-1.601331259207567, 48.123462407627834],
            [-1.601109268919828, 48.12344935301379],
            [-1.600802903828477, 48.123414168306596],
            [-1.600688185838245, 48.123400441337864],
            [-1.600647246537844, 48.12337229400411],
            [-1.600614768712338, 48.12329707149754],
            [-1.600566385379789, 48.123154234667574],
            [-1.600427726335742, 48.12274488228822],
            [-1.600322104242452, 48.12245976409146],
            [-1.600136274698048, 48.12196630216504],
            [-1.600150768386054, 48.121962612137196],
            [-1.600164311024483, 48.12195755365838],
            [-1.600175997255547, 48.12195156749849],
            [-1.600186325155225, 48.121944549941304],
            [-1.600195095734591, 48.121936638692965],
            [-1.600202134242551, 48.121927986708485],
            [-1.60020730775796, 48.12191876329008],
            [-1.600210512560555, 48.12190914828518],
            [-1.600211688480443, 48.12189932700732],
            [-1.6002108110127, 48.1218894923536],
            [-1.600207897220802, 48.12187983555837],
            [-1.600203005496191, 48.12187054349968],
            [-1.600196228773495, 48.12186179806986],
            [-1.600187702015192, 48.12185376956881],
            [-1.600177587060956, 48.121846612805136],
            [-1.60016608493618, 48.1218404693068],
            [-1.600153417378711, 48.121835456346865],
            [-1.600139830081448, 48.1218316731209],
            [-1.600125590630524, 48.12182919272043],
            [-1.600110972494542, 48.1218280636743],
            [-1.600096262909945, 48.121828307831265],
            [-1.60008174671005, 48.121829920105824],
            [-1.599941451318376, 48.12135852088782],
            [-1.599857553179127, 48.12118459040604],
            [-1.599753157388511, 48.121044363231974],
            [-1.599654835611869, 48.12091580090723],
            [-1.59956601466281, 48.12078708650044],
            [-1.599495815409353, 48.12064692140968],
            [-1.599455908164727, 48.120526815720716],
            [-1.599419866712961, 48.12041834410072],
            [-1.599327753515763, 48.12015448126305],
            [-1.599196388384644, 48.11977709803999],
            [-1.5990133998674, 48.11927069162234],
            [-1.598928380884456, 48.11903261427185],
            [-1.598947283111489, 48.11902765333238],
            [-1.598964978601797, 48.11902099087044],
            [-1.598983281717069, 48.119011410037984],
            [-1.598999058057123, 48.11899999215913],
            [-1.599018729883124, 48.11897760538312],
            [-1.599028399947568, 48.11895454276194],
            [-1.599030012599461, 48.11894106211767],
            [-1.599028808442048, 48.11892756166892],
            [-1.59902481094084, 48.11891430447549],
            [-1.599018095693756, 48.11890154971015],
            [-1.599093028858429, 48.11888312405931],
            [-1.599447410846182, 48.11879598248563],
            [-1.599468600518587, 48.118791222116606],
            [-1.599505839061681, 48.11878285626554],
            [-1.599838198482277, 48.11870818916826],
            [-1.600273523326139, 48.11864558220698],
            [-1.600494817178099, 48.11861605785026],
            [-1.600647321905403, 48.11860068285763],
            [-1.60073216270936, 48.118589339103764],
            [-1.600820487129163, 48.11856627602289],
            [-1.6008480937495, 48.118603494625646],
            [-1.600883207582588, 48.11862763823588],
            [-1.600945234916574, 48.118644058286094],
            [-1.600998351632345, 48.1186543862043],
            [-1.60104675159307, 48.11865244982147],
            [-1.601094738476659, 48.11864588428972],
            [-1.6011188075115, 48.118624018574145],
            [-1.601127396411275, 48.11858419137787],
            [-1.601108845649227, 48.11855125617605],
            [-1.601058380678702, 48.11853004963435],
            [-1.600977808670886, 48.11850191769246],
            [-1.600908150018807, 48.11849889838451],
            [-1.600732517253505, 48.118159404599],
            [-1.600592430698373, 48.117810303741805],
            [-1.600515621866617, 48.117533967748855],
            [-1.60047022006356, 48.11725814851757],
            [-1.600442767748116, 48.116901645774824],
            [-1.600439355232015, 48.11663584109287],
            [-1.600481369768683, 48.116352884650404],
            [-1.600580849438357, 48.11591001840369],
            [-1.600604893778495, 48.11583247629804],
            [-1.600776180632861, 48.115280075886524],
            [-1.600828651954861, 48.11511237729769],
            [-1.60100954313978, 48.11457577084878],
            [-1.601045562709909, 48.11451079424108],
            [-1.60107626784196, 48.1145117209218],
            [-1.601106866247968, 48.11450977761088],
            [-1.601136762422775, 48.11450500074995],
            [-1.601165375373776, 48.11449748386583],
            [-1.601192147766107, 48.11448737450159],
            [-1.601216558769462, 48.11447486739516],
            [-1.601238132423112, 48.1144602077487],
            [-1.601256450081939, 48.1144436799181],
            [-1.601271152937638, 48.114425605509965],
            [-1.601281957546464, 48.11440633645293],
            [-1.601288732740679, 48.11438586538249],
            [-1.601291115047257, 48.11436495919518],
            [-1.601289177231464, 48.11434467457961],
            [-1.601283090811657, 48.114324762298274],
            [-1.601272968942199, 48.11430560075656],
            [-1.601258814739477, 48.11428733038804],
            [-1.601241002493938, 48.114270557017655],
            [-1.601219876216928, 48.11425560746444],
            [-1.60119584935277, 48.1142427724314],
            [-1.601169388129348, 48.11423230086462],
            [-1.601143587543137, 48.11422498075628],
            [-1.601116600893929, 48.11421993001497],
            [-1.601084353082014, 48.114217002642626],
            [-1.601051812026249, 48.11421727300136],
            [-1.601019682258153, 48.11422073542691],
            [-1.60099035656105, 48.11422689773266],
            [-1.600962595924329, 48.114235732006776],
            [-1.600936942183576, 48.11424706790275],
            [-1.600913893648901, 48.114260684556854],
            [-1.600893900222864, 48.114276316189404],
            [-1.600877349293536, 48.1142936598772],
            [-1.600864563133066, 48.114312376558495],
            [-1.600855793235269, 48.11433210297263],
            [-1.60085120714843, 48.114352454889804],
            [-1.600850894638802, 48.11437303587447],
            [-1.600744720556641, 48.11436288373074],
            [-1.600415698833053, 48.11436764755489],
            [-1.598927306763349, 48.11438918583033],
            [-1.596310395803617, 48.11443109247255],
            [-1.595902043644734, 48.11449440591634],
            [-1.595817083209424, 48.11450824898902],
            [-1.595800460421891, 48.11448534184353],
            [-1.595775552734798, 48.11446609596269],
            [-1.595744054067836, 48.11445182400038],
            [-1.595708112188166, 48.11444349610686],
            [-1.595670176971837, 48.11444168292331],
            [-1.59563283439935, 48.114446504552504],
            [-1.595598626742985, 48.114457635943175],
            [-1.595569886481141, 48.1144743153293],
            [-1.595555675921966, 48.11448837865443],
            [-1.595484943106997, 48.11446871360879],
            [-1.595323706177065, 48.114449352495534],
            [-1.59517412494107, 48.11444093706954],
            [-1.594381464402175, 48.11444505619593],
            [-1.594094001403588, 48.11445080346013],
            [-1.593701065810169, 48.1144586582692],
            [-1.593509836539416, 48.11446782624498],
            [-1.592918204486473, 48.11450325275348],
            [-1.592717641676624, 48.11451526161486],
            [-1.592571915423358, 48.11450419001771],
            [-1.59257010534966, 48.114477686898084],
            [-1.592562601155696, 48.1144516373419],
            [-1.592549558963783, 48.114426585632856],
            [-1.592532037299648, 48.11440396265272],
            [-1.592509984912855, 48.11438319289642],
            [-1.592483830639802, 48.11436468000865],
            [-1.592454083001324, 48.11434878570803],
            [-1.592421322379589, 48.114335817485525],
            [-1.592386184929525, 48.114326029247266],
            [-1.592349354916057, 48.11431961080864],
            [-1.592311549886676, 48.11431668758559],
            [-1.592273504103643, 48.11431731585037],
            [-1.592235960580316, 48.11432148395067],
            [-1.592194421009621, 48.11433257282592],
            [-1.592155457487412, 48.11434726648524],
            [-1.592119759806183, 48.11436530312143],
            [-1.592087966739005, 48.11438636168746],
            [-1.59196486420792, 48.11434375515388],
            [-1.591279519593892, 48.11402905198293],
            [-1.590470602305537, 48.11361105368666]
          ]
        ],
        "type": "MultiLineString"
      },
      "properties": {
        "geo_point_2d": {
          "lon": -1.6616840586330486,
          "lat": 48.10280103438878
        },
        "gml_id": "v_star_lignes_actives.12",
        "id": 12,
        "li_code": "0006",
        "li_num": "C6",
        "li_nom": "Cesson-Sévigné (Rigourdière) <> Saint-Jacques-de-la-Lande (Aéroport)",
        "li_type": "Urbaine",
        "li_sstype": "CHRONOSTAR",
        "li_d_creat": null,
        "li_d_acces": "2007-09-01T02:00:00+02:00",
        "li_datedeb": "2019-04-22T02:00:00+02:00",
        "li_datefin": null,
        "comm_desservies": "35051, 35238, 35281",
        "li_couleur_rvb": "97,195,217,255",
        "li_couleur_hex": "#61C3D9",
        "volume": 700
      }
    },
    {
      "type": "Feature",
      "geometry": {
        "coordinates": [
          [
            [-1.744531512297881, 48.02450630775469],
            [-1.744530301711771, 48.0244970066174],
            [-1.744529593893006, 48.02447772491115],
            [-1.744519419534474, 48.02420056142885],
            [-1.744495134165776, 48.02353898304643],
            [-1.744473763236628, 48.02349389727739],
            [-1.744411072665165, 48.02346898520195],
            [-1.744324338031761, 48.023452039125736],
            [-1.74409469589356, 48.02343607702788],
            [-1.743950025870614, 48.02343343085618],
            [-1.743828347752223, 48.02346405266485],
            [-1.743714452888186, 48.023470106833486],
            [-1.743375763950507, 48.023448691488824],
            [-1.742993223587719, 48.02342450220028],
            [-1.742682918231272, 48.023404879607305],
            [-1.741284029251434, 48.0232696467531],
            [-1.741284029238876, 48.02326964676263],
            [-1.741296932777607, 48.02265515300674],
            [-1.741158492982206, 48.02197989252377],
            [-1.741047529360885, 48.02141322015374],
            [-1.740976052737681, 48.020905682019844],
            [-1.740860472618245, 48.020433219314455],
            [-1.740743109018192, 48.020150921153494],
            [-1.74075612617954, 48.02014711775897],
            [-1.740768055129251, 48.02014195083719],
            [-1.740777177940679, 48.02013653306131],
            [-1.740785088325379, 48.02013031559394],
            [-1.740791632239115, 48.02012342014361],
            [-1.740796682380536, 48.02011598173237],
            [-1.740800139034973, 48.020108143254134],
            [-1.740802023396407, 48.02009921356375],
            [-1.740801845940645, 48.020090196020526],
            [-1.740799610054645, 48.02008130315259],
            [-1.741170661851347, 48.01998913876496],
            [-1.742348584746773, 48.01978692170394],
            [-1.742933571452155, 48.019721466748585],
            [-1.74332156795427, 48.01967805203589],
            [-1.74424813228603, 48.01958460983148],
            [-1.744629714889433, 48.0195681813267],
            [-1.744994031010558, 48.01955249501416],
            [-1.745129375917836, 48.01954666719523],
            [-1.745889671015, 48.01951392661131],
            [-1.745892552860035, 48.019530630815595],
            [-1.745899511910813, 48.01954678614305],
            [-1.745906695504351, 48.019557534360274],
            [-1.745915708853031, 48.019567642801704],
            [-1.745926425104667, 48.01957697343125],
            [-1.745945332900436, 48.01958925088389],
            [-1.745967104798942, 48.01959916425964],
            [-1.745984115420308, 48.019604607516875],
            [-1.746002000900043, 48.01960859349795],
            [-1.746020484422845, 48.019611062459205],
            [-1.746044831532497, 48.01961192912663],
            [-1.746069067558174, 48.019610139317614],
            [-1.746089423281699, 48.01960650943394],
            [-1.746108825944774, 48.019601014850345],
            [-1.746126547078844, 48.019593903235524],
            [-1.746143296474724, 48.01958489090967],
            [-1.746157690736896, 48.019574575971845],
            [-1.746169805479307, 48.019563017105234],
            [-1.746179404919038, 48.01955044033449],
            [-1.746186301839745, 48.019537088599726],
            [-1.746190361770817, 48.01952322338598],
            [-1.746191506094221, 48.019509114682066],
            [-1.746478924956086, 48.01952494389306],
            [-1.747127499881989, 48.01955637740834],
            [-1.747413932872535, 48.01958468363049],
            [-1.747514920869586, 48.019594729155386],
            [-1.747850025803604, 48.01963743226377],
            [-1.747964886754915, 48.01965206900743],
            [-1.748249007202363, 48.019707503997196],
            [-1.748667848456986, 48.01980870863231],
            [-1.749002548303637, 48.01988958080358],
            [-1.749387857904971, 48.01998266606426],
            [-1.749970666154476, 48.02017670221322],
            [-1.750422389952701, 48.02034788965192],
            [-1.750641627711989, 48.02045532037613],
            [-1.750658787992647, 48.02046361739223],
            [-1.750748082075152, 48.0205067911697],
            [-1.751310280913585, 48.020804487238884],
            [-1.751483847395886, 48.02091731603126],
            [-1.751737963016091, 48.02108250533596],
            [-1.751725259094596, 48.02109590051356],
            [-1.751715455635803, 48.02111035160113],
            [-1.75170874707582, 48.02112557750334],
            [-1.751705261886386, 48.02114128093163],
            [-1.751705067497412, 48.0211571581129],
            [-1.751707282308163, 48.021169904097505],
            [-1.751712020301849, 48.02118316742838],
            [-1.751718852464183, 48.02119558438697],
            [-1.751732997907699, 48.02121300270154],
            [-1.751751395403724, 48.02122853010136],
            [-1.751768853683581, 48.021239250034114],
            [-1.751789096672332, 48.02124848035921],
            [-1.751809549875697, 48.021255312289924],
            [-1.751831997427882, 48.0212603421949],
            [-1.751855269826628, 48.02126322656681],
            [-1.751878913356454, 48.02126391029588],
            [-1.751902470071513, 48.02126237990045],
            [-1.751925479299196, 48.02125866526699],
            [-1.751947493615581, 48.02125283808758],
            [-1.75196808561903, 48.02124501248053],
            [-1.752050941794716, 48.021301412735795],
            [-1.752122554790773, 48.021350159613924],
            [-1.75223906040329, 48.02145354631763],
            [-1.752240427123839, 48.02145475913393],
            [-1.75240481137349, 48.021639361671355],
            [-1.752438463106531, 48.021677175532695],
            [-1.75246958065507, 48.02171987820161],
            [-1.75257983014347, 48.021875182323846],
            [-1.752679438183727, 48.02227335723647],
            [-1.752700364165695, 48.022411722861186],
            [-1.752702297057351, 48.022426556600955],
            [-1.752729684878902, 48.02264134033891],
            [-1.752769520999988, 48.02289616983994],
            [-1.752777774729493, 48.02296673154744],
            [-1.752811146988811, 48.02325951754533],
            [-1.752818993261299, 48.02334479228966],
            [-1.752850098546014, 48.02359709242841],
            [-1.752896552822074, 48.02397898755799],
            [-1.752912121571967, 48.02418382957635],
            [-1.752954577033073, 48.02476595282899],
            [-1.752954600262879, 48.02476627141262],
            [-1.75293394784203, 48.02476669495342],
            [-1.752913603589708, 48.0247691098642],
            [-1.752891034998441, 48.02477389226364],
            [-1.752869678343095, 48.02478073585452],
            [-1.752849949780676, 48.02478950625682],
            [-1.752832232641037, 48.02480003350314],
            [-1.752816872074064, 48.02481211226032],
            [-1.752804166177645, 48.024825507603545],
            [-1.752794363651597, 48.02483995871796],
            [-1.752787653504626, 48.024855183830546],
            [-1.752784168474054, 48.024870888178654],
            [-1.75278397565709, 48.0248867643889],
            [-1.752783975657916, 48.02488676439789],
            [-1.752786312044373, 48.02489990724662],
            [-1.752790928249866, 48.024912774574666],
            [-1.752797761081323, 48.024925190562975],
            [-1.752811907908284, 48.02494260873296],
            [-1.752830308475787, 48.02495813679185],
            [-1.752847766900015, 48.02496885660886],
            [-1.752867279587654, 48.02497784226925],
            [-1.752888466361964, 48.02498491847174],
            [-1.752910915555251, 48.024989947264835],
            [-1.752934189775035, 48.02499283231402],
            [-1.752957836362391, 48.02499351576526],
            [-1.752981393406046, 48.02499198520511],
            [-1.753004405553756, 48.02498827030272],
            [-1.75302642133611, 48.02498244292057],
            [-1.753047014661269, 48.024974617125494],
            [-1.753065783063896, 48.024964944755446],
            [-1.753082362343362, 48.024953613912125],
            [-1.753096430330721, 48.024940846101494],
            [-1.753107711580803, 48.02492688883015],
            [-1.753115987912846, 48.024912013366624],
            [-1.753115987927055, 48.024912013375044],
            [-1.754170108716105, 48.025180832332744],
            [-1.754264354901029, 48.02518058018885],
            [-1.754264354914411, 48.0251805801883],
            [-1.75426571886977, 48.0251882474035],
            [-1.754268411486521, 48.025195755053545],
            [-1.754272398926521, 48.025202998204875],
            [-1.754280652821162, 48.025213160073065],
            [-1.754291388531018, 48.025222219775756],
            [-1.754301574469743, 48.02522847355632],
            [-1.75431295821727, 48.02523371530078],
            [-1.75432531958761, 48.025237844189185],
            [-1.754338417296892, 48.02524077829846],
            [-1.754351994894813, 48.025242460664685],
            [-1.754365791553337, 48.02524285973741],
            [-1.75437953504501, 48.025241966065934],
            [-1.754392959802166, 48.025239798769505],
            [-1.754405804914417, 48.025236398374986],
            [-1.754417818726847, 48.0252318329885],
            [-1.754428768799087, 48.025226189736635],
            [-1.754438440981102, 48.02521957931928],
            [-1.754446648202507, 48.0252121293376],
            [-1.754453230720475, 48.02520398698723],
            [-1.754458059142851, 48.025195308119144],
            [-1.754461039103907, 48.02518626425523],
            [-1.754462115377742, 48.025177028900686],
            [-1.754461264427167, 48.02516778416061],
            [-1.754458502614457, 48.02515870778388],
            [-1.754453886697042, 48.025149978549514],
            [-1.754447503302866, 48.025141764086605],
            [-1.754439477538185, 48.02513422682576],
            [-1.754429966395052, 48.02512751075505],
            [-1.754419155397616, 48.02512174876813],
            [-1.754407253595797, 48.025117052057844],
            [-1.75455878081192, 48.02489075028601],
            [-1.754625106722836, 48.02482814165463],
            [-1.754703512646765, 48.024790555707185],
            [-1.755331927521896, 48.02474697029435],
            [-1.756865291505296, 48.024660410751494],
            [-1.757233747956092, 48.024648922896816],
            [-1.757571843181687, 48.024638380612394],
            [-1.757578774320737, 48.02465118068276],
            [-1.75759853263176, 48.02466811882456],
            [-1.757630550308299, 48.02468343861011],
            [-1.757747003346179, 48.024726334612645],
            [-1.757778308319361, 48.02473391601389],
            [-1.757814297287271, 48.02473716338207],
            [-1.757826756307287, 48.02473536461317],
            [-1.757838678084702, 48.02473234182562],
            [-1.757849794746661, 48.02472816199428],
            [-1.757859250294974, 48.02472328864641],
            [-1.757867601223936, 48.02471757976361],
            [-1.757874688590612, 48.02471114735969],
            [-1.757880370671232, 48.024704115377865],
            [-1.757884539263018, 48.02469662166429],
            [-1.757887113755715, 48.02468881194179],
            [-1.757888040882624, 48.02468083710777],
            [-1.757887305509057, 48.02467285368815],
            [-1.757884921941364, 48.024665016988344],
            [-1.75788093376148, 48.02465747929793],
            [-1.758037420247482, 48.02462145570048],
            [-1.758308136227291, 48.02459471117737],
            [-1.759288394903838, 48.02451958411492],
            [-1.759907678078988, 48.02448688554566],
            [-1.760950070808533, 48.024422731553884],
            [-1.761223893434546, 48.02442548460195],
            [-1.76136118867191, 48.02443316067277],
            [-1.761353442927931, 48.02444754351272],
            [-1.761349282233827, 48.024462578768556],
            [-1.761348814957279, 48.02447786813409],
            [-1.761350738458426, 48.02448867963922],
            [-1.76135453787359, 48.024499264638216],
            [-1.76136016082426, 48.02450947751514],
            [-1.761371801055674, 48.02452380505126],
            [-1.761386938366773, 48.02453657722086],
            [-1.76140109805371, 48.02454528700798],
            [-1.761416907063297, 48.024552609092495],
            [-1.761434066369354, 48.024558403592756],
            [-1.761367349114384, 48.02462040824068],
            [-1.76097817046357, 48.025332785761435],
            [-1.760808242341629, 48.025649519638684],
            [-1.760629099944695, 48.02598342376659],
            [-1.760442190491423, 48.02633152053231],
            [-1.760349511296735, 48.02655135234096],
            [-1.760323974875873, 48.02667423044405],
            [-1.760302041670643, 48.02698064202021],
            [-1.760268663363926, 48.027490652464735],
            [-1.760230782952121, 48.02761753885762],
            [-1.760145100285993, 48.02771933343392],
            [-1.760044350745678, 48.02779761456423],
            [-1.759901919467294, 48.027822348469336],
            [-1.759723065731394, 48.02782686847738],
            [-1.759515044704447, 48.02781956247257],
            [-1.758913577493574, 48.02777707484364],
            [-1.758445415061604, 48.02771248248958],
            [-1.757808411545581, 48.02759695637328],
            [-1.757808411546409, 48.027596956382254],
            [-1.757730878597485, 48.02784065174001],
            [-1.757622776304907, 48.02788008863358],
            [-1.757408149575088, 48.02798603021585],
            [-1.757355069135698, 48.028021876207],
            [-1.757318424907132, 48.02811054472964],
            [-1.757188092900359, 48.0285215780898],
            [-1.756967846755652, 48.02923973861341],
            [-1.757102566454109, 48.02925990333532],
            [-1.757354823841198, 48.029290407266856],
            [-1.75780232148262, 48.029355742131564],
            [-1.758019389131945, 48.02938665512536],
            [-1.758395325441832, 48.0294401506989],
            [-1.758404430315715, 48.02944187385618],
            [-1.75854858863446, 48.029469149508536],
            [-1.758595174153835, 48.029525298192546],
            [-1.758581247601727, 48.02962990389483],
            [-1.758304404918011, 48.03009843853472],
            [-1.758260820288619, 48.03016779869047],
            [-1.758504909598657, 48.03023153793772],
            [-1.759097051206183, 48.03040648128706],
            [-1.759511107875558, 48.03052820057191],
            [-1.759629206822108, 48.03059292036884],
            [-1.759654177360359, 48.03070046790519],
            [-1.759681627501078, 48.03077949405091],
            [-1.75966718923135, 48.03078751543481],
            [-1.75965487816443, 48.030796999502535],
            [-1.759646166917419, 48.030806183822],
            [-1.759639446197532, 48.030816091235685],
            [-1.759634847523786, 48.03082653065459],
            [-1.759632459519117, 48.03083729744869],
            [-1.759632328654845, 48.03084818152633],
            [-1.759633931498394, 48.03085719142663],
            [-1.759637098372469, 48.03086601392347],
            [-1.759641784318459, 48.03087452562135],
            [-1.759651485933445, 48.030886467292575],
            [-1.759664104344747, 48.03089711203876],
            [-1.759556840794631, 48.0310206973219],
            [-1.759515112451268, 48.0311905540194],
            [-1.759504820973756, 48.03123244563889],
            [-1.759493178066461, 48.03128098425995],
            [-1.75941023144775, 48.03162678120926],
            [-1.759106045356197, 48.03287034873151],
            [-1.75902792461684, 48.03312155125036],
            [-1.758889971184475, 48.033463120955886],
            [-1.758782991655317, 48.033773103628725],
            [-1.758758001069362, 48.03391049918953],
            [-1.758737136073036, 48.034006480063155],
            [-1.758542128240643, 48.0345043505392],
            [-1.758386861465157, 48.03487408309463],
            [-1.758286134793014, 48.03495766148421],
            [-1.758190510751383, 48.03498680184644],
            [-1.758047485810034, 48.03498788767788],
            [-1.757464902679983, 48.034799965462085],
            [-1.757309807373733, 48.03481368180175],
            [-1.757349839814579, 48.035032061208774],
            [-1.757382666501366, 48.03521113133544],
            [-1.757402646106195, 48.03532011983228],
            [-1.757416122431849, 48.03559834323262],
            [-1.757349588526179, 48.036116275833606],
            [-1.757266621821593, 48.03642947145361],
            [-1.757145412792209, 48.03669697298447],
            [-1.75698798458736, 48.03696102417786],
            [-1.756809094661905, 48.03726109231618],
            [-1.756265950059614, 48.03823375003873],
            [-1.756168830340948, 48.0384064322629],
            [-1.756077660467247, 48.03856421080375],
            [-1.755966611891623, 48.03866301010354],
            [-1.755925240713148, 48.03870221229777],
            [-1.755896714423345, 48.03869152317542],
            [-1.755864854615666, 48.03868665744274],
            [-1.755832239785483, 48.038688008424295],
            [-1.755801514982219, 48.03869546655604],
            [-1.755775166930122, 48.03870842870031],
            [-1.755755330648288, 48.03872584310205],
            [-1.755748071719405, 48.03873851917836],
            [-1.755743615092235, 48.038746300416044],
            [-1.755740966753753, 48.03876814298676],
            [-1.755747602833935, 48.03878960008336],
            [-1.755762983135802, 48.038808935048735],
            [-1.75578586412349, 48.03882458003448],
            [-1.755814390463786, 48.03883526918406],
            [-1.755846250358293, 48.03884013493061],
            [-1.755861123514271, 48.03883951885132],
            [-1.755861843533393, 48.038947700124154],
            [-1.755814012051382, 48.039087870825526],
            [-1.755774889813932, 48.03918985435625],
            [-1.755531147588462, 48.03967141652744],
            [-1.755153625861106, 48.04032163327772],
            [-1.754720513336101, 48.041067573915456],
            [-1.754538368818218, 48.04143864955069],
            [-1.754421408250674, 48.04167692558767],
            [-1.754297452593357, 48.04186868015665],
            [-1.754102028581435, 48.04207976380623],
            [-1.753746038073052, 48.042283629821135],
            [-1.753746038073052, 48.042283629821135],
            [-1.753724221390393, 48.0422693812634],
            [-1.753699938797032, 48.04225705870222],
            [-1.753673563722376, 48.04224685033377],
            [-1.753641859240603, 48.042238058412565],
            [-1.753608639755484, 48.04223231108016],
            [-1.753574549766824, 48.04222971952764],
            [-1.753540253754179, 48.042230334644266],
            [-1.753506418526589, 48.0422341450449],
            [-1.75347370502577, 48.0422410756071],
            [-1.753442747238279, 48.04225099194863],
            [-1.753414148262573, 48.04226370149128],
            [-1.753388467087817, 48.04227895581044],
            [-1.753366200596253, 48.04229645949022],
            [-1.753347782224584, 48.042315870178626],
            [-1.753333572328701, 48.042336810701116],
            [-1.753323847887114, 48.042358873992356],
            [-1.75331879512952, 48.04238163061034],
            [-1.753318515634821, 48.04240463659405],
            [-1.753323952574483, 48.04243044458044],
            [-1.753335418233045, 48.04245535237928],
            [-1.753192637532936, 48.04249716356876],
            [-1.750400906744741, 48.04335994547906],
            [-1.747890999940549, 48.04411443357654],
            [-1.747351313217777, 48.044281322213884],
            [-1.746456413625149, 48.044554382332365],
            [-1.746354037102212, 48.044585619920504],
            [-1.744889894652139, 48.0450323494747],
            [-1.744090379961178, 48.045279130958896],
            [-1.742671939340596, 48.04571877433781],
            [-1.742527821164846, 48.045776035243115],
            [-1.742514271201152, 48.04575859834071],
            [-1.742497232542194, 48.04574259504107],
            [-1.742477037605911, 48.04572833782388],
            [-1.742454081441034, 48.04571610414132],
            [-1.742428809183185, 48.04570613152952],
            [-1.742401713130031, 48.04569861502602],
            [-1.742373321289088, 48.045693699532755],
            [-1.742344184155042, 48.04569148216451],
            [-1.74231487137291, 48.04569200517769],
            [-1.74228595182158, 48.0456952585953],
            [-1.742257989515387, 48.04570117947495],
            [-1.742231528877902, 48.04570965251708],
            [-1.742207082775617, 48.045720511460146],
            [-1.742185129243949, 48.04573354732595],
            [-1.742166094927206, 48.04574850369663],
            [-1.742150349786399, 48.04576509225224],
            [-1.742138199910485, 48.045782987660786],
            [-1.742129883562714, 48.04580184306051],
            [-1.742125561891231, 48.04582129134458],
            [-1.74212531833197, 48.045840953295816],
            [-1.742127851160254, 48.04585583002268],
            [-1.74213273941112, 48.045870439164204],
            [-1.74213992666009, 48.045884619945404],
            [-1.742149325030542, 48.04589820568095],
            [-1.742164441037933, 48.04591453624048],
            [-1.74218270477215, 48.045929349062526],
            [-1.74220433237716, 48.04594262710931],
            [-1.742228505637074, 48.04595375805734],
            [-1.742254754285911, 48.04596252342696],
            [-1.742282565650979, 48.0459687551512],
            [-1.742311400306457, 48.045972330423815],
            [-1.742216381698006, 48.04640630815872],
            [-1.742046258634132, 48.04725688278936],
            [-1.742013921195618, 48.047418559393975],
            [-1.742000953585476, 48.04748339287264],
            [-1.741915689171294, 48.04779019780432],
            [-1.741844419667054, 48.047848817160975],
            [-1.741733986511196, 48.04789834725848],
            [-1.741035076626798, 48.04820777322858],
            [-1.741014443891769, 48.04818711505588],
            [-1.740989495590651, 48.04816872296866],
            [-1.740960776391299, 48.048152996207094],
            [-1.740928913368069, 48.048140280145944],
            [-1.740896657162477, 48.04813133171719],
            [-1.740862857596764, 48.04812548020262],
            [-1.740828172934857, 48.04812283990274],
            [-1.74079327717371, 48.04812346229125],
            [-1.740758850507052, 48.04812733460651],
            [-1.740725562085816, 48.048134382365554],
            [-1.740694060481871, 48.04814446795545],
            [-1.740664959290889, 48.0481573948321],
            [-1.740638823991493, 48.04817291076591],
            [-1.740616164571796, 48.048190715355204],
            [-1.740597419545661, 48.04821046158674],
            [-1.740582956776893, 48.04823176481301],
            [-1.740573055311987, 48.04825420980985],
            [-1.74056791030298, 48.04827736048539],
            [-1.740567618774075, 48.04830076587442],
            [-1.740571060258086, 48.048320141397],
            [-1.740577864743474, 48.04833911225731],
            [-1.740587939717866, 48.048357417341485],
            [-1.740608798334073, 48.04838309817534],
            [-1.740635931283867, 48.048405992319694],
            [-1.74066447149256, 48.04842326748611],
            [-1.74069662375822, 48.04843740538296],
            [-1.740731626352082, 48.048448072495205],
            [-1.740728110594977, 48.04858009182341],
            [-1.740630197361291, 48.04900752021813],
            [-1.740538807267368, 48.04943190292329],
            [-1.740329630194657, 48.05040321941005],
            [-1.740305586006884, 48.05040479762261],
            [-1.740281860408491, 48.05040785495128],
            [-1.740247183511879, 48.05041519591357],
            [-1.740214368280687, 48.05042570138738],
            [-1.740184053119094, 48.050439166599524],
            [-1.740156828147922, 48.05045532929574],
            [-1.740133222310307, 48.05047387567959],
            [-1.740113697006914, 48.05049444427938],
            [-1.74009862943175, 48.05051663474599],
            [-1.74008831590909, 48.05054001492389],
            [-1.740082955228933, 48.05056412964903],
            [-1.740082652230909, 48.05058851051315],
            [-1.740086236316421, 48.050608692974016],
            [-1.740093324492658, 48.05062845415623],
            [-1.740103819240041, 48.05064752233865],
            [-1.740125548215042, 48.05067427303959],
            [-1.740153811309094, 48.05069812093584],
            [-1.740180631831008, 48.050714585936284],
            [-1.740210608143532, 48.05072838759592],
            [-1.740243157885611, 48.05073925798381],
            [-1.740277647405002, 48.05074698535429],
            [-1.740313405642467, 48.050751418980916],
            [-1.740208513629338, 48.05117349081211],
            [-1.740027814420037, 48.051542935711545],
            [-1.739822549711849, 48.05182033530392],
            [-1.739643202108277, 48.05200878037698],
            [-1.739448132386991, 48.05216663088099],
            [-1.739175389652801, 48.052365959914454],
            [-1.738938651510467, 48.05250052526962],
            [-1.738629667861547, 48.05264381119634],
            [-1.738362413255255, 48.05275614931498],
            [-1.738298908310899, 48.05278284289323],
            [-1.738063516439224, 48.05286355516996],
            [-1.737842603547916, 48.052909648437634],
            [-1.737659379967576, 48.052933477691965],
            [-1.737428488567462, 48.05294300219158],
            [-1.737159061799409, 48.052931507334804],
            [-1.736975376697582, 48.052931589988525],
            [-1.736976022214656, 48.05290172703597],
            [-1.73696912543497, 48.05287222113076],
            [-1.736954886719773, 48.052843922782344],
            [-1.736937978092647, 48.05282216500028],
            [-1.736916719047403, 48.0528021969666],
            [-1.736891521568172, 48.052784407193904],
            [-1.736862875690145, 48.05276914132577],
            [-1.736831339632464, 48.052756697137205],
            [-1.736797528262831, 48.0527473159994],
            [-1.736762098204344, 48.05274118169198],
            [-1.736725740482141, 48.05273841349743],
            [-1.736689160192227, 48.052739064336386],
            [-1.736653072567607, 48.05274312183114],
            [-1.736618177373652, 48.05275050755942],
            [-1.7365851562308, 48.05276107716471],
            [-1.736554648843014, 48.05277462494112],
            [-1.736527252071038, 48.05279088837708],
            [-1.736503497170065, 48.05280954909391],
            [-1.736484916613239, 48.05282893988572],
            [-1.736470276539499, 48.05284979289378],
            [-1.736459826263535, 48.05287174910144],
            [-1.736453187183488, 48.05289813846927],
            [-1.736452600646462, 48.05292489729488],
            [-1.736456205719483, 48.05294520510038],
            [-1.736463337751606, 48.0529650899015],
            [-1.736473896312916, 48.052984277391424],
            [-1.736495759293042, 48.053011195318064],
            [-1.736524199595706, 48.05303519266606],
            [-1.736547968771577, 48.05305002805577],
            [-1.736574297577597, 48.05306277449507],
            [-1.736602779524336, 48.053073235179774],
            [-1.736619714838684, 48.05307786688772],
            [-1.736642837949097, 48.053083272477295],
            [-1.736607384784558, 48.05321056084271],
            [-1.736353972329139, 48.05391436685997],
            [-1.736332734031301, 48.053969473429945],
            [-1.736312063970291, 48.054059370698084],
            [-1.736273905240148, 48.05405318472159],
            [-1.736244534629564, 48.0540503300492],
            [-1.736199822444707, 48.054050446455506],
            [-1.736157856906051, 48.05405272402181],
            [-1.736116474092732, 48.054057925127424],
            [-1.736062035402537, 48.0540694462335],
            [-1.73601051885529, 48.054085935474575],
            [-1.735962925767177, 48.054107070412044],
            [-1.735920183529425, 48.05413244064346],
            [-1.73588312317514, 48.054161552331465],
            [-1.735852468234322, 48.05419383857536],
            [-1.735828811619605, 48.0542286711771],
            [-1.7358126166138, 48.05426537141353],
            [-1.735804198183585, 48.054303226125654],
            [-1.735803719866931, 48.054341497759],
            [-1.735807776938684, 48.054366661126984],
            [-1.735815326091031, 48.054391459723966],
            [-1.735826218934982, 48.054415682496824],
            [-1.735840291876697, 48.05443915777657],
            [-1.735861178248326, 48.054465770958124],
            [-1.735886323165267, 48.05449067482644],
            [-1.735915416363013, 48.05451356406622],
            [-1.735953812943902, 48.05453744478613],
            [-1.735996464791847, 48.05455782216393],
            [-1.736042667449187, 48.054574357593644],
            [-1.736090798975591, 48.054659004398026],
            [-1.736089103390688, 48.05473913579799],
            [-1.736042813299048, 48.05480655022645],
            [-1.735944053829223, 48.0548542921492],
            [-1.735576102243307, 48.05498661060135],
            [-1.734978962559395, 48.05522074209552],
            [-1.734520130782542, 48.05538591715219],
            [-1.734200606472236, 48.05547308421161],
            [-1.733869047919838, 48.05554740339765],
            [-1.733424028511781, 48.05562761060413],
            [-1.732773520692346, 48.05578785376114],
            [-1.730140570040918, 48.0562040869116],
            [-1.727804230519979, 48.05660209077729],
            [-1.727057455323471, 48.05674843069405],
            [-1.726412627184413, 48.056905623635984],
            [-1.725773402791009, 48.05712406735582],
            [-1.72541446116141, 48.05727333452316],
            [-1.72508227128252, 48.05744061627244],
            [-1.724590713042263, 48.057706778376954],
            [-1.724219659483131, 48.05794300281429],
            [-1.723912648816587, 48.05819004205293],
            [-1.723628716019235, 48.058447361881264],
            [-1.723142182981884, 48.05889392204781],
            [-1.722991518706747, 48.05903577228593],
            [-1.722524854050508, 48.059480654510324],
            [-1.722128444504635, 48.05985688103655],
            [-1.721538478187683, 48.06041810709815],
            [-1.72085272876285, 48.0610749860898],
            [-1.720085954644455, 48.06180166391847],
            [-1.71978477003934, 48.06209495275024],
            [-1.719581370306054, 48.06228477167232],
            [-1.719338391336513, 48.06251633652003],
            [-1.718432371268312, 48.06338016276585],
            [-1.717447503327873, 48.06432359942434],
            [-1.716552306073783, 48.06514028598207],
            [-1.715885595456262, 48.06575578622955],
            [-1.715235343927692, 48.0663714551619],
            [-1.714599286289489, 48.066976352867414],
            [-1.714232100530259, 48.06734026305066],
            [-1.714161570680079, 48.06741016281574],
            [-1.71404141544706, 48.06753474276406],
            [-1.713963942726263, 48.06761540950154],
            [-1.713816098555717, 48.067783692676784],
            [-1.713662871557687, 48.06796379000713],
            [-1.71347826746888, 48.06818594507556],
            [-1.713320382262346, 48.06840271160067],
            [-1.713181340434464, 48.06861548602691],
            [-1.713051344760015, 48.068839690920434],
            [-1.712939704806042, 48.06905455955296],
            [-1.712797856287799, 48.06937688435488],
            [-1.712710786222312, 48.06961542156962],
            [-1.712656296646863, 48.06980756056365],
            [-1.712571659702905, 48.07023053636894],
            [-1.712554991493304, 48.07034602019405],
            [-1.712535717708359, 48.070520620767766],
            [-1.712481989766466, 48.07119446086682],
            [-1.712452285449533, 48.07176324393186],
            [-1.712442677738787, 48.07193852025105],
            [-1.712418865322331, 48.07244912489238],
            [-1.712394669468064, 48.07279773709102],
            [-1.712373731528959, 48.07300673879852],
            [-1.712351103807646, 48.07316216423835],
            [-1.712327533642057, 48.07328973367544],
            [-1.712294686428455, 48.07342090144045],
            [-1.712265387456933, 48.0735208102689],
            [-1.712242926405304, 48.07359039666204],
            [-1.712216298486207, 48.07364942537629],
            [-1.712185137094155, 48.07371592456224],
            [-1.71216155314229, 48.07372434394513],
            [-1.71214351347821, 48.07373154833423],
            [-1.712126491846945, 48.073739152510164],
            [-1.712104445483222, 48.07375011302533],
            [-1.712088186583816, 48.07375909073783],
            [-1.71207241281057, 48.073768757722156],
            [-1.712052945142156, 48.073781984179696],
            [-1.712034183077691, 48.07379642972716],
            [-1.712016098040113, 48.07381228206574],
            [-1.712000273819179, 48.073828170540146],
            [-1.711989699815332, 48.07384007977555],
            [-1.711980001307297, 48.07385237392113],
            [-1.711971028187752, 48.07386496992371],
            [-1.711962397844444, 48.073878919746384],
            [-1.71195319912186, 48.073896334200846],
            [-1.711945624497767, 48.07391386498229],
            [-1.711939548950288, 48.07393221915266],
            [-1.711934926814046, 48.07395172120794],
            [-1.711932187081895, 48.07396692349184],
            [-1.711930999935714, 48.073981694443034],
            [-1.711930962720946, 48.07399628884507],
            [-1.711931920927408, 48.07401330981402],
            [-1.711933882009709, 48.07402793993115],
            [-1.711938205026721, 48.074046157823375],
            [-1.711944047153376, 48.074064417034066],
            [-1.711951315781337, 48.07408190947373],
            [-1.711957876998527, 48.07409510021029],
            [-1.711965480427239, 48.07410814547865],
            [-1.711976949854006, 48.074125199812975],
            [-1.711986724562793, 48.07413793346111],
            [-1.711997396880901, 48.074150233810194],
            [-1.712012839070681, 48.07416607542645],
            [-1.712025339085671, 48.07417755560301],
            [-1.712038632119317, 48.07418853197734],
            [-1.712057075609746, 48.07420226987067],
            [-1.712071482623197, 48.07421197234855],
            [-1.712086589541738, 48.07422118205103],
            [-1.712107446737005, 48.074232683523995],
            [-1.712129824476202, 48.074243579266096],
            [-1.712153863387379, 48.07425383377243],
            [-1.712178511772733, 48.07426295852228],
            [-1.712200579635821, 48.07427008215356],
            [-1.712243283195733, 48.074304824800166],
            [-1.712271289289758, 48.074329265788556],
            [-1.712296267606375, 48.07435191249612],
            [-1.712317732525242, 48.07437790132127],
            [-1.712333141685487, 48.07440029980113],
            [-1.712346650097259, 48.074422777137436],
            [-1.712356528687471, 48.07444732180029],
            [-1.712365745884067, 48.07447509251512],
            [-1.712372227562586, 48.07450425499446],
            [-1.71237496307961, 48.074534210903835],
            [-1.712388874879814, 48.07465519231012],
            [-1.712421016212312, 48.075184863343964],
            [-1.712436741958118, 48.07559749525078],
            [-1.712458812212515, 48.07607959808936],
            [-1.712475197325161, 48.076520351638244],
            [-1.712506265434543, 48.07723687205009],
            [-1.712527657256384, 48.07776378574004],
            [-1.712530708276535, 48.07783608780139],
            [-1.712539137811908, 48.07803584703456],
            [-1.712539505599314, 48.078060781758474],
            [-1.712535293567818, 48.07808782366692],
            [-1.712528828683531, 48.07811112016187],
            [-1.712501282053668, 48.07818858705813],
            [-1.712478974189422, 48.07819970786902],
            [-1.712453164134028, 48.07821697637111],
            [-1.712440164838704, 48.07822839935186],
            [-1.71242949811861, 48.078240303375935],
            [-1.712418027965756, 48.07825698556935],
            [-1.712409931240707, 48.07827444403461],
            [-1.712405251197882, 48.07829269592183],
            [-1.712403977138745, 48.078307663267715],
            [-1.712405106569202, 48.078321296628125],
            [-1.712409629201426, 48.07833951532432],
            [-1.712418187414536, 48.078358133509155],
            [-1.712429714405133, 48.07837481961931],
            [-1.712440530539961, 48.078386813991024],
            [-1.71245294959017, 48.0783977045505],
            [-1.712471724899082, 48.07841092060026],
            [-1.712487579046593, 48.07841989059415],
            [-1.712504942444331, 48.07842770294459],
            [-1.712528906065501, 48.07843619797266],
            [-1.712538604459875, 48.078462411664],
            [-1.71254675621873, 48.07848894650203],
            [-1.712551050439752, 48.078504604609826],
            [-1.712553378423987, 48.07852226181087],
            [-1.712554382290903, 48.0785567672179],
            [-1.712569833147602, 48.078820028554496],
            [-1.712575375501243, 48.07895126891337],
            [-1.712577919262008, 48.07908887060033],
            [-1.712579429586895, 48.07918381038716],
            [-1.712575436772935, 48.079312563664196],
            [-1.712570920185427, 48.079412068717744],
            [-1.712560432472742, 48.07957947273151],
            [-1.712549960794578, 48.07969217809382],
            [-1.712547033532548, 48.07973068252144],
            [-1.712537029659725, 48.07980930151073],
            [-1.712523224081762, 48.0799168658156],
            [-1.712500188219018, 48.080048797873864],
            [-1.712479876608747, 48.08015566930165],
            [-1.71245135167272, 48.08029022608586],
            [-1.712423599138416, 48.080403381473516],
            [-1.712418357283445, 48.08043072330353],
            [-1.712407221352079, 48.08047604239345],
            [-1.712386681146961, 48.08055429415183],
            [-1.712372246231056, 48.080605100735276],
            [-1.712366451745061, 48.080625495528025],
            [-1.712336671858189, 48.08071756075148],
            [-1.712314850861018, 48.08078179065256],
            [-1.712285634417872, 48.08085911860678],
            [-1.712238759467348, 48.08097307610284],
            [-1.712184319878855, 48.08109046249577],
            [-1.712159367699343, 48.08114567814118],
            [-1.71213253108268, 48.0811976648998],
            [-1.712102159644877, 48.081249290178356],
            [-1.712057199511128, 48.08132934247869],
            [-1.712000707383944, 48.081424261869465],
            [-1.711942876949771, 48.08152019667628],
            [-1.711902546649193, 48.08158038703841],
            [-1.711851485705919, 48.081656371294976],
            [-1.711806380159536, 48.08171915615502],
            [-1.711713896880447, 48.08184337990781],
            [-1.711641316832657, 48.08193464151387],
            [-1.711624062995765, 48.081957419691],
            [-1.711610116333293, 48.08197384014259],
            [-1.711593284164156, 48.08198891010164],
            [-1.711561799733631, 48.08201223208899],
            [-1.711528526056048, 48.08203470739944],
            [-1.711499951731969, 48.082056351141375],
            [-1.711449702332189, 48.08209119174008],
            [-1.711430023756925, 48.08209277801184],
            [-1.711409571577089, 48.082096054028824],
            [-1.711383610738925, 48.082102491689625],
            [-1.711364432994603, 48.082109106301296],
            [-1.711347578636119, 48.08211674752756],
            [-1.711331968966975, 48.08212533974788],
            [-1.71131761943638, 48.082135331980176],
            [-1.71130179610031, 48.08214913953396],
            [-1.711290497683914, 48.082161589225706],
            [-1.71128194329184, 48.08217404627159],
            [-1.711274951443376, 48.08218744488694],
            [-1.71127038010926, 48.082201313762575],
            [-1.711267869071099, 48.08221497742167],
            [-1.711267465683679, 48.082224344713936],
            [-1.71126805719658, 48.082233694645794],
            [-1.711269608512674, 48.082242863754196],
            [-1.711270626792306, 48.08224699052177],
            [-1.711250868692731, 48.08231420199286],
            [-1.71123845704747, 48.08235036661856],
            [-1.711221294181819, 48.08238554378264],
            [-1.711202086052706, 48.082412328110856],
            [-1.711186601461784, 48.08243049481188],
            [-1.711158239735983, 48.0824558404814],
            [-1.711114064669815, 48.08249573846618],
            [-1.711078053233795, 48.08252623394738],
            [-1.711003055227112, 48.08259393750882],
            [-1.71094504541396, 48.08264265128094],
            [-1.710888848979618, 48.08268680678963],
            [-1.710847360661128, 48.082717059936655],
            [-1.710785701567352, 48.082763116277334],
            [-1.710676454780889, 48.08284135083862],
            [-1.710539873494948, 48.08293642460318],
            [-1.71045098954309, 48.083000523937926],
            [-1.710369921483787, 48.08306128052428],
            [-1.710269005343825, 48.083141939558324],
            [-1.71019756816613, 48.08320241388425],
            [-1.710118001563348, 48.083276015300086],
            [-1.710107135912962, 48.08328606632752],
            [-1.710003517420219, 48.08338643843972],
            [-1.709888413455791, 48.083499373069515],
            [-1.709726305481611, 48.08366078401478],
            [-1.709624538591896, 48.08376168537269],
            [-1.709510551837317, 48.08387699141906],
            [-1.709420377939298, 48.083966533947624],
            [-1.709320517771598, 48.08406856522065],
            [-1.709241699319981, 48.08415401530063],
            [-1.709151891283798, 48.08425744838715],
            [-1.709076024744205, 48.08435547298765],
            [-1.709011863416249, 48.08444334545768],
            [-1.708918215434565, 48.08458381325115],
            [-1.708713303113302, 48.08490899985439],
            [-1.708584019911926, 48.08511380174032],
            [-1.708361745543379, 48.08546629847439],
            [-1.70804682302927, 48.08596043069336],
            [-1.707836541277095, 48.086276736419016],
            [-1.707788045604839, 48.08636316649179],
            [-1.707309232155397, 48.08672147769322],
            [-1.70723641343312, 48.086834420245985],
            [-1.707143523299341, 48.086996024527544],
            [-1.707115213104056, 48.087082867099106],
            [-1.707119430696729, 48.08729261779508],
            [-1.707122619630731, 48.08742101173884],
            [-1.707077534457289, 48.0875342462564],
            [-1.706997965379395, 48.0876642562041],
            [-1.706569612803944, 48.08836414023201],
            [-1.706277911949615, 48.0888276767858],
            [-1.706096138950568, 48.089048161617875],
            [-1.706065599523326, 48.0890980309172],
            [-1.706041108577071, 48.08913492541882],
            [-1.705843748467844, 48.08937007819956],
            [-1.705426016569477, 48.089867793747125],
            [-1.704659705275707, 48.09078080260895],
            [-1.704392569499241, 48.0910990682802],
            [-1.704040842620083, 48.09151810884616],
            [-1.703911752824811, 48.091460943734546],
            [-1.703748158594373, 48.091453391792896],
            [-1.703643059965983, 48.09140898315975],
            [-1.703511778129274, 48.091353510764485],
            [-1.703063456082078, 48.091763854908436],
            [-1.702993068742071, 48.09182827890237],
            [-1.702586158445893, 48.09220071096434]
          ]
        ],
        "type": "MultiLineString"
      },
      "properties": {
        "geo_point_2d": {
          "lon": -1.7368411507997814,
          "lat": 48.0482503013149
        },
        "gml_id": "v_star_lignes_actives.13",
        "id": 13,
        "li_code": "0007",
        "li_num": "C7",
        "li_nom": "Saint-Jacques-de-la-Lande (Saint-Jacques - Gaîté) <> Bruz (Bruz Centre)",
        "li_type": "Urbaine",
        "li_sstype": "CHRONOSTAR",
        "li_d_creat": "2022-10-24T02:00:00+02:00",
        "li_d_acces": "2022-10-24T02:00:00+02:00",
        "li_datedeb": "2022-10-24T02:00:00+02:00",
        "li_datefin": null,
        "comm_desservies": "35047, 35281",
        "li_couleur_rvb": "211,157,47,255",
        "li_couleur_hex": "#D39D2F",
        "volume": 800
      }
    },
    {
      "type": "Feature",
      "geometry": {
        "coordinates": [
          [
            [-1.85367187149178, 48.07458592967153],
            [-1.853649415284184, 48.074490321260775],
            [-1.853641849435605, 48.07440988720017],
            [-1.85365608198619, 48.07440869923281],
            [-1.853670039462856, 48.074406488297264],
            [-1.853688880004713, 48.07440165041789],
            [-1.853706400686308, 48.07439494691917],
            [-1.853722195273352, 48.07438653375017],
            [-1.853735893562269, 48.07437660679349],
            [-1.853746306912084, 48.07436636801193],
            [-1.853754439201705, 48.07435523877564],
            [-1.853763595360763, 48.074329747879084],
            [-1.85376382867503, 48.07431660290579],
            [-1.853761134038824, 48.07430358163235],
            [-1.853755575060186, 48.07429097426414],
            [-1.85374727377427, 48.07427906313068],
            [-1.853736416580242, 48.07426811432393],
            [-1.853723245613633, 48.0742583717544],
            [-1.853708054474687, 48.07425005462806],
            [-1.853691184536304, 48.07424334678789],
            [-1.853673010379451, 48.07423839913172],
            [-1.853653939117808, 48.07423532243115],
            [-1.853682594605523, 48.074091403682864],
            [-1.853623280900646, 48.07394137897841],
            [-1.853553749445858, 48.073765507685025],
            [-1.853429047547557, 48.07345428672445],
            [-1.853087422207017, 48.07261016873401],
            [-1.85302346087042, 48.07244545677749],
            [-1.852806229903013, 48.07189431573862],
            [-1.852806229794795, 48.071894315445796],
            [-1.85277538602533, 48.07181606000787],
            [-1.852721064242421, 48.07168475408913],
            [-1.852651326825419, 48.071612695883765],
            [-1.852542607162687, 48.07153525301663],
            [-1.852442776247514, 48.071478861735905],
            [-1.852288699168096, 48.07109332069587],
            [-1.852193097320214, 48.07095340418679],
            [-1.851837638834297, 48.071120296789864],
            [-1.851378484604854, 48.071353103517254],
            [-1.851108839301045, 48.071475650509626],
            [-1.850957392431312, 48.071513460751675],
            [-1.850719125345327, 48.07158635185557],
            [-1.850460928419033, 48.071715664022705],
            [-1.850197119405322, 48.071842600269434],
            [-1.849874038119026, 48.071998054700394],
            [-1.849860847760721, 48.072004401359806],
            [-1.849779653120579, 48.07206099297871],
            [-1.849487015301486, 48.07231658449119],
            [-1.849357900231621, 48.072387821777575],
            [-1.849188493447384, 48.07248665394599],
            [-1.848786881001267, 48.07263684831292],
            [-1.848212938065179, 48.07287668119982],
            [-1.848119472498357, 48.072948598841094],
            [-1.848110188344886, 48.07293923418771],
            [-1.848098924996649, 48.0729309020236],
            [-1.848085935230665, 48.072923788143775],
            [-1.848071508304023, 48.07291805157009],
            [-1.848055966769146, 48.0729138192784],
            [-1.848039657182557, 48.072911187492025],
            [-1.848022945243505, 48.072910212874795],
            [-1.848006202990673, 48.072910919379886],
            [-1.847989804109538, 48.07291329123817],
            [-1.847974115896267, 48.072917273297335],
            [-1.847959489217515, 48.07292277865523],
            [-1.847946249883927, 48.072929682715376],
            [-1.84793469413607, 48.07293783238951],
            [-1.847925079184451, 48.072947045595434],
            [-1.847917621036766, 48.07295711675595],
            [-1.847912486714539, 48.07296781983082],
            [-1.847909788230766, 48.0729789157805],
            [-1.847909588453306, 48.07299015772588],
            [-1.847910830928259, 48.07299755735672],
            [-1.847913172734135, 48.07300483579804],
            [-1.847916572300811, 48.07301192270762],
            [-1.847920982035836, 48.07301875520693],
            [-1.847771597360663, 48.07306055008134],
            [-1.847336421685336, 48.07327950313783],
            [-1.846846339291685, 48.07351956992371],
            [-1.846842245734897, 48.07352165888002],
            [-1.846346076146091, 48.0737748529417],
            [-1.845842548078778, 48.07403179729004],
            [-1.845568502424089, 48.07416882937396],
            [-1.845331314469841, 48.07428662222558],
            [-1.844719090414345, 48.0745869504776],
            [-1.844196902744915, 48.07485843990447],
            [-1.844183033914472, 48.07484873656155],
            [-1.844167232530752, 48.07484046379053],
            [-1.844149825531748, 48.07483379526463],
            [-1.84413117264784, 48.07482886721749],
            [-1.8441116572795, 48.074825781540355],
            [-1.844090781660922, 48.07482456462734],
            [-1.844069867736008, 48.074825446421414],
            [-1.844049384304207, 48.07482840715659],
            [-1.844029789086054, 48.07483338067187],
            [-1.844011516837052, 48.074840256714694],
            [-1.84399497926362, 48.0748488800434],
            [-1.843980543011268, 48.07485905946582],
            [-1.843968532259259, 48.074870566828814],
            [-1.843959216084651, 48.07488314566157],
            [-1.843952800678407, 48.07489651420742],
            [-1.843949428848436, 48.074910374456614],
            [-1.843949177761854, 48.074924416747606],
            [-1.843952636042429, 48.07494015551492],
            [-1.843960033834142, 48.07495527217728],
            [-1.843971153211883, 48.074969336135936],
            [-1.843985660063465, 48.07498193970555],
            [-1.843509936698476, 48.07519851839181],
            [-1.842780212880446, 48.07556152003806],
            [-1.842565477558463, 48.07566833841857],
            [-1.842360861140521, 48.07577021989198],
            [-1.842200304695915, 48.07585014107598],
            [-1.842197517743599, 48.075851550386176],
            [-1.841756855179541, 48.07608273347778],
            [-1.840784394170513, 48.076562317618006],
            [-1.840377057682467, 48.07677806990635],
            [-1.839967319479402, 48.07696088385294],
            [-1.839753352386301, 48.077040848401744],
            [-1.839341986694862, 48.0771721277174],
            [-1.838369736395089, 48.07745918322113],
            [-1.837470341584422, 48.07773824975188],
            [-1.837460317562474, 48.07774135996984],
            [-1.837341731901298, 48.07777815433892],
            [-1.837185619071091, 48.07782659224575],
            [-1.837079300521209, 48.077861934138454],
            [-1.836817500994138, 48.07794895963795],
            [-1.836701680434417, 48.07799383214107],
            [-1.835505054008989, 48.07843159826645],
            [-1.834977162523578, 48.07863025014997],
            [-1.834950734308798, 48.078603588358035],
            [-1.834918673611408, 48.07857986445443],
            [-1.834881692978905, 48.078559607191124],
            [-1.834840620207352, 48.07854326927621],
            [-1.834796373136404, 48.07853121671948],
            [-1.83474993837928, 48.07852371711121],
            [-1.834702355165227, 48.07852093940122],
            [-1.834654686369322, 48.07852294610629],
            [-1.834607995321173, 48.078529689780126],
            [-1.834563325214838, 48.07854102289173],
            [-1.834521675496868, 48.078556689806796],
            [-1.834483975082786, 48.078576342333626],
            [-1.834458781430439, 48.07859348238275],
            [-1.834436567377763, 48.078612382354],
            [-1.834409556181135, 48.078643480852456],
            [-1.834390732587296, 48.07867718084958],
            [-1.834380633282409, 48.078712521626166],
            [-1.834379545944709, 48.078748497064566],
            [-1.834384076441575, 48.078773526346666],
            [-1.834393000175004, 48.078798021119304],
            [-1.834406175094842, 48.078821642201326],
            [-1.834423398539987, 48.078844063775755],
            [-1.833640103489228, 48.07912800532957],
            [-1.83165131368253, 48.07987604573337],
            [-1.829689513410153, 48.08062294993381],
            [-1.829296080686769, 48.08075936990208],
            [-1.828898041173179, 48.080899461167924],
            [-1.828623187588607, 48.080990499277156],
            [-1.828234208734561, 48.0810758835884],
            [-1.827946329483888, 48.081136125156775],
            [-1.827660044499915, 48.0811997268434],
            [-1.826999352966014, 48.08132848081498],
            [-1.826650278617284, 48.081396505791744],
            [-1.825806489630895, 48.08156093189516],
            [-1.825427984418925, 48.08164060470391],
            [-1.824576451489613, 48.081803583678386],
            [-1.824445873480876, 48.08182740099743],
            [-1.824025296820472, 48.08191491581209],
            [-1.823494343558532, 48.08202390506447],
            [-1.821382811350357, 48.082445888064605],
            [-1.82052745896611, 48.08263074163557],
            [-1.818739965594891, 48.08298559382864],
            [-1.818273604145079, 48.083078375879126],
            [-1.815780975092969, 48.08358537406988],
            [-1.814349493573588, 48.08387650701073],
            [-1.813601830428006, 48.084028776981086],
            [-1.812250252545284, 48.0843040263294],
            [-1.811984138449114, 48.084356250486024],
            [-1.811686274364616, 48.084414704630674],
            [-1.811561365236984, 48.084444548578446],
            [-1.811184267103292, 48.08453464584561],
            [-1.811071393203454, 48.084567138612606],
            [-1.810539473685116, 48.08474377582624],
            [-1.809403706633193, 48.085082740305715],
            [-1.806508222704794, 48.08599261094335],
            [-1.804266675040169, 48.08668932910413],
            [-1.803973873464765, 48.08678033311245],
            [-1.803875812481338, 48.08681365450006],
            [-1.803516083971462, 48.08693589013257],
            [-1.800621376294964, 48.087825658079964],
            [-1.799818276313086, 48.088048448266875],
            [-1.799340886342004, 48.08816695097986],
            [-1.798713097344786, 48.088312129025816],
            [-1.797735558903299, 48.08853817921328],
            [-1.797527930836022, 48.08858612482875],
            [-1.79466590544674, 48.089235818152915],
            [-1.79447214834898, 48.08928021447179],
            [-1.794204353464671, 48.08934345546544],
            [-1.793923940700345, 48.08940884865987],
            [-1.793138879484184, 48.089520990385715],
            [-1.79281605648648, 48.08959909674278],
            [-1.792782312715181, 48.089561236773335],
            [-1.792741706593948, 48.08952653407634],
            [-1.792694888081102, 48.08949554188777],
            [-1.792642606718075, 48.08946875612191],
            [-1.792585697229925, 48.08944660515858],
            [-1.792527660816115, 48.08943013161786],
            [-1.792467065059539, 48.089418511191134],
            [-1.792404808246237, 48.08941191548444],
            [-1.792404808246237, 48.08941191548444],
            [-1.79234742478664, 48.08941036038337],
            [-1.792290136820944, 48.08941306196072],
            [-1.792233644752925, 48.08941998740555],
            [-1.792164753323408, 48.08943459498183],
            [-1.792099568517651, 48.08945548314767],
            [-1.792039356046287, 48.08948224677841],
            [-1.791985288721508, 48.08951436386978],
            [-1.791938419488288, 48.08955120927795],
            [-1.791909532679159, 48.08958039838055],
            [-1.791881209411782, 48.089617218435436],
            [-1.791859653497537, 48.08965604075748],
            [-1.791845172498146, 48.089696310028486],
            [-1.791837972492475, 48.08973744992815],
            [-1.791838158825917, 48.08977887121295],
            [-1.79184951321138, 48.08983255664006],
            [-1.791859850475363, 48.08985878466018],
            [-1.791873147152388, 48.08988440716567],
            [-1.791901383759174, 48.0899247291783],
            [-1.791937125729798, 48.08996228348346],
            [-1.791979778588229, 48.08999644782856],
            [-1.792033105523739, 48.09002911543526],
            [-1.792092700134316, 48.09005649320072],
            [-1.792157401878078, 48.09007804825795],
            [-1.792225950341381, 48.09009336004516],
            [-1.792297014545575, 48.090102131700775],
            [-1.792365619599451, 48.090104224622685],
            [-1.792434040409445, 48.090100265780855],
            [-1.792488861420687, 48.09009257457596],
            [-1.792542112845988, 48.090080946741224],
            [-1.792593169743261, 48.09006551828094],
            [-1.792641427588019, 48.09004647120929],
            [-1.792694499292135, 48.09001943102723],
            [-1.792741947090084, 48.08998804655017],
            [-1.792782984033903, 48.08995283813121],
            [-1.793024068019631, 48.0900392316341],
            [-1.793146368147806, 48.09011559873328],
            [-1.793159861647832, 48.0902608213627],
            [-1.793061769421141, 48.09044499863879],
            [-1.792917037328017, 48.09067828763256],
            [-1.792852408586275, 48.09087822089694],
            [-1.79286051280097, 48.09107564633859],
            [-1.792931242221553, 48.09124373707814],
            [-1.793003195260255, 48.091363625017145],
            [-1.793033053672912, 48.09140886079383],
            [-1.793104001259614, 48.09151947170906],
            [-1.79360630375348, 48.09219455597808],
            [-1.794035049287338, 48.0927268582291],
            [-1.794249637122136, 48.092905026236274],
            [-1.794230772911141, 48.092919342266065],
            [-1.794219435426064, 48.09293686336576],
            [-1.794216733737346, 48.092955874323586],
            [-1.794222934651284, 48.092974513025084],
            [-1.794237428890698, 48.092990956601476],
            [-1.794258798278536, 48.09300359435422],
            [-1.794284951850408, 48.09301118969467],
            [-1.794313327976864, 48.09301299967933],
            [-1.794461485360386, 48.09317383799901],
            [-1.794809884574732, 48.09352960147516],
            [-1.795266909713859, 48.09399508396562],
            [-1.795260628186939, 48.09400605725419],
            [-1.795258055366052, 48.09402739147276],
            [-1.79526455952342, 48.094048346086716],
            [-1.795279613030215, 48.09406722459197],
            [-1.795301994932101, 48.09408249818823],
            [-1.795329893749181, 48.09409292765384],
            [-1.795361049226152, 48.094097670078526],
            [-1.795377188619389, 48.09409596127205],
            [-1.795449729006316, 48.09414779025598],
            [-1.795763850761315, 48.09443112272015],
            [-1.795985744469841, 48.094631264659895],
            [-1.79610017141391, 48.094751727355735],
            [-1.79619069453086, 48.09482818662854],
            [-1.796276944357734, 48.094893483199144],
            [-1.796763297332031, 48.0953348987588],
            [-1.796900006530439, 48.09541617812306],
            [-1.796894094252343, 48.09542831390578],
            [-1.796891871776233, 48.095438133815],
            [-1.796891733893325, 48.09544806407966],
            [-1.796894268330374, 48.09545962206167],
            [-1.796899617662725, 48.09547073904804],
            [-1.796905224218637, 48.09547840195458],
            [-1.796912183245581, 48.095485549724096],
            [-1.796920389333962, 48.095492075912546],
            [-1.796931177840763, 48.095498684469526],
            [-1.796943234816099, 48.09550422177193],
            [-1.796956325706575, 48.09550858135835],
            [-1.79697019375819, 48.09551167842073],
            [-1.796987545626066, 48.095513470286825],
            [-1.797023402644699, 48.09555092025702],
            [-1.797422193059336, 48.09592844756769],
            [-1.797789421905098, 48.09627609000804],
            [-1.797933028630522, 48.09643483009488],
            [-1.798015715009641, 48.09654859289375],
            [-1.798093981345163, 48.09667837991241],
            [-1.798154794047899, 48.09682102634568],
            [-1.798172603154513, 48.0968628004311],
            [-1.798203029078387, 48.09702467972591],
            [-1.79820295812619, 48.09730346402674],
            [-1.79816911723362, 48.09754960122175],
            [-1.798084587234952, 48.09777208760833],
            [-1.798034279661393, 48.0979044982587],
            [-1.798004292499139, 48.09790712247008],
            [-1.797986499629268, 48.09791089579296],
            [-1.797969663450316, 48.09791629092453],
            [-1.797954111887928, 48.09792320315951],
            [-1.797940147247679, 48.09793149822261],
            [-1.79792804236191, 48.09794101423171],
            [-1.797918032883257, 48.097951565624044],
            [-1.797910312425316, 48.09796294876606],
            [-1.797905032312067, 48.097974939260254],
            [-1.797902294873297, 48.09798730664364],
            [-1.797902152859936, 48.097999808103964],
            [-1.797904004717114, 48.09801015636542],
            [-1.797907653837525, 48.09802028722323],
            [-1.797913051013158, 48.09803006214978],
            [-1.797924218362352, 48.09804377311458],
            [-1.797938738152622, 48.098055994200166],
            [-1.797952337476387, 48.09806433634817],
            [-1.797967520050113, 48.09807134627262],
            [-1.797983996454355, 48.09807689186761],
            [-1.79792226793284, 48.09817153226702],
            [-1.797881142404874, 48.09824621518571],
            [-1.797756974569599, 48.09840232480138],
            [-1.797642381401089, 48.098500231306794],
            [-1.79763306867265, 48.098506097274836],
            [-1.797416493538707, 48.098630116845506],
            [-1.797291284360506, 48.09870183936129],
            [-1.79707017981018, 48.09887254092928],
            [-1.796888977184882, 48.09901265347845],
            [-1.796881491192915, 48.099018441901684],
            [-1.796716797433397, 48.09913238268491],
            [-1.796595808219475, 48.09920907208141],
            [-1.796587149329561, 48.09920354160654],
            [-1.796577565716432, 48.09919874361343],
            [-1.796567194383953, 48.09919474808252],
            [-1.796554358136997, 48.099191197849294],
            [-1.796540908587654, 48.09918887896183],
            [-1.796527109553674, 48.09918783628335],
            [-1.796513226619013, 48.09918809027202],
            [-1.796499532410923, 48.09918963585977],
            [-1.796486293198873, 48.09919244301136],
            [-1.796473764874281, 48.09919645689225],
            [-1.796462193201058, 48.099201600561464],
            [-1.796451802760791, 48.09920777182837],
            [-1.796442795107352, 48.099214852341156],
            [-1.796435520785951, 48.099222488635874],
            [-1.796429859177553, 48.09923071458316],
            [-1.796425914605892, 48.0992393789407],
            [-1.796423759570406, 48.09924832098014],
            [-1.796423530185869, 48.09925859929441],
            [-1.79642490678546, 48.09926629905655],
            [-1.796427621779074, 48.09927383753529],
            [-1.796431638597614, 48.099281110820485],
            [-1.796439947622872, 48.099291313111735],
            [-1.796450751343281, 48.099300406509606],
            [-1.796461001211707, 48.09930668345548],
            [-1.79647245480731, 48.09931194412607],
            [-1.796484889955431, 48.09931608514659],
            [-1.796498065209694, 48.099319027376666],
            [-1.796511722198377, 48.09932071220781],
            [-1.796526272930943, 48.09932109991845],
            [-1.796540750981252, 48.09932005510874],
            [-1.796554843678079, 48.09931760073866],
            [-1.796636302989999, 48.099406437143685],
            [-1.79680861912228, 48.09959435728734],
            [-1.797126443598314, 48.099897209158996],
            [-1.797173206389359, 48.099992168630216],
            [-1.797191370675542, 48.10009747650891],
            [-1.797091173996902, 48.10036728553877],
            [-1.797025918238865, 48.10057576847887],
            [-1.796917223196221, 48.10085365666463],
            [-1.796852732038442, 48.10094217005256],
            [-1.796719101642535, 48.1010284633951],
            [-1.796402449933483, 48.101207852334504],
            [-1.796274132667168, 48.10131758520521],
            [-1.796220418421928, 48.10141028768245],
            [-1.795986727515312, 48.10161517447313],
            [-1.795749271765716, 48.101854713318566],
            [-1.795656761230602, 48.10190264402879],
            [-1.795554129794441, 48.10191620304812],
            [-1.795483696405623, 48.10190875544609],
            [-1.795410543161099, 48.10189899804212],
            [-1.795161115188293, 48.10182358091085],
            [-1.795057043015791, 48.10179151935577],
            [-1.794767117012858, 48.101702201029454],
            [-1.794684729736778, 48.10167833587749],
            [-1.794411679587672, 48.10159666636059],
            [-1.79376602520148, 48.10140354702191],
            [-1.793629616505193, 48.101611724272445],
            [-1.79349436900547, 48.10177033687149],
            [-1.793314267430035, 48.1019475135783],
            [-1.792955558304847, 48.10216766885516],
            [-1.792514511294259, 48.1023846753555],
            [-1.792345045619623, 48.102534593806425],
            [-1.79218347724681, 48.10271001805541],
            [-1.791920836679083, 48.10295868307585],
            [-1.7916647958529, 48.10317484147004],
            [-1.791517668200458, 48.103282151517824],
            [-1.791343212777271, 48.10339077608654],
            [-1.790918644315032, 48.103627655997705],
            [-1.790481770691489, 48.10384221433108],
            [-1.790082031716036, 48.1040221087232],
            [-1.789676400944866, 48.10416345230216],
            [-1.789570221216569, 48.10422364331372],
            [-1.789557186313525, 48.10421636795932],
            [-1.789542625176525, 48.10421053586146],
            [-1.789529024007351, 48.10420673912951],
            [-1.789514781734409, 48.104204209998365],
            [-1.789500159514383, 48.10420299345893],
            [-1.789484128177542, 48.104203177446735],
            [-1.789468307155963, 48.10420491617601],
            [-1.789453763951894, 48.104207998458236],
            [-1.789440003189107, 48.10421240708378],
            [-1.789427292533041, 48.10421805430311],
            [-1.789415878968448, 48.10422483250177],
            [-1.789405984195109, 48.10423260808419],
            [-1.789397452865606, 48.10424167859622],
            [-1.789390985080847, 48.10425148408977],
            [-1.789386717637511, 48.10426181700711],
            [-1.789384742943767, 48.104272455418794],
            [-1.789157539330306, 48.10430235909832],
            [-1.789049042605606, 48.10422264074003],
            [-1.788688386840905, 48.10382371431363],
            [-1.788319701396265, 48.103408769951656],
            [-1.788009041420445, 48.10305909721231],
            [-1.787951625018159, 48.10299158241037],
            [-1.787716682578853, 48.10272166434061],
            [-1.787453051641926, 48.10241433336899],
            [-1.78742253804164, 48.10237925856299],
            [-1.787341017100159, 48.102285551503954],
            [-1.787304772264154, 48.1022438885087],
            [-1.787024469493651, 48.10192846770315],
            [-1.786823900938137, 48.10170363205505],
            [-1.786507401660133, 48.10134883435854],
            [-1.786344818127676, 48.10124772280352],
            [-1.78634595977862, 48.10123787341087],
            [-1.786345044634112, 48.10122801233368],
            [-1.78634209068996, 48.101218333472005],
            [-1.786337152967105, 48.101209023777244],
            [-1.786330329038883, 48.10120026482427],
            [-1.786321751830146, 48.1011922277044],
            [-1.786311589117369, 48.1011850676393],
            [-1.786300035570833, 48.10117892521346],
            [-1.786287320212535, 48.10117391975573],
            [-1.78627262946583, 48.101169924735174],
            [-1.786257216372524, 48.101167438583516],
            [-1.786241422224431, 48.10116651467671],
            [-1.786255463489241, 48.10105839258295],
            [-1.786246124021477, 48.100994228154526],
            [-1.786250132905624, 48.100855545688475],
            [-1.786264959530217, 48.100646009893104],
            [-1.786278819163727, 48.1004816343874],
            [-1.786315097408578, 48.10010841947125],
            [-1.786353095428693, 48.09997093685726],
            [-1.786413307937976, 48.099854046995844],
            [-1.786466474031565, 48.09977481147884],
            [-1.786582732733082, 48.09964199740867],
            [-1.786762810002714, 48.099499210955976],
            [-1.786990516299276, 48.099358633758634],
            [-1.787110618247491, 48.09929670428434],
            [-1.787268412682061, 48.09923775932582],
            [-1.787419841239917, 48.099201849666],
            [-1.787600280795124, 48.099165486653334],
            [-1.787795164170068, 48.09911468358347],
            [-1.787976049901626, 48.09902746896323],
            [-1.788141466261483, 48.09888341365937],
            [-1.788161782137943, 48.09883737981757],
            [-1.788198503459621, 48.0988390754061],
            [-1.788234629593741, 48.098834345299636],
            [-1.788267696450764, 48.09882351382774],
            [-1.788285588423413, 48.09881307477274],
            [-1.788295451906478, 48.09880731913536],
            [-1.788316003237812, 48.098786863784625],
            [-1.788327951668694, 48.09876354246317],
            [-1.788330481529652, 48.09873894454821],
            [-1.788323421446433, 48.09871474522031],
            [-1.788307251589685, 48.09869259521971],
            [-1.788283075248578, 48.09867400307836],
            [-1.788252538384739, 48.09866023664138],
            [-1.788217723052804, 48.09865223288689],
            [-1.788181000606576, 48.09865053825792],
            [-1.788144875852897, 48.09865526739422],
            [-1.788111809077842, 48.09866609883119],
            [-1.788084053640434, 48.098682293479754],
            [-1.788063502258844, 48.0987027487895],
            [-1.78805906258516, 48.098711412701135],
            [-1.787909180810357, 48.0986731144385],
            [-1.787134026407698, 48.09852840551516],
            [-1.786825785137348, 48.09847011463662],
            [-1.786615526603361, 48.098429527163425],
            [-1.785797387465434, 48.098271592576886],
            [-1.784495244934697, 48.09802018209571],
            [-1.784474998768649, 48.09820996430648],
            [-1.784258290940824, 48.098830285347404],
            [-1.784222283208701, 48.09900282113627],
            [-1.784203623625817, 48.09920947614658],
            [-1.784226159317051, 48.09945242541314],
            [-1.784313012130856, 48.09983097699694],
            [-1.784354357750821, 48.10005224560942],
            [-1.78436676424188, 48.10026434822557],
            [-1.784334035087869, 48.100538382267814],
            [-1.784248589946017, 48.100795350865816],
            [-1.784124156010092, 48.10104723292789],
            [-1.78395569161258, 48.1012684858833],
            [-1.78371272833195, 48.1016154913551],
            [-1.783687973110925, 48.1016508470086],
            [-1.78320450506647, 48.10217828617878],
            [-1.782996641128162, 48.102405294754426],
            [-1.782446693140589, 48.10301007371153],
            [-1.782277509447148, 48.10318866883472],
            [-1.782068076631661, 48.10338737984326],
            [-1.781832329532258, 48.10359273246187],
            [-1.781553104837744, 48.10382069597619],
            [-1.781258324218944, 48.10405611477879],
            [-1.780743246883261, 48.104450312011004],
            [-1.780437191421117, 48.10468308542065],
            [-1.780016894489496, 48.10500155337562],
            [-1.779611571042615, 48.10530968441072],
            [-1.779305896204428, 48.10554231976933],
            [-1.778905948953183, 48.105847575685615],
            [-1.778510218411261, 48.10615127831441],
            [-1.778003743984312, 48.106540381666925],
            [-1.777140094754164, 48.10720695699146],
            [-1.776905770917164, 48.10741727158181],
            [-1.776671055697959, 48.10763806687921],
            [-1.776436437771863, 48.10789017869492],
            [-1.776249242845237, 48.10811524811316],
            [-1.77607417956543, 48.108365587741325],
            [-1.775898227362443, 48.108622226907336],
            [-1.775761007450666, 48.10887029096491],
            [-1.77564327456482, 48.10911134456222],
            [-1.775512107892982, 48.10940233692375],
            [-1.775376583720414, 48.10980354975232],
            [-1.775321173200989, 48.11006694081085],
            [-1.775264032474579, 48.11043843199316],
            [-1.775225275776201, 48.110863933220955],
            [-1.7751964298423, 48.11115614304202],
            [-1.77506508547436, 48.11247975847878],
            [-1.775012225328298, 48.1131873756394],
            [-1.774919980630238, 48.11405166545136],
            [-1.774880508412888, 48.11447438203075],
            [-1.774791259011455, 48.115422075353685],
            [-1.774701594456223, 48.11638835106296],
            [-1.774632829792222, 48.11697019229237],
            [-1.774582856800305, 48.11750902546451],
            [-1.774559260970518, 48.11780455835463],
            [-1.774536613609982, 48.11809743901971],
            [-1.774525636696187, 48.118231111177394],
            [-1.77444738490308, 48.11902654108987],
            [-1.774401084813094, 48.11962859840778],
            [-1.774378081959183, 48.119920890600866],
            [-1.774268344108407, 48.12104535366515],
            [-1.774206451551451, 48.121047312229116],
            [-1.774145799898656, 48.12105579666887],
            [-1.774091503303365, 48.12106952682907],
            [-1.77404087051319, 48.12108852252699],
            [-1.773995031681953, 48.121112358370404],
            [-1.773955010213946, 48.12114050255974],
            [-1.773921700803642, 48.121172326810466],
            [-1.773895846383413, 48.12120711902419],
            [-1.773880596589228, 48.121237382524605],
            [-1.773381540075487, 48.121131481055],
            [-1.772818181483955, 48.12102327830132],
            [-1.772451910140819, 48.12099519081578],
            [-1.771945031132181, 48.120956318874626],
            [-1.771768188863219, 48.120945204039984],
            [-1.771347532545323, 48.120918763980455],
            [-1.770061299109678, 48.120857834039306],
            [-1.768774566982208, 48.12082430513176],
            [-1.76836246969441, 48.12080941748145],
            [-1.76809983622243, 48.120792594577296],
            [-1.767161386399997, 48.120628987958106],
            [-1.766999266670502, 48.120597338049315],
            [-1.765613973909293, 48.12033312559965],
            [-1.765577536564547, 48.12032617576207],
            [-1.765382960047009, 48.12028636998563],
            [-1.765177811368519, 48.12024440097669],
            [-1.764982492141646, 48.12019607015216],
            [-1.764174245725334, 48.11999606885431],
            [-1.76407907129041, 48.119972796740534],
            [-1.763858173085912, 48.119918782177514],
            [-1.763460643234493, 48.11982157585697],
            [-1.762268522645467, 48.119493747166686],
            [-1.762082648850019, 48.11943652963379],
            [-1.761302185983633, 48.11920528179648],
            [-1.761298853942938, 48.119204192064046],
            [-1.761142353353594, 48.1191530086722],
            [-1.760882169608461, 48.11905740488075],
            [-1.760708313041838, 48.11899352123842],
            [-1.760446540659113, 48.11893272271445],
            [-1.76045320904844, 48.118912520820764],
            [-1.760455612448789, 48.11889189443131],
            [-1.760453705803333, 48.11887124461345],
            [-1.760447526250464, 48.11885097353705],
            [-1.76043719237732, 48.11883147639519],
            [-1.760422907246685, 48.11881313046537],
            [-1.76040494767129, 48.11879629555351],
            [-1.760383664062199, 48.118781297780046],
            [-1.760359470961141, 48.118768429070904],
            [-1.760332838333377, 48.118757940308896],
            [-1.760304284284314, 48.11875003532769],
            [-1.760274365343528, 48.11874486770952],
            [-1.760243662892723, 48.11874253954487],
            [-1.760212775799753, 48.11874309452848],
            [-1.760182304745568, 48.1187465231139],
            [-1.760152843683413, 48.11875275746018],
            [-1.760124964165741, 48.118761676586296],
            [-1.760099209981963, 48.11877310659317],
            [-1.760076081485175, 48.11878682581784],
            [-1.760056030395457, 48.11880256685078],
            [-1.760037197004028, 48.11882292623973],
            [-1.760023471475919, 48.11884504136231],
            [-1.76001520756162, 48.118868341578995],
            [-1.759847793707526, 48.11882430241742],
            [-1.759632554573379, 48.1188016898705],
            [-1.759512357083743, 48.11880666483651],
            [-1.759359035405565, 48.11882719263619],
            [-1.758710197147323, 48.118930138603396],
            [-1.758568173314253, 48.11893666786628],
            [-1.758504441237887, 48.11893930515001],
            [-1.757708737754391, 48.11892983711986],
            [-1.757291499151618, 48.11892477081233],
            [-1.756930063209533, 48.11893129275757],
            [-1.756842694128883, 48.11893708642031],
            [-1.756592131603669, 48.11895370147178],
            [-1.756259464592957, 48.11899907298582],
            [-1.755859605792655, 48.11909664662442],
            [-1.755808724379152, 48.11910861379813],
            [-1.755569740535713, 48.11916669224486],
            [-1.755478639519351, 48.11918563194514],
            [-1.755296875036536, 48.119223420116924],
            [-1.755114540812653, 48.119260814300155],
            [-1.754945579692396, 48.11928706155246],
            [-1.754685257488011, 48.119306492422176],
            [-1.754446941535188, 48.119314647366856],
            [-1.754365304654199, 48.119317495540265],
            [-1.753660429039797, 48.11934404660066],
            [-1.753490222454979, 48.119337059123126],
            [-1.753486016350973, 48.11932166871831],
            [-1.753478368347155, 48.11930688376861],
            [-1.753468541717129, 48.11929426146766],
            [-1.753456187923272, 48.11928267809844],
            [-1.753441545676633, 48.1192723580859],
            [-1.753424900048567, 48.11926350321262],
            [-1.753406577786547, 48.11925628560356],
            [-1.753386932318359, 48.11925084564263],
            [-1.75336634894945, 48.119247289955574],
            [-1.753345225596898, 48.11924568679977],
            [-1.753323974213082, 48.11924606690648],
            [-1.753303010143176, 48.1192484248219],
            [-1.753282738056454, 48.119252712279774],
            [-1.753263556878929, 48.119258847909755],
            [-1.753245836339828, 48.11926671099794],
            [-1.753229921738623, 48.119276149399774],
            [-1.753216125735521, 48.1192869780772],
            [-1.753204713008101, 48.119298987842825],
            [-1.753195908212626, 48.11931194412969],
            [-1.75318988181574, 48.1193255938847],
            [-1.753186752179838, 48.11933967359254],
            [-1.753186578693923, 48.1193539077573],
            [-1.753186578693923, 48.1193539077573],
            [-1.752910433659495, 48.119352378666164],
            [-1.752529871736323, 48.11933327865026],
            [-1.751432072833601, 48.11923385535318],
            [-1.750722169050631, 48.11917173976159],
            [-1.750583294241985, 48.11916086825569],
            [-1.750396942085591, 48.11914402094707],
            [-1.749875404808259, 48.11909956894074],
            [-1.749588922784683, 48.11907515028343],
            [-1.749041161067961, 48.11902845906826],
            [-1.748918077779948, 48.11901615297121],
            [-1.748068989467664, 48.118931681973635],
            [-1.747460588193864, 48.118882651596664],
            [-1.747134931106651, 48.118854888728656],
            [-1.745692108981115, 48.11871147403829],
            [-1.742596280237879, 48.11844121169089],
            [-1.742424310073625, 48.118426272424614],
            [-1.741416047172973, 48.11833867799305],
            [-1.738051782619243, 48.118046336147295],
            [-1.737201205804476, 48.117977418703475],
            [-1.736944853661339, 48.11795683342174],
            [-1.736675598522761, 48.11793482846625],
            [-1.735200805395084, 48.11786820907867],
            [-1.733068407605502, 48.11774814658707],
            [-1.732790665939012, 48.11773102439815],
            [-1.732209463000634, 48.11769296366438],
            [-1.731372929929048, 48.117665146905914],
            [-1.730472825890291, 48.117635209430716],
            [-1.729380305898192, 48.11756300306912],
            [-1.729180112085728, 48.11754871496272],
            [-1.728745644196678, 48.11751750940817],
            [-1.727961954823802, 48.117408240482874],
            [-1.72772616762819, 48.11737545216966],
            [-1.726730056723144, 48.11719979744652],
            [-1.726353618875768, 48.117116612440455],
            [-1.725846398153861, 48.11701126870514],
            [-1.725085793338029, 48.116830198005594],
            [-1.724655800879823, 48.11671448049371],
            [-1.724170207367342, 48.116615502173474],
            [-1.723974955970491, 48.11656712839818],
            [-1.723639022528659, 48.11648389946939],
            [-1.723454829210162, 48.11644962194364],
            [-1.723141948809572, 48.116412733817995],
            [-1.723090388646932, 48.116406654862395],
            [-1.722290561466423, 48.11633328711502],
            [-1.721534811647056, 48.11626883353518],
            [-1.720698666760147, 48.116201237177485],
            [-1.719847022180462, 48.11614572226862],
            [-1.719081048751507, 48.116120646957306],
            [-1.717876121014953, 48.1161550692626],
            [-1.716651350554854, 48.11619309253016],
            [-1.716622557106192, 48.11614178081224],
            [-1.716560521969063, 48.11610647907378],
            [-1.716473661137149, 48.11608958682302],
            [-1.716393165805933, 48.11610991923473],
            [-1.716341798593681, 48.11614563715738],
            [-1.716314790841457, 48.11620198238281],
            [-1.716022838868896, 48.116211193976646],
            [-1.715930238326151, 48.11621412597235],
            [-1.714937903448436, 48.116245541425045],
            [-1.714073165026395, 48.11626811999512],
            [-1.713886404451777, 48.11627577614963],
            [-1.713633415580909, 48.11627756384258],
            [-1.711890310774159, 48.11633110266728],
            [-1.711315212653771, 48.11634915170978],
            [-1.710248411646282, 48.116382624838245],
            [-1.709907978682412, 48.1164781841174],
            [-1.709599472305076, 48.11643421198978],
            [-1.70935362091082, 48.116444280857316],
            [-1.708007800429828, 48.116207543887214],
            [-1.705597630394296, 48.11576124607322],
            [-1.705386023093402, 48.11572484425528],
            [-1.705233018376878, 48.115738379642366],
            [-1.705158863314148, 48.115685185724686],
            [-1.705023481002073, 48.11565558258314],
            [-1.704938639844666, 48.115660766065936],
            [-1.704899384139815, 48.11567444690822],
            [-1.70475889666676, 48.11575265095618],
            [-1.704717995970096, 48.11584873819529],
            [-1.704721285824586, 48.115919982777314],
            [-1.704696189338801, 48.11601805727726],
            [-1.704698991635532, 48.11624934327004],
            [-1.704699991997692, 48.11632814796399],
            [-1.704719206439399, 48.116439182044225],
            [-1.704707504624194, 48.11676303237547],
            [-1.704703727312855, 48.116867569481364],
            [-1.70468310825422, 48.117044216253596],
            [-1.704650598164187, 48.11744871859989],
            [-1.704613548184477, 48.11745023439063],
            [-1.704578638808419, 48.11745867759915],
            [-1.704548694200713, 48.11747336499835],
            [-1.704526143785711, 48.117493106879465],
            [-1.704512811662094, 48.11751630307172],
            [-1.704509779252293, 48.117541074712435],
            [-1.704517292653233, 48.11756541401298],
            [-1.704534742844302, 48.117587350868895],
            [-1.704560714792684, 48.11760510764156],
            [-1.70459310704422, 48.1176172447496],
            [-1.704629291926216, 48.11762277936851],
            [-1.704666342029296, 48.117621263572765],
            [-1.704670250880779, 48.117792380916555],
            [-1.704671017721407, 48.11780397152844],
            [-1.704626929868252, 48.11875579697111],
            [-1.704598729426219, 48.119272645763004],
            [-1.704597192341342, 48.119314661740596],
            [-1.704561668778361, 48.120299018971195],
            [-1.704517852089914, 48.120992935591126],
            [-1.704506227194397, 48.12117910097446],
            [-1.704470709403374, 48.12118372126707],
            [-1.704438186956727, 48.12119434013282],
            [-1.704410877575895, 48.121210233385845],
            [-1.704390641864307, 48.12123031749758],
            [-1.704378859559095, 48.121253224041794],
            [-1.704376332975693, 48.12127739194986],
            [-1.70438323474841, 48.1213011732731],
            [-1.704399094177105, 48.1213229490806],
            [-1.704012734616386, 48.121452583573934],
            [-1.70400516498664, 48.12144219003455],
            [-1.703980475721448, 48.12142317044829],
            [-1.703949275517859, 48.12140907761834],
            [-1.703913692192253, 48.12140087157418],
            [-1.703876148169065, 48.121399112827454],
            [-1.70383920438793, 48.12140391829668],
            [-1.703805376128132, 48.1214149634343],
            [-1.703776971268321, 48.12143149424839],
            [-1.703766749630587, 48.121441639606644],
            [-1.703755923532983, 48.12145238484444],
            [-1.703743667268349, 48.12147620972217],
            [-1.703741039126206, 48.12150134772613],
            [-1.703748217490649, 48.12152608373239],
            [-1.703764713634158, 48.121548733765835],
            [-1.703789402798006, 48.12156775250015],
            [-1.703820601713051, 48.12158184542777],
            [-1.703835455655339, 48.12158527116001],
            [-1.70381477200835, 48.12192076809433],
            [-1.703789520539657, 48.12233035099689],
            [-1.703772903595096, 48.12296837227635],
            [-1.703755681728079, 48.12343160658024],
            [-1.703753554660696, 48.12350269953054],
            [-1.703733254515361, 48.12357669836515],
            [-1.703727924188166, 48.123589081096824],
            [-1.703703804661032, 48.12364629562608],
            [-1.703669875309236, 48.12370219928417],
            [-1.703614358398548, 48.123770790108644],
            [-1.703563817424753, 48.12382016438413],
            [-1.703485360329559, 48.12389104496529],
            [-1.70321989485531, 48.124092481970884],
            [-1.703161966233651, 48.124147925128874],
            [-1.703107844275134, 48.124214115776056],
            [-1.703074892661517, 48.12428664939525],
            [-1.703058014228841, 48.124374565128036],
            [-1.703054373932375, 48.12454529214776],
            [-1.702511474694875, 48.12461285228357],
            [-1.702011504989667, 48.12467914129096],
            [-1.700179670367099, 48.12495933656618],
            [-1.693687733528266, 48.1259568222447],
            [-1.6934270670276, 48.12596865274065],
            [-1.692900067255486, 48.126047429008594],
            [-1.692842474511023, 48.12592117734854],
            [-1.692851328024577, 48.12582105364883],
            [-1.692886455748183, 48.1257316449416],
            [-1.692942419815993, 48.12563965594232],
            [-1.692950370245712, 48.12562961867567],
            [-1.692752137955705, 48.125056720292434],
            [-1.692699470480893, 48.12488418624698],
            [-1.692671021712479, 48.12483439780093],
            [-1.692608573814134, 48.124793275033404],
            [-1.692551460462954, 48.12478687117393],
            [-1.692493501013025, 48.12479505871464],
            [-1.692434827423541, 48.12481928797597],
            [-1.692409174893449, 48.12484799273173],
            [-1.692383732224137, 48.124902891358445],
            [-1.692396108368267, 48.12494572682545],
            [-1.692467824955852, 48.12515392072134],
            [-1.69251624683676, 48.125290769641566]
          ]
        ],
        "type": "MultiLineString"
      },
      "properties": {
        "geo_point_2d": {
          "lon": -1.7747119401150457,
          "lat": 48.10304847669888
        },
        "gml_id": "v_star_lignes_actives.79",
        "id": 79,
        "li_code": "0076",
        "li_num": "76",
        "li_nom": "Rennes (Lycée Basch) <> Vezin-le-Coquet <> Le Rheu <> Mordelles (Mordelles Pâtis)",
        "li_type": "Métropolitaine",
        "li_sstype": null,
        "li_d_creat": "2014-09-01T02:00:00+02:00",
        "li_d_acces": "2014-09-01T02:00:00+02:00",
        "li_datedeb": null,
        "li_datefin": null,
        "comm_desservies": "35240, 35196, 35238, 35353",
        "li_couleur_rvb": "97,195,217,255",
        "li_couleur_hex": "#61C3D9",
        "volume": 900
      }
    },
    {
      "type": "Feature",
      "geometry": {
        "coordinates": [
          [
            [-1.733020594357104, 48.033254522276735],
            [-1.733132416385695, 48.032962913328646],
            [-1.733293682231283, 48.03254235902697],
            [-1.733463269871852, 48.03212907952565],
            [-1.733646293580994, 48.03176460942148],
            [-1.73388516836141, 48.03114211799322],
            [-1.733921362949148, 48.0310483534545],
            [-1.734008095598706, 48.03086023372901],
            [-1.734186795582036, 48.03057604922613],
            [-1.734369837805525, 48.03034541150892],
            [-1.734456805404738, 48.03025920623411],
            [-1.734615825532033, 48.030101579134474],
            [-1.734874886132641, 48.02991543431112],
            [-1.735432748548987, 48.029426827277746],
            [-1.735707845300956, 48.02914823323898],
            [-1.735733123506353, 48.02915671895965],
            [-1.735759923054536, 48.02916274941126],
            [-1.735787717167609, 48.0291662057484],
            [-1.735815809277112, 48.029167022088444],
            [-1.735843797209704, 48.02916520781373],
            [-1.735871137479988, 48.02916079886293],
            [-1.735897296401536, 48.02915387943198],
            [-1.735921765303221, 48.02914458675311],
            [-1.735944067489598, 48.02913309909294],
            [-1.735963768268237, 48.029119642547684],
            [-1.735980487098744, 48.029104477024845],
            [-1.73599389508065, 48.029087898149],
            [-1.736003734370251, 48.02907022925152],
            [-1.736009402917618, 48.029053563267084],
            [-1.736011893381907, 48.0290365508007],
            [-1.736011162205156, 48.02901946398899],
            [-1.736005685599006, 48.028998270059645],
            [-1.735995270570579, 48.028977925984364],
            [-1.735982277366725, 48.028961199080555],
            [-1.735965941541133, 48.028945847333105],
            [-1.735946578069075, 48.02893217043823],
            [-1.735924567299838, 48.02892043385546],
            [-1.73590033463432, 48.0289108669427],
            [-1.735874352460998, 48.02890365476641],
            [-1.735847126772506, 48.02889893865378],
            [-1.735819187221182, 48.02889681029527],
            [-1.735791078924628, 48.028897310280506],
            [-1.735763347826453, 48.028900429603304],
            [-1.735707935498839, 48.02867587402707],
            [-1.73559761289623, 48.02845578606422],
            [-1.735544240075704, 48.02836196495695],
            [-1.735363497915254, 48.028044245691476],
            [-1.735263819588322, 48.02789439495424],
            [-1.734833399591098, 48.02717045004514],
            [-1.734752436442886, 48.02697771989643],
            [-1.734674650026113, 48.02664716329133],
            [-1.734574610242503, 48.026280059288716],
            [-1.734573285292916, 48.02627519723715],
            [-1.734471217533611, 48.025997368729],
            [-1.73445729129601, 48.02595946127742],
            [-1.734392505805262, 48.02582744147669],
            [-1.734423497096435, 48.025820337420896],
            [-1.734452111750278, 48.0258098890568],
            [-1.734473479019386, 48.02579889797371],
            [-1.734492225718476, 48.02578609285527],
            [-1.734508133941861, 48.02577166112332],
            [-1.734520893723951, 48.025755885002035],
            [-1.734530255115028, 48.02573907127386],
            [-1.734536585404158, 48.025718749210576],
            [-1.734537987652627, 48.0256980095334],
            [-1.734534424848359, 48.02567738633735],
            [-1.735272367614606, 48.02562607788021],
            [-1.735921558278916, 48.02558265818199],
            [-1.736056616355101, 48.02555803223869],
            [-1.736063622897568, 48.02556233621441],
            [-1.736071454878479, 48.02556594380048],
            [-1.73607995817304, 48.025568785660916],
            [-1.736088809090218, 48.02557070122382],
            [-1.73609830949273, 48.025571964620916],
            [-1.736107801312805, 48.02557224072239],
            [-1.736117257307296, 48.025571627983496],
            [-1.736126494461293, 48.02557013756005],
            [-1.736135332909137, 48.025567800302916],
            [-1.736143599373082, 48.02556466030811],
            [-1.73615113426629, 48.02556077912949],
            [-1.736157791363576, 48.02555623218766],
            [-1.736163439057402, 48.02555110781714],
            [-1.736167969643459, 48.02554550598199],
            [-1.736171293720636, 48.02553953580351],
            [-1.736173346717711, 48.02553331348865],
            [-1.736174088646379, 48.02552695963683],
            [-1.736173505439489, 48.02552059918462],
            [-1.736171608292459, 48.02551435422397],
            [-1.736168433992499, 48.02550834759309],
            [-1.736164044342362, 48.02550269659232],
            [-1.736158524492764, 48.025497509448414],
            [-1.736152912143388, 48.02549354431539],
            [-1.736144545587195, 48.025488922626174],
            [-1.73613635843972, 48.025485690152315],
            [-1.736127580648022, 48.025483253416816],
            [-1.736118381758208, 48.025481659491795],
            [-1.736108942043719, 48.025480940588736],
            [-1.7360994453201, 48.02548110894812],
            [-1.736090075506439, 48.02548216328926],
            [-1.736076144283094, 48.02483948526965],
            [-1.736073241235632, 48.024674141691115],
            [-1.736068882777853, 48.024464943940636],
            [-1.736151109339864, 48.02385636108102],
            [-1.736156661383673, 48.02382160774457],
            [-1.736187191169003, 48.02363050384546],
            [-1.736252845088125, 48.02321953263165],
            [-1.736273888503547, 48.02322014395082],
            [-1.736294853356558, 48.02321878503819],
            [-1.736315333650047, 48.02321548164917],
            [-1.736334928265707, 48.02321029809578],
            [-1.736353257021982, 48.023203336575115],
            [-1.736369962774461, 48.02319473077457],
            [-1.736384721030424, 48.023184648178514],
            [-1.736397245054839, 48.0231732871541],
            [-1.736407288979502, 48.02316086691049],
            [-1.736414657418239, 48.023147629814304],
            [-1.736763427542367, 48.02318847754128],
            [-1.737223698881152, 48.02320520566497],
            [-1.73816878873821, 48.02319367501286],
            [-1.738441726896458, 48.02322214226205],
            [-1.739171619329167, 48.02319200793959],
            [-1.739983812337488, 48.023205185080606],
            [-1.741050440538468, 48.023268303455744],
            [-1.741284029238876, 48.02326964676263],
            [-1.742682918232097, 48.02340487961628],
            [-1.743375763950507, 48.023448691488824],
            [-1.743714452888186, 48.023470106833486],
            [-1.743828347752223, 48.02346405266485],
            [-1.743950025870614, 48.02343343085618],
            [-1.74409469589356, 48.02343607702788],
            [-1.744324338031761, 48.023452039125736],
            [-1.744411072665165, 48.02346898520195],
            [-1.744473763236628, 48.02349389727739],
            [-1.744495134165776, 48.02353898304643],
            [-1.744529593893006, 48.02447772491115],
            [-1.744530195654668, 48.02449411749355],
            [-1.744530301711771, 48.0244970066174],
            [-1.74458654625711, 48.02492914022949],
            [-1.744576491766285, 48.024930109130594],
            [-1.744566675865691, 48.02493186207087],
            [-1.744557234745411, 48.02493437539822],
            [-1.744544045597128, 48.02493947581857],
            [-1.744532359334082, 48.0249460208181],
            [-1.744525586520945, 48.02495109842539],
            [-1.744519747435844, 48.024956674515025],
            [-1.744514922221043, 48.02496267098011],
            [-1.744509706058767, 48.02497226472489],
            [-1.744507025307868, 48.02498231778187],
            [-1.744506702494762, 48.02498912840519],
            [-1.744507571943188, 48.024995917682425],
            [-1.744509622318854, 48.02500259146265],
            [-1.74451481876831, 48.02501219005796],
            [-1.744522398653109, 48.025021046723],
            [-1.744528677732626, 48.025026403069475],
            [-1.744535848401825, 48.025031228738854],
            [-1.744543813227679, 48.02503545746961],
            [-1.744556992036336, 48.02504056916806],
            [-1.744571285716688, 48.02504408572667],
            [-1.744579226693777, 48.025045261485865],
            [-1.744587298637159, 48.02504593260085],
            [-1.744595427447948, 48.025046096727635],
            [-1.744603544875033, 48.02504575668736],
            [-1.744617488062791, 48.025043951191456],
            [-1.744630810695609, 48.02504065473018],
            [-1.744639765321151, 48.02503743699235],
            [-1.744648094485247, 48.02503353771457],
            [-1.744655686212746, 48.02502901018692],
            [-1.74466547953414, 48.02502119081362],
            [-1.744673123302835, 48.02501236000375],
            [-1.744676870306924, 48.02500607648159],
            [-1.744679500925938, 48.02499954353283],
            [-1.744680992544278, 48.02499285130501],
            [-1.744681337184689, 48.024986088439455],
            [-1.744680481970241, 48.02497920575703],
            [-1.744678423079822, 48.02497243951374],
            [-1.744675254542425, 48.02496596514918],
            [-1.744670975267551, 48.02495978541173],
            [-1.744665646701898, 48.02495398427058],
            [-1.744655869591237, 48.02494615652232],
            [-1.744644230788867, 48.02493957360178],
            [-1.744635600314676, 48.02493598066095],
            [-1.744626400363904, 48.024933090716814],
            [-1.744616759681453, 48.02493094530666],
            [-1.74460176982814, 48.02492916518695],
            [-1.74458654625711, 48.02492914022949],
            [-1.744530301711771, 48.0244970066174],
            [-1.744530195654668, 48.02449411749355],
            [-1.744529593893006, 48.02447772491115],
            [-1.744519419534474, 48.02420056142885],
            [-1.744495134165776, 48.02353898304643],
            [-1.744473763236628, 48.02349389727739],
            [-1.744411072665165, 48.02346898520195],
            [-1.744324338031761, 48.023452039125736],
            [-1.74409469589356, 48.02343607702788],
            [-1.743950025870614, 48.02343343085618],
            [-1.743828347752223, 48.02346405266485],
            [-1.74375909537519, 48.02299306647496],
            [-1.74370577258866, 48.02263041178658],
            [-1.743258106506796, 48.02264605293571],
            [-1.743199382773277, 48.02264784926169],
            [-1.742679634529622, 48.02266359533901],
            [-1.742053925336887, 48.02268538755953],
            [-1.741296932777607, 48.02265515300674],
            [-1.741158492982206, 48.02197989252377],
            [-1.741047529360885, 48.02141322015374],
            [-1.740976052737681, 48.020905682019844],
            [-1.740860472618245, 48.020433219314455],
            [-1.740743109018192, 48.020150921153494],
            [-1.74075612617954, 48.02014711775897],
            [-1.740768055129251, 48.02014195083719],
            [-1.740777177940679, 48.02013653306131],
            [-1.740785088325379, 48.02013031559394],
            [-1.740791632239115, 48.02012342014361],
            [-1.740796682380536, 48.02011598173237],
            [-1.740800139034973, 48.020108143254134],
            [-1.740802023396407, 48.02009921356375],
            [-1.740801845940645, 48.020090196020526],
            [-1.740799610054645, 48.02008130315259],
            [-1.741170661851347, 48.01998913876496],
            [-1.742348584746773, 48.01978692170394],
            [-1.742933571452155, 48.019721466748585],
            [-1.74332156795427, 48.01967805203589],
            [-1.74424813228603, 48.01958460983148],
            [-1.745543818946393, 48.019528820655516],
            [-1.745889671015, 48.01951392661131],
            [-1.745892552860035, 48.019530630815595],
            [-1.745899511910813, 48.01954678614305],
            [-1.745906695504351, 48.019557534360274],
            [-1.745915708853031, 48.019567642801704],
            [-1.745926425104667, 48.01957697343125],
            [-1.745945332900436, 48.01958925088389],
            [-1.745967104798942, 48.01959916425964],
            [-1.745984115420308, 48.019604607516875],
            [-1.746002000900043, 48.01960859349795],
            [-1.746020484422845, 48.019611062459205],
            [-1.746044831532497, 48.01961192912663],
            [-1.746069067558174, 48.019610139317614],
            [-1.746089423281699, 48.01960650943394],
            [-1.746108825944774, 48.019601014850345],
            [-1.746126547078844, 48.019593903235524],
            [-1.746143296474724, 48.01958489090967],
            [-1.746157690736896, 48.019574575971845],
            [-1.746169805479307, 48.019563017105234],
            [-1.746179404919038, 48.01955044033449],
            [-1.746186301839745, 48.019537088599726],
            [-1.746190361770817, 48.01952322338598],
            [-1.746191506094221, 48.019509114682066],
            [-1.746478924956086, 48.01952494389306],
            [-1.747127499881989, 48.01955637740834],
            [-1.747413932872535, 48.01958468363049],
            [-1.747514920869586, 48.019594729155386],
            [-1.747850025803604, 48.01963743226377],
            [-1.747964886754915, 48.01965206900743],
            [-1.748249007202363, 48.019707503997196],
            [-1.748667848456986, 48.01980870863231],
            [-1.749002548303637, 48.01988958080358],
            [-1.749387857904971, 48.01998266606426],
            [-1.749970666154476, 48.02017670221322],
            [-1.750422389952701, 48.02034788965192],
            [-1.750641627711989, 48.02045532037613],
            [-1.750658787992647, 48.02046361739223],
            [-1.750748082075152, 48.0205067911697],
            [-1.751310280913585, 48.020804487238884],
            [-1.751483847395886, 48.02091731603126],
            [-1.751737963016091, 48.02108250533596],
            [-1.751725259094596, 48.02109590051356],
            [-1.751715455635803, 48.02111035160113],
            [-1.75170874707582, 48.02112557750334],
            [-1.751705261886386, 48.02114128093163],
            [-1.751705067497412, 48.0211571581129],
            [-1.751707282308163, 48.021169904097505],
            [-1.751712020301849, 48.02118316742838],
            [-1.751718852464183, 48.02119558438697],
            [-1.751732997907699, 48.02121300270154],
            [-1.751751395403724, 48.02122853010136],
            [-1.751768853683581, 48.021239250034114],
            [-1.751789096672332, 48.02124848035921],
            [-1.751809549875697, 48.021255312289924],
            [-1.751831997427882, 48.0212603421949],
            [-1.751855269826628, 48.02126322656681],
            [-1.751878913356454, 48.02126391029588],
            [-1.751902470071513, 48.02126237990045],
            [-1.751925479299196, 48.02125866526699],
            [-1.751947493615581, 48.02125283808758],
            [-1.75196808561903, 48.02124501248053],
            [-1.752050941794716, 48.021301412735795],
            [-1.752122554790773, 48.021350159613924],
            [-1.75223906040329, 48.02145354631763],
            [-1.752240427123839, 48.02145475913393],
            [-1.75240481137349, 48.021639361671355],
            [-1.752438463106531, 48.021677175532695],
            [-1.75246958065507, 48.02171987820161],
            [-1.75257983014347, 48.021875182323846],
            [-1.752679438183727, 48.02227335723647],
            [-1.752700364165695, 48.022411722861186],
            [-1.752702297057351, 48.022426556600955],
            [-1.752729684878902, 48.02264134033891],
            [-1.752769520999988, 48.02289616983994],
            [-1.752777774729493, 48.02296673154744],
            [-1.752811146988811, 48.02325951754533],
            [-1.752818993261299, 48.02334479228966],
            [-1.752850098546014, 48.02359709242841],
            [-1.752896552822074, 48.02397898755799],
            [-1.752912121571967, 48.02418382957635],
            [-1.752954577033073, 48.02476595282899],
            [-1.752954600262879, 48.02476627141262],
            [-1.75293394784203, 48.02476669495342],
            [-1.752913603589708, 48.0247691098642],
            [-1.752891034998441, 48.02477389226364],
            [-1.752869678343095, 48.02478073585452],
            [-1.752849949780676, 48.02478950625682],
            [-1.752832232641037, 48.02480003350314],
            [-1.752816872074064, 48.02481211226032],
            [-1.752804166177645, 48.024825507603545],
            [-1.752794363651597, 48.02483995871796],
            [-1.752787653504626, 48.024855183830546],
            [-1.752784168474054, 48.024870888178654],
            [-1.75278397565709, 48.0248867643889],
            [-1.752783975657916, 48.02488676439789],
            [-1.752786312044373, 48.02489990724662],
            [-1.752790928249866, 48.024912774574666],
            [-1.752797761081323, 48.024925190562975],
            [-1.752811907908284, 48.02494260873296],
            [-1.752830308475787, 48.02495813679185],
            [-1.752847766900015, 48.02496885660886],
            [-1.752867279587654, 48.02497784226925],
            [-1.752888466361964, 48.02498491847174],
            [-1.752910915555251, 48.024989947264835],
            [-1.752934189775035, 48.02499283231402],
            [-1.752957836362391, 48.02499351576526],
            [-1.752981393406046, 48.02499198520511],
            [-1.753004405553756, 48.02498827030272],
            [-1.75302642133611, 48.02498244292057],
            [-1.753047014661269, 48.024974617125494],
            [-1.753065783063896, 48.024964944755446],
            [-1.753082362343362, 48.024953613912125],
            [-1.753096430330721, 48.024940846101494],
            [-1.753107711580803, 48.02492688883015],
            [-1.753115987912846, 48.024912013366624],
            [-1.753115987927055, 48.024912013375044],
            [-1.754170108716105, 48.025180832332744],
            [-1.754264354901029, 48.02518058018885],
            [-1.754264354914411, 48.0251805801883],
            [-1.75426571886977, 48.0251882474035],
            [-1.754268411486521, 48.025195755053545],
            [-1.754272398926521, 48.025202998204875],
            [-1.754280652821162, 48.025213160073065],
            [-1.754291388531018, 48.025222219775756],
            [-1.754301574469743, 48.02522847355632],
            [-1.75431295821727, 48.02523371530078],
            [-1.75432531958761, 48.025237844189185],
            [-1.754338417296892, 48.02524077829846],
            [-1.754351994894813, 48.025242460664685],
            [-1.754365791553337, 48.02524285973741],
            [-1.75437953504501, 48.025241966065934],
            [-1.754392959802166, 48.025239798769505],
            [-1.754405804914417, 48.025236398374986],
            [-1.754417818726847, 48.0252318329885],
            [-1.754532066092842, 48.02541971048403],
            [-1.754673453022384, 48.02567644209746],
            [-1.754874979835108, 48.02591488799205],
            [-1.755111425329563, 48.02611139410658],
            [-1.75539498511553, 48.02635178478035],
            [-1.755442705573106, 48.02649932514362],
            [-1.755410339603196, 48.026588065051094],
            [-1.755297701715507, 48.02667565384923],
            [-1.754746712663442, 48.0270222714141],
            [-1.754282572488732, 48.02734289101658],
            [-1.754100803303849, 48.02743749779918],
            [-1.753325230465137, 48.02792807310058],
            [-1.753188920023296, 48.02802937745518],
            [-1.752912528458431, 48.02864756534691],
            [-1.752875993072698, 48.028742310560446],
            [-1.752747578553979, 48.02909312356269],
            [-1.752531189956623, 48.02968426001786],
            [-1.752560127518988, 48.02979248164223],
            [-1.752544373162034, 48.02979406697186],
            [-1.752520382085764, 48.02979946133209],
            [-1.752498151980795, 48.02980756812372],
            [-1.752491889017207, 48.029810913518176],
            [-1.752478358298418, 48.02981814103708],
            [-1.752461602474677, 48.02983085880629],
            [-1.752448393608665, 48.02984533502392],
            [-1.752439133066793, 48.02986112982626],
            [-1.752434102201424, 48.029877763305855],
            [-1.752433453908115, 48.02989473005393],
            [-1.752437207861223, 48.029911514550705],
            [-1.752445250031787, 48.0299276068112],
            [-1.752446915479589, 48.02992966154843],
            [-1.752457336033127, 48.02994251787253],
            [-1.752473098668737, 48.02995579466578],
            [-1.752492058979617, 48.029967033787905],
            [-1.752492763983054, 48.02996732320864],
            [-1.752513640886072, 48.02997589374596],
            [-1.752537188613126, 48.029982105329104],
            [-1.752561986668962, 48.02998547979297],
            [-1.752587281601306, 48.02998591460965],
            [-1.752612304800866, 48.02998339657882],
            [-1.752636295952879, 48.02997800219957],
            [-1.752658526108633, 48.0299698953725],
            [-1.752668594821876, 48.02996451710973],
            [-1.75267831981226, 48.029959322428404],
            [-1.752695075624324, 48.0299466046279],
            [-1.752708284447975, 48.02993212839118],
            [-1.752717544920354, 48.029916333567364],
            [-1.752722575698306, 48.02989970007548],
            [-1.75272322389682, 48.029882733325785],
            [-1.752720388424829, 48.02987005584713],
            [-1.752719469852969, 48.029865948838264],
            [-1.752711427606662, 48.029849856596776],
            [-1.752699341553714, 48.029834945561916],
            [-1.752683578896027, 48.02982166879041],
            [-1.752664618596824, 48.02981042969958],
            [-1.752643036733556, 48.029801569769596],
            [-1.752619489076818, 48.02979535821691],
            [-1.752594691108399, 48.029791983765335],
            [-1.752569396283408, 48.029791548940736],
            [-1.752560127518988, 48.02979248164223],
            [-1.752531189956623, 48.02968426001786],
            [-1.752875993072698, 48.028742310560446],
            [-1.752912528458431, 48.02864756534691],
            [-1.753188920023296, 48.02802937745518],
            [-1.753325230465137, 48.02792807310058],
            [-1.754100803303849, 48.02743749779918],
            [-1.754282572488732, 48.02734289101658],
            [-1.754746712663442, 48.0270222714141],
            [-1.755297701715507, 48.02667565384923],
            [-1.755410339603196, 48.026588065051094],
            [-1.755442705573106, 48.02649932514362],
            [-1.75539498511553, 48.02635178478035],
            [-1.755111425329563, 48.02611139410658],
            [-1.754874979835108, 48.02591488799205],
            [-1.754673453022384, 48.02567644209746],
            [-1.754532066092842, 48.02541971048403],
            [-1.754417818726847, 48.0252318329885],
            [-1.754428768799087, 48.025226189736635],
            [-1.754438440981102, 48.02521957931928],
            [-1.754446648202507, 48.0252121293376],
            [-1.754453230720475, 48.02520398698723],
            [-1.754458059142851, 48.025195308119144],
            [-1.754461039103907, 48.02518626425523],
            [-1.754462115377742, 48.025177028900686],
            [-1.754461264427167, 48.02516778416061],
            [-1.754458502614457, 48.02515870778388],
            [-1.754453886697042, 48.025149978549514],
            [-1.754447503302866, 48.025141764086605],
            [-1.754439477538185, 48.02513422682576],
            [-1.754429966395052, 48.02512751075505],
            [-1.754419155397616, 48.02512174876813],
            [-1.754407253595797, 48.025117052057844],
            [-1.754394493812367, 48.025113512800516],
            [-1.754381122700193, 48.02511119829585],
            [-1.75436740248874, 48.025110155346155],
            [-1.754353599537828, 48.02511040265636],
            [-1.754339980900603, 48.025111937275355],
            [-1.754326815000822, 48.025114727358684],
            [-1.754314354896828, 48.02511872007106],
            [-1.754302844642325, 48.025123837718176],
            [-1.754292508663123, 48.0251299790879],
            [-1.754283546982617, 48.025137025956035],
            [-1.754276133718271, 48.025144841346226],
            [-1.754270414653035, 48.02515327233398],
            [-1.754266501039832, 48.025162155710106],
            [-1.754264468180634, 48.0251713171384],
            [-1.754264354914411, 48.0251805801883],
            [-1.754264354901029, 48.02518058018885],
            [-1.754170108716105, 48.025180832332744],
            [-1.753115987927055, 48.024912013375044],
            [-1.753115987912846, 48.024912013366624],
            [-1.753120820603619, 48.024897656279144],
            [-1.753122863954591, 48.02488300107205],
            [-1.753122083901239, 48.02486829066264],
            [-1.753117438102769, 48.024850956699446],
            [-1.75310883812924, 48.02483431544833],
            [-1.753097897438302, 48.02482023665388],
            [-1.753084142920698, 48.024807316099604],
            [-1.753067840919966, 48.024795805889404],
            [-1.753049310168176, 48.02478592892345],
            [-1.753028910997396, 48.0247778784439],
            [-1.753005130654226, 48.02477138997573],
            [-1.752980161514665, 48.02476738381699],
            [-1.752954579050673, 48.024765953295145],
            [-1.752909515664685, 48.02414810019725],
            [-1.752897181750458, 48.023978990351665],
            [-1.752820189684327, 48.02335449681788],
            [-1.752818993261299, 48.02334479228966],
            [-1.752811146988811, 48.02325951754533],
            [-1.752769520999988, 48.02289616983994],
            [-1.752729684878902, 48.02264134033891],
            [-1.752717225982487, 48.022543771970305],
            [-1.75270036416487, 48.022411722852205],
            [-1.752679438182902, 48.0222733572275],
            [-1.75260577590165, 48.021979539658304],
            [-1.75257983014347, 48.021875182323846],
            [-1.75246958065507, 48.02171987820161],
            [-1.752438463106531, 48.021677175532695],
            [-1.75240481137349, 48.021639361671355],
            [-1.752240427123839, 48.02145475913393],
            [-1.75223906040329, 48.02145354631763],
            [-1.752209912699088, 48.02142768077554],
            [-1.752122554789947, 48.02135015960495],
            [-1.752050941794716, 48.021301412735795],
            [-1.75196808561903, 48.02124501248053],
            [-1.751986854208206, 48.02123534022472],
            [-1.752003432528524, 48.021224009529384],
            [-1.752017498429653, 48.02121124189758],
            [-1.752028780495557, 48.02119728466733],
            [-1.752037056623694, 48.02118241016914],
            [-1.752041887844751, 48.02116805227502],
            [-1.752043931354089, 48.02115339707717],
            [-1.752043153084576, 48.02113868749282],
            [-1.752038551246919, 48.02112151933176],
            [-1.752029908893025, 48.02110471122448],
            [-1.752018969285515, 48.02109063232678],
            [-1.752005214691108, 48.02107771169005],
            [-1.751988915444134, 48.021066201263615],
            [-1.7519703862346, 48.02105632411702],
            [-1.751949987364563, 48.02104827349592],
            [-1.751926208871505, 48.02104178480013],
            [-1.751901243036714, 48.0210377792466],
            [-1.751875661108309, 48.02103634853003],
            [-1.751855032627439, 48.02103708904201],
            [-1.751834689791735, 48.02103950376343],
            [-1.751812122727267, 48.02104428594527],
            [-1.751790767469988, 48.02105112934927],
            [-1.751771040147213, 48.021059899572286],
            [-1.751753324065539, 48.02107042665941],
            [-1.751737963016091, 48.02108250533596],
            [-1.751483847395886, 48.02091731603126],
            [-1.751310280913585, 48.020804487238884],
            [-1.751060932419224, 48.02067245274226],
            [-1.750748082074328, 48.020506791160734],
            [-1.750658787992647, 48.02046361739223],
            [-1.750641627711989, 48.02045532037613],
            [-1.750422389952701, 48.02034788965192],
            [-1.749970666154476, 48.02017670221322],
            [-1.749387857904971, 48.01998266606426],
            [-1.749002548303637, 48.01988958080358],
            [-1.748667848456986, 48.01980870863231],
            [-1.748249007201538, 48.01970750398822],
            [-1.74796488675409, 48.01965206899846],
            [-1.747850025803604, 48.01963743226377],
            [-1.747514920869586, 48.019594729155386],
            [-1.747413932872535, 48.01958468363049],
            [-1.747228173602177, 48.019566205478746],
            [-1.746478924956086, 48.01952494389306],
            [-1.746191506094221, 48.019509114682066],
            [-1.746189712887528, 48.01949503553893],
            [-1.74618501550309, 48.01948126122712],
            [-1.74617750701214, 48.01946805913158],
            [-1.746167333353214, 48.01945568727775],
            [-1.746154691160823, 48.01944438531985],
            [-1.746139829028381, 48.01943437366875],
            [-1.746123033549717, 48.01942584776122],
            [-1.746104632831111, 48.01941897242693],
            [-1.746084985794745, 48.019413882420814],
            [-1.746064473567899, 48.01941067641739],
            [-1.746041426645151, 48.019409399150135],
            [-1.745965186448823, 48.01847658867012],
            [-1.745854994167621, 48.017038347470674],
            [-1.74583519557195, 48.01682078975904],
            [-1.745794956726373, 48.01638198825783],
            [-1.745755543321983, 48.015810356188744],
            [-1.745752998159942, 48.01570776122873],
            [-1.745747401048113, 48.0154794211963],
            [-1.745697688909736, 48.014938245495124],
            [-1.745594225554351, 48.013645130156505],
            [-1.745526623070633, 48.01284618313291],
            [-1.745440750745536, 48.01181721403623],
            [-1.745356831481127, 48.01112327834179],
            [-1.745230415744934, 48.01073579170158],
            [-1.745049327158458, 48.01035733692497],
            [-1.744876055761871, 48.0100613879095],
            [-1.744627695362797, 48.00971956922071],
            [-1.744387698455188, 48.009468811442034],
            [-1.744033934204968, 48.00910973132978],
            [-1.743198814031013, 48.0083068079919],
            [-1.742874802823738, 48.0079409791396],
            [-1.742462352206351, 48.00738585927859],
            [-1.74241384448497, 48.007277810886855],
            [-1.742261925426223, 48.006936234978006],
            [-1.742119549891837, 48.00647304277057],
            [-1.741807486889957, 48.004844220670364],
            [-1.741485948085451, 48.00336484144297],
            [-1.741449490978154, 48.003187967376086],
            [-1.741225399539347, 48.00207971976926],
            [-1.741080117854494, 48.0016496995892],
            [-1.741055468453379, 48.00157700939902],
            [-1.740953823640386, 48.0012832577993],
            [-1.740803884861369, 48.00085894625014],
            [-1.740465833695348, 47.999897410803115],
            [-1.740161201826576, 47.99904322093986],
            [-1.740028712959611, 47.998885945736546],
            [-1.739849177406828, 47.99870277527687],
            [-1.739642888384743, 47.998544141253205],
            [-1.7397345254765, 47.998407165356014],
            [-1.739716880218216, 47.99821476869655],
            [-1.739689611349821, 47.99809873468377],
            [-1.739651780333722, 47.99793775840645],
            [-1.73959732769066, 47.99756041613513],
            [-1.739622875711448, 47.997189757839955],
            [-1.739660933415941, 47.99678828008231],
            [-1.739685392799116, 47.99665921321878],
            [-1.739911700586774, 47.99546500526033],
            [-1.74004636353506, 47.994823456890785],
            [-1.740046363534237, 47.994823456881804],
            [-1.740094795335389, 47.99443187431089],
            [-1.740093342857377, 47.99435911288194],
            [-1.740066571422299, 47.99301797340793],
            [-1.740029788807201, 47.99183752094948],
            [-1.739984130645114, 47.99037217208176],
            [-1.740001079097228, 47.98996191090108],
            [-1.740085549065421, 47.98963876344856],
            [-1.740193208133177, 47.98929800811238],
            [-1.740387087993105, 47.98892372193064],
            [-1.74059320918138, 47.988628843391],
            [-1.740785758456821, 47.98840529279055],
            [-1.741885700561143, 47.987414621737614],
            [-1.741928634856263, 47.98742473315196],
            [-1.742012231965707, 47.98741296986786],
            [-1.742072058607186, 47.987400352856156],
            [-1.742580335245063, 47.98724107481741]
          ]
        ],
        "type": "MultiLineString"
      },
      "properties": {
        "geo_point_2d": {
          "lon": -1.7447298085157392,
          "lat": 48.017315224164044
        },
        "gml_id": "v_star_lignes_actives.94",
        "id": 94,
        "li_code": "0090",
        "li_num": "90",
        "li_nom": "Bruz (Lavoisier) <> Bruz (DGA-MI)",
        "li_type": "Métropolitaine",
        "li_sstype": "Intercommunale",
        "li_d_creat": "2018-09-03T02:00:00+02:00",
        "li_d_acces": "2018-09-03T02:00:00+02:00",
        "li_datedeb": "2018-09-03T02:00:00+02:00",
        "li_datefin": null,
        "comm_desservies": "35047",
        "li_couleur_rvb": "0,139,210,255",
        "li_couleur_hex": "#008BD2",
        "volume": 1000
      }
    },
    {
      "type": "Feature",
      "geometry": {
        "coordinates": [
          [
            [-1.765857404072077, 48.033585614245],
            [-1.765865205808753, 48.033575960085535],
            [-1.765879448043532, 48.033550353769314],
            [-1.765888232213505, 48.033523694402575],
            [-1.765891389695204, 48.03349644046408],
            [-1.765888870470203, 48.033469156349646],
            [-1.765880723425494, 48.03344237170918],
            [-1.765867105281658, 48.03341660540707],
            [-1.76584459947767, 48.033388481181],
            [-1.765815587900533, 48.03336317909102],
            [-1.765780840366458, 48.033341368270634],
            [-1.765756009928436, 48.03332951800433],
            [-1.765729471593453, 48.03331947064601],
            [-1.765691813830995, 48.033309029686386],
            [-1.765652354940604, 48.03330220591001],
            [-1.765611864873591, 48.03329913136216],
            [-1.765571131210689, 48.03329986706738],
            [-1.765530946537056, 48.033304397245786],
            [-1.765491988428001, 48.03331269737539],
            [-1.765455125778602, 48.03332454485054],
            [-1.765421072405273, 48.03333971088785],
            [-1.76539048906863, 48.03335790132074],
            [-1.765364421834633, 48.03337844012189],
            [-1.765342553514955, 48.03340150086565],
            [-1.765325681683453, 48.03342637909014],
            [-1.765314136450186, 48.03345258979314],
            [-1.765308142215998, 48.03347962352299],
            [-1.765307816912336, 48.03350695270903],
            [-1.764981550173696, 48.03347294420132],
            [-1.764409851938812, 48.03346262414778],
            [-1.763949121853162, 48.0334543051657],
            [-1.762994934692464, 48.033431685903274],
            [-1.761510382057634, 48.033386656640644],
            [-1.761509273571132, 48.033393344980865],
            [-1.761510048178457, 48.0333778329356],
            [-1.76150769970953, 48.03336914864995],
            [-1.761503394504343, 48.03336080865721],
            [-1.761497888446338, 48.03335372510852],
            [-1.761490964958796, 48.033347224817156],
            [-1.761482760684606, 48.03334143458428],
            [-1.761473435034224, 48.0333364658484],
            [-1.761463169012738, 48.0333324165363],
            [-1.761450652079595, 48.03332903281039],
            [-1.761437493125356, 48.03332702111675],
            [-1.761408322150791, 48.03296481859636],
            [-1.761308524495865, 48.032174535056896],
            [-1.761238436996572, 48.032010126613145],
            [-1.761157473998223, 48.031911152804],
            [-1.761157473998223, 48.031911152804],
            [-1.761175196775802, 48.031902018170506],
            [-1.761190852662286, 48.03189131834436],
            [-1.761204135721778, 48.03187926157316],
            [-1.761214786751583, 48.031866082092925],
            [-1.761222600982363, 48.031852036212996],
            [-1.761227423648977, 48.03183739799396],
            [-1.761229162712299, 48.031822451510756],
            [-1.761227783339832, 48.03180748927925],
            [-1.761223312183185, 48.03179280036387],
            [-1.761215837543341, 48.031778672173026],
            [-1.761205502940898, 48.031765379010906],
            [-1.761192512303978, 48.03175318006007],
            [-1.761177115921912, 48.03174231275489],
            [-1.761159614046559, 48.03173298812642],
            [-1.761140348530842, 48.031725387544874],
            [-1.761119693128886, 48.03171965951725],
            [-1.761098050488299, 48.03171591620761],
            [-1.761075842284947, 48.031714228439434],
            [-1.761053499012485, 48.031714631526],
            [-1.761031456394626, 48.03171711549758],
            [-1.761031456394626, 48.03171711549758],
            [-1.760894851227233, 48.031519213291105],
            [-1.760757007999591, 48.03142980196551],
            [-1.760115903440021, 48.03119177713242],
            [-1.759940446277828, 48.031136848024246],
            [-1.759838364377577, 48.03106399475528],
            [-1.759798715852052, 48.03097871131445],
            [-1.759783964251462, 48.03091766014716],
            [-1.75979880777669, 48.030913700522156],
            [-1.759812693577544, 48.03090840185873],
            [-1.759825561673173, 48.030901769338634],
            [-1.759836929143253, 48.03089400051179],
            [-1.75984657342099, 48.03088524608723],
            [-1.759854307385369, 48.03087567693179],
            [-1.759859981541482, 48.030865478572885],
            [-1.759863482599331, 48.030854850356164],
            [-1.759864746195704, 48.030843997708814],
            [-1.759863744931318, 48.03083313353672],
            [-1.759860498250411, 48.03082246880334],
            [-1.759855072192394, 48.030812209836554],
            [-1.759847568601917, 48.03080255787491],
            [-1.759838136429603, 48.03079370048875],
            [-1.759826958099916, 48.030785809442044],
            [-1.759814250684035, 48.03077903884153],
            [-1.759800262809393, 48.030773520759084],
            [-1.759785266298475, 48.03076936197398],
            [-1.75976955207098, 48.030766643241556],
            [-1.759753425963321, 48.03076541766443],
            [-1.759737204630833, 48.03076570996119],
            [-1.759721200494764, 48.03076751348598],
            [-1.759707301538729, 48.03077039490636],
            [-1.759694042990414, 48.03077440864793],
            [-1.759681627501078, 48.03077949405091],
            [-1.759654177360359, 48.03070046790519],
            [-1.759629206822108, 48.03059292036884],
            [-1.759511107875558, 48.03052820057191],
            [-1.759097051206183, 48.03040648128706],
            [-1.758504909598657, 48.03023153793772],
            [-1.758260820288619, 48.03016779869047],
            [-1.758304404918011, 48.03009843853472],
            [-1.758581247601727, 48.02962990389483],
            [-1.758623713715904, 48.0294818535174],
            [-1.758404430315715, 48.02944187385618],
            [-1.758395325441832, 48.0294401506989],
            [-1.75791614037836, 48.02937194344007],
            [-1.75780232148262, 48.029355742131564],
            [-1.757354823841198, 48.029290407266856],
            [-1.757442143351233, 48.02904567238102],
            [-1.75754118406285, 48.02856774769366],
            [-1.757678612979303, 48.02807454152179],
            [-1.757730878597485, 48.02784065174001],
            [-1.757808411546409, 48.027596956382254],
            [-1.757808411545581, 48.02759695637328],
            [-1.758445415061604, 48.02771248248958],
            [-1.758913577493574, 48.02777707484364],
            [-1.759515044704447, 48.02781956247257],
            [-1.759723065731394, 48.02782686847738],
            [-1.759901919467294, 48.027822348469336],
            [-1.760044350745678, 48.02779761456423],
            [-1.760145100285993, 48.02771933343392],
            [-1.760230782952121, 48.02761753885762],
            [-1.760268663363926, 48.027490652464735],
            [-1.760302041670643, 48.02698064202021],
            [-1.760323974875873, 48.02667423044405],
            [-1.760349511296735, 48.02655135234096],
            [-1.760442190491423, 48.02633152053231],
            [-1.760629099944695, 48.02598342376659],
            [-1.760817184148986, 48.02563285285386],
            [-1.76097817046357, 48.025332785761435],
            [-1.761367349114384, 48.02462040824068],
            [-1.761434066369354, 48.024558403592756],
            [-1.761452875798611, 48.02456267336302],
            [-1.76147239768152, 48.0245651121863],
            [-1.761491848564235, 48.024565673251985],
            [-1.761511228222499, 48.02456441244064],
            [-1.761530156088604, 48.024561354550904],
            [-1.761548265610998, 48.02455655984627],
            [-1.761565205261659, 48.02455012040864],
            [-1.761580642799173, 48.02454216266483],
            [-1.76159427949274, 48.02453284138966],
            [-1.761605849873962, 48.024522337012584],
            [-1.761615128427936, 48.02451085534026],
            [-1.761621934119372, 48.02449861836606],
            [-1.761626135906719, 48.02448586579859],
            [-1.76162765041902, 48.0244728444343],
            [-1.761626448721295, 48.02445980868784],
            [-1.761622554152719, 48.024447011715274],
            [-1.761616042160085, 48.0244347036097],
            [-1.76160704080827, 48.02442312236856],
            [-1.761595724171762, 48.02441249506898],
            [-1.761582312679683, 48.02440302703974],
            [-1.761567067845631, 48.02439490298104],
            [-1.761550286419064, 48.02438828180939],
            [-1.761532293276375, 48.02438329240171],
            [-1.761513441180974, 48.02438003099206],
            [-1.761494095972036, 48.02437856079478],
            [-1.761474632471384, 48.024378911318266],
            [-1.76145543289639, 48.02438107571843],
            [-1.761436868125122, 48.024385011575816],
            [-1.761419301876698, 48.024390642524466],
            [-1.761403073231869, 48.02439785807588],
            [-1.761388499806082, 48.02440651889421],
            [-1.761375865622858, 48.02441645639809],
            [-1.761367877430344, 48.024424551170085],
            [-1.76136118867191, 48.02443316067277],
            [-1.761223893434546, 48.02442548460195],
            [-1.760950070808533, 48.024422731553884],
            [-1.759907678078988, 48.02448688554566],
            [-1.759288394903838, 48.02451958411492],
            [-1.758308136227291, 48.02459471117737],
            [-1.758037420247482, 48.02462145570048],
            [-1.75788093376148, 48.02465747929793],
            [-1.757862812568363, 48.02464551076211],
            [-1.757832798599582, 48.0246339919278],
            [-1.757718504925895, 48.02459655577516],
            [-1.757656699162928, 48.02458115233332],
            [-1.757644937277456, 48.02458128750861],
            [-1.757633330331862, 48.024582565223],
            [-1.757622624764325, 48.02458483468467],
            [-1.757612492821988, 48.02458808154337],
            [-1.757603135547454, 48.02459224249623],
            [-1.757594730835466, 48.024597236275824],
            [-1.757587444469511, 48.024602966797275],
            [-1.757581417912399, 48.02460932186198],
            [-1.757576768636996, 48.02461617674848],
            [-1.75757358660764, 48.02462339976516],
            [-1.757571934032038, 48.024630849557155],
            [-1.757571843180861, 48.02463838060343],
            [-1.757233044750548, 48.024648944823525],
            [-1.756865291505296, 48.024660410751494],
            [-1.755331927521896, 48.02474697029435],
            [-1.754703512646765, 48.024790555707185],
            [-1.754625106722836, 48.02482814165463],
            [-1.75455878081192, 48.02489075028601],
            [-1.754407253595797, 48.025117052057844],
            [-1.754394493812367, 48.025113512800516],
            [-1.754381122700193, 48.02511119829585],
            [-1.75436740248874, 48.025110155346155],
            [-1.754353599537828, 48.02511040265636],
            [-1.754339980900603, 48.025111937275355],
            [-1.754326815000822, 48.025114727358684],
            [-1.754314354896828, 48.02511872007106],
            [-1.754302844642325, 48.025123837718176],
            [-1.754292508663123, 48.0251299790879],
            [-1.754283546982617, 48.025137025956035],
            [-1.754276133718271, 48.025144841346226],
            [-1.754270414653035, 48.02515327233398],
            [-1.754266501039832, 48.025162155710106],
            [-1.754264468180634, 48.0251713171384],
            [-1.754264354914411, 48.0251805801883],
            [-1.754264354901029, 48.02518058018885],
            [-1.754170108716105, 48.025180832332744],
            [-1.753115987927055, 48.024912013375044],
            [-1.753115987912846, 48.024912013366624],
            [-1.753120820603619, 48.024897656279144],
            [-1.753122863954591, 48.02488300107205],
            [-1.753122083901239, 48.02486829066264],
            [-1.753117438102769, 48.024850956699446],
            [-1.75310883812924, 48.02483431544833],
            [-1.753097897438302, 48.02482023665388],
            [-1.753084142920698, 48.024807316099604],
            [-1.753067840919966, 48.024795805889404],
            [-1.753049310168176, 48.02478592892345],
            [-1.753028910997396, 48.0247778784439],
            [-1.753005130654226, 48.02477138997573],
            [-1.752980161514665, 48.02476738381699],
            [-1.752954579050673, 48.024765953295145],
            [-1.752909515664685, 48.02414810019725],
            [-1.752897181750458, 48.023978990351665],
            [-1.752820189684327, 48.02335449681788],
            [-1.752818993261299, 48.02334479228966],
            [-1.752811146988811, 48.02325951754533],
            [-1.752769520999988, 48.02289616983994],
            [-1.752729684878902, 48.02264134033891],
            [-1.752717225982487, 48.022543771970305],
            [-1.75270036416487, 48.022411722852205],
            [-1.752679438182902, 48.0222733572275],
            [-1.75260577590165, 48.021979539658304],
            [-1.75257983014347, 48.021875182323846],
            [-1.75246958065507, 48.02171987820161],
            [-1.752438463106531, 48.021677175532695],
            [-1.75240481137349, 48.021639361671355],
            [-1.752240427123839, 48.02145475913393],
            [-1.75223906040329, 48.02145354631763],
            [-1.752209912699088, 48.02142768077554],
            [-1.752122554789947, 48.02135015960495],
            [-1.752050941794716, 48.021301412735795],
            [-1.75196808561903, 48.02124501248053],
            [-1.751986854208206, 48.02123534022472],
            [-1.752003432528524, 48.021224009529384],
            [-1.752017498429653, 48.02121124189758],
            [-1.752028780495557, 48.02119728466733],
            [-1.752037056623694, 48.02118241016914],
            [-1.752041887844751, 48.02116805227502],
            [-1.752043931354089, 48.02115339707717],
            [-1.752043153084576, 48.02113868749282],
            [-1.752038551246919, 48.02112151933176],
            [-1.752029908893025, 48.02110471122448],
            [-1.752018969285515, 48.02109063232678],
            [-1.752005214691108, 48.02107771169005],
            [-1.751988915444134, 48.021066201263615],
            [-1.7519703862346, 48.02105632411702],
            [-1.751949987364563, 48.02104827349592],
            [-1.751926208871505, 48.02104178480013],
            [-1.751901243036714, 48.0210377792466],
            [-1.751875661108309, 48.02103634853003],
            [-1.751855032627439, 48.02103708904201],
            [-1.751834689791735, 48.02103950376343],
            [-1.751812122727267, 48.02104428594527],
            [-1.751790767469988, 48.02105112934927],
            [-1.751771040147213, 48.021059899572286],
            [-1.751753324065539, 48.02107042665941],
            [-1.751737963016091, 48.02108250533596],
            [-1.751483847395886, 48.02091731603126],
            [-1.751310280913585, 48.020804487238884],
            [-1.751060932419224, 48.02067245274226],
            [-1.750748082074328, 48.020506791160734],
            [-1.750658787992647, 48.02046361739223],
            [-1.750641627711989, 48.02045532037613],
            [-1.750422389952701, 48.02034788965192],
            [-1.749970666154476, 48.02017670221322],
            [-1.749387857904971, 48.01998266606426],
            [-1.749002548303637, 48.01988958080358],
            [-1.748667848456986, 48.01980870863231],
            [-1.748249007201538, 48.01970750398822],
            [-1.74796488675409, 48.01965206899846],
            [-1.747850025803604, 48.01963743226377],
            [-1.747514920869586, 48.019594729155386],
            [-1.747413932872535, 48.01958468363049],
            [-1.747228173602177, 48.019566205478746],
            [-1.746478924956086, 48.01952494389306],
            [-1.746191506094221, 48.019509114682066],
            [-1.746189712887528, 48.01949503553893],
            [-1.74618501550309, 48.01948126122712],
            [-1.74617750701214, 48.01946805913158],
            [-1.746167333353214, 48.01945568727775],
            [-1.746154691160823, 48.01944438531985],
            [-1.746139829028381, 48.01943437366875],
            [-1.746123033549717, 48.01942584776122],
            [-1.746104632831111, 48.01941897242693],
            [-1.746084985794745, 48.019413882420814],
            [-1.746064473567899, 48.01941067641739],
            [-1.746041426645151, 48.019409399150135],
            [-1.746020921585766, 48.019410262388625],
            [-1.746000780518296, 48.01941298225641],
            [-1.745981376311657, 48.01941750906445],
            [-1.745963063984336, 48.01942375964591],
            [-1.745945787537365, 48.019431840876074],
            [-1.745930355268532, 48.01944145707264],
            [-1.745917068309342, 48.019452420972165],
            [-1.74590618500802, 48.01946451822593],
            [-1.745897916159329, 48.01947751395913],
            [-1.745892962048027, 48.01948939578021],
            [-1.745890200821118, 48.01950159332822],
            [-1.745889671015, 48.01951392661131],
            [-1.745129375917836, 48.01954666719523],
            [-1.744994031010558, 48.01955249501416],
            [-1.744970231911334, 48.019553519758674],
            [-1.74424813228603, 48.01958460983148],
            [-1.743502680354119, 48.01965974575515],
            [-1.74332156795427, 48.01967805203589],
            [-1.742933571452155, 48.019721466748585],
            [-1.742346254151706, 48.01978732182162],
            [-1.741170661851347, 48.01998913876496],
            [-1.740799610054645, 48.02008130315259],
            [-1.740796536295582, 48.02007471124979],
            [-1.740792325963233, 48.020068409600704],
            [-1.740785956353859, 48.02006144108939],
            [-1.740778222522894, 48.02005515064847],
            [-1.740769218635844, 48.02004961387725],
            [-1.740759175270938, 48.02004498596989],
            [-1.740748269763839, 48.02004134076642],
            [-1.740736587312553, 48.020038732852676],
            [-1.740724734664603, 48.02003726202788],
            [-1.740712560985611, 48.02003690788458],
            [-1.740700434067439, 48.02003769264617],
            [-1.740688587751987, 48.02003960304922],
            [-1.740677252318708, 48.02004260164696],
            [-1.74066664929693, 48.02004662882567],
            [-1.740656985104826, 48.02005160667207],
            [-1.74064844695268, 48.02005743824133],
            [-1.740641203090069, 48.02006401025024],
            [-1.740636244396315, 48.02006995710207],
            [-1.740632360090828, 48.02007625337285],
            [-1.74062960398369, 48.02008281213335],
            [-1.740627634641374, 48.020092938433216],
            [-1.740628288862012, 48.020103141101124],
            [-1.740630720378765, 48.0201111508882],
            [-1.740634790765116, 48.020118855082906],
            [-1.740640420530377, 48.020126104676535],
            [-1.740647498645258, 48.02013275827091],
            [-1.740655886885755, 48.020138685503625],
            [-1.740665424341819, 48.02014377226857],
            [-1.74067592457632, 48.020147919031075],
            [-1.74068718272765, 48.020151045040244],
            [-1.740698979688897, 48.020153089958576],
            [-1.740711086039932, 48.02015401279853],
            [-1.740721923959905, 48.02015387692985],
            [-1.740732653739506, 48.020152840786814],
            [-1.740743109018192, 48.020150921153494],
            [-1.740860420428668, 48.02043318251411],
            [-1.740976052737681, 48.020905682019844],
            [-1.741047477170187, 48.021413183353495],
            [-1.741158440790857, 48.021979855723565],
            [-1.741296932777607, 48.02265515300674],
            [-1.742053925336887, 48.02268538755953],
            [-1.742679634529622, 48.02266359533901],
            [-1.743199382773277, 48.02264784926169],
            [-1.743258106506796, 48.02264605293571],
            [-1.74370577258866, 48.02263041178658],
            [-1.74375909537519, 48.02299306647496],
            [-1.743828347752223, 48.02346405266485],
            [-1.743714452888186, 48.023470106833486],
            [-1.743375763950507, 48.023448691488824],
            [-1.743080547065522, 48.023430024062066],
            [-1.742682918231272, 48.023404879607305],
            [-1.741284029251434, 48.0232696467531],
            [-1.741284029238052, 48.02326964675365],
            [-1.741050440538468, 48.023268303455744],
            [-1.739983812336664, 48.023205185071625],
            [-1.739171619328343, 48.023192007930604],
            [-1.738441726895634, 48.02322214225306],
            [-1.73816878873821, 48.02319367501286],
            [-1.737223698881152, 48.02320520566497],
            [-1.736763427541544, 48.02318847753232],
            [-1.736414657418239, 48.023147629814304],
            [-1.736419210075496, 48.023133833053215],
            [-1.736420854813089, 48.02311974627274],
            [-1.736419561626189, 48.023105642853075],
            [-1.736415355705908, 48.023091797501095],
            [-1.736408316780548, 48.02307847906844],
            [-1.736398585641804, 48.02306594847993],
            [-1.736386348354154, 48.02305444767062],
            [-1.73637184311043, 48.023044201105],
            [-1.736355354220353, 48.02303540881633],
            [-1.736337202249179, 48.02302824140666],
            [-1.736315772754168, 48.023022407744755],
            [-1.736295817058581, 48.023019125645284],
            [-1.736275383116012, 48.023017688970036],
            [-1.736254846732795, 48.02301812366354],
            [-1.736234588698861, 48.02302042212304],
            [-1.736214501910386, 48.02302467617785],
            [-1.736195015842081, 48.023030984343414],
            [-1.736177934184653, 48.023038566634824],
            [-1.73616216326812, 48.02304793313824],
            [-1.736148489585188, 48.02305868104503],
            [-1.736138474595365, 48.023069029269756],
            [-1.736130410758218, 48.02308011791466],
            [-1.736124418664913, 48.023091782503926],
            [-1.736119738227432, 48.02310830323739],
            [-1.736119192264193, 48.023125115652114],
            [-1.736121268124648, 48.02313681229445],
            [-1.736125372785019, 48.023148264821764],
            [-1.736131450192921, 48.02315931604643],
            [-1.736144035658212, 48.02317481976001],
            [-1.736160405336761, 48.02318864080778],
            [-1.736175939467979, 48.02319818351405],
            [-1.736193302677822, 48.02320618280119],
            [-1.736212155725332, 48.023212484154946],
            [-1.736232132562147, 48.023216963003506],
            [-1.736252845088125, 48.02321953263165],
            [-1.736187191169003, 48.02363050384546],
            [-1.736156661383673, 48.02382160774457],
            [-1.73615110933904, 48.02385636107204],
            [-1.736068882777031, 48.024464943931655],
            [-1.736090075505616, 48.02548216328028],
            [-1.736081015966075, 48.02548408161943],
            [-1.736072443312453, 48.02548682693225],
            [-1.736064523307096, 48.02549034642174],
            [-1.736057409442337, 48.02549457067575],
            [-1.736051242013809, 48.02549941821077],
            [-1.736046140008498, 48.02550479490553],
            [-1.736042203863604, 48.02551059478833],
            [-1.73603950926903, 48.025516705699445],
            [-1.736038107167333, 48.025523009291135],
            [-1.736038027850861, 48.02552938175978],
            [-1.736038964251302, 48.02553465709526],
            [-1.736040816137906, 48.025539822567325],
            [-1.736043556769428, 48.02554480628764],
            [-1.736049232694963, 48.025551798270996],
            [-1.736056616354279, 48.025558032229725],
            [-1.735921558278094, 48.025582658173015],
            [-1.735272367613782, 48.025626077871244],
            [-1.734534424847537, 48.025677386328375],
            [-1.734529366802979, 48.02566408971755],
            [-1.73452220403313, 48.025651235865766],
            [-1.734509842468831, 48.02563531813417],
            [-1.734494297635059, 48.025620709477025],
            [-1.73447587371134, 48.025607694719774],
            [-1.734454929624191, 48.02559652579133],
            [-1.734431871017414, 48.02558742205524],
            [-1.734401510060922, 48.02557937375073],
            [-1.734369556906707, 48.02557488298843],
            [-1.734336932866986, 48.025574079377385],
            [-1.734319108239221, 48.025575223666365],
            [-1.734301524636484, 48.025577488028645],
            [-1.734276008753689, 48.02558289017586],
            [-1.734251863088775, 48.025590622896964],
            [-1.734229557241378, 48.02560053345724],
            [-1.734209523734847, 48.02561243100175],
            [-1.734192153590132, 48.0256260822322],
            [-1.734177785268707, 48.02564122267627],
            [-1.734166696725143, 48.02565755791655],
            [-1.73415910581833, 48.025674768079],
            [-1.734155159336403, 48.02569252000024],
            [-1.73415493441696, 48.025710468069995],
            [-1.734157570968639, 48.02572532529548],
            [-1.734162783854252, 48.025739872608895],
            [-1.734170503625594, 48.025753909218885],
            [-1.734186490279643, 48.02577360279391],
            [-1.734207283640483, 48.02579115888915],
            [-1.734227016080139, 48.02580328076865],
            [-1.734249071425722, 48.02581344150002],
            [-1.73427301932192, 48.02582144526375],
            [-1.73429839531398, 48.02582713459331],
            [-1.734324705767914, 48.02583040008472],
            [-1.73434742840828, 48.025831235416334],
            [-1.734370136739943, 48.02583024384188],
            [-1.734392505804439, 48.02582744146772],
            [-1.734457291295187, 48.02595946126844],
            [-1.734471217533611, 48.025997368729],
            [-1.734573285292916, 48.02627519723715],
            [-1.734574610199278, 48.02628005911027],
            [-1.734674418451881, 48.02664726025272],
            [-1.734752693645855, 48.026977711990824],
            [-1.734832770665134, 48.02717075533749],
            [-1.735263793111465, 48.02789436991366],
            [-1.735363952940858, 48.02804473966396],
            [-1.735544867678754, 48.02836187267094],
            [-1.735598369543087, 48.02845565752764],
            [-1.735708088385863, 48.02867537299912],
            [-1.735763924056709, 48.02890053108818],
            [-1.735737226255041, 48.02890592368155],
            [-1.735710822552431, 48.02891452387494],
            [-1.735687801468229, 48.02892513010664],
            [-1.735666472316205, 48.028936738879715],
            [-1.735648623897902, 48.028951423794226],
            [-1.735634061402351, 48.02896704549454],
            [-1.735621287535081, 48.028984738997],
            [-1.735613294379171, 48.02900223617816],
            [-1.735610277758636, 48.02902167275009],
            [-1.735608757178386, 48.02903997525993],
            [-1.73561181991775, 48.029055943100865],
            [-1.735617972614123, 48.02907071022424],
            [-1.735625719308608, 48.02908541158945],
            [-1.73564202134413, 48.02910619769184],
            [-1.735664500712988, 48.02912458336271],
            [-1.735684897348327, 48.02913768962002],
            [-1.735708284660407, 48.029148526904734],
            [-1.735433103802473, 48.029427038806695],
            [-1.734874868981847, 48.02991571617101],
            [-1.734615825532033, 48.030101579134474],
            [-1.734456805404738, 48.03025920623411],
            [-1.734369837805525, 48.03034541150892],
            [-1.734186705961995, 48.03057590693911],
            [-1.734008477998876, 48.030859920587076],
            [-1.733921661331928, 48.031048838573234],
            [-1.733884447215682, 48.0311421945895],
            [-1.733646116895935, 48.0317642941029],
            [-1.733463269871029, 48.032129079516665],
            [-1.73329368223046, 48.032542359018],
            [-1.733132416385695, 48.032962913328646],
            [-1.733020594357104, 48.033254522276735],
            [-1.73300274192039, 48.033301077444776],
            [-1.732969543656616, 48.033521588675114],
            [-1.73296934398959, 48.03361712095581],
            [-1.732969343990414, 48.033617120964784],
            [-1.73293979761472, 48.03362337545191],
            [-1.732911837950264, 48.033632327383835],
            [-1.732886006561089, 48.0336438021355],
            [-1.732862808282565, 48.033657576142346],
            [-1.732842694231803, 48.03367338209716],
            [-1.732825926825908, 48.0336911073559],
            [-1.732813017217922, 48.033710230721894],
            [-1.732804218446984, 48.033730375916164],
            [-1.732057947464238, 48.033599878250065],
            [-1.73151775694698, 48.03355178563449],
            [-1.730928292708948, 48.03353838687558],
            [-1.730501979150311, 48.033555953972424],
            [-1.730035104260786, 48.033612882034674],
            [-1.729551478866556, 48.03369146741049],
            [-1.729212737251249, 48.03375545421183],
            [-1.728232458537248, 48.03399612060296],
            [-1.727101641714281, 48.03425618450084],
            [-1.725557806078831, 48.03462413047348],
            [-1.724771028617664, 48.03481438510059],
            [-1.724547034057805, 48.03486854911608],
            [-1.724119037589705, 48.03497204118173],
            [-1.723838172459957, 48.03500886538346],
            [-1.72383613761529, 48.03498382855024],
            [-1.723828819196158, 48.034959239809496],
            [-1.723816364922453, 48.03493559770126],
            [-1.723799408333296, 48.034913761958755],
            [-1.723778085387826, 48.034893720678255],
            [-1.72375281209071, 48.03487586494868],
            [-1.723724079640238, 48.03486054131337],
            [-1.723692447571411, 48.03484805025032],
            [-1.723651104719625, 48.03483704817771],
            [-1.723607590360359, 48.034830875339864],
            [-1.723765249915684, 48.034031805708885],
            [-1.723765447555111, 48.03403080397368],
            [-1.723978544989822, 48.03295071742769],
            [-1.724189881382884, 48.032036916423216],
            [-1.724382247373955, 48.03155764402621],
            [-1.72458771183347, 48.031157051496756],
            [-1.724842042433813, 48.03077425298933],
            [-1.725270608681278, 48.030230446809526],
            [-1.725772939608354, 48.02971860699818],
            [-1.726279850216036, 48.029321444018336],
            [-1.726650518499279, 48.02904871865971],
            [-1.72678823004124, 48.02894003629776],
            [-1.726817904824828, 48.02894905025305],
            [-1.726849018534871, 48.02895552596705],
            [-1.726881087629392, 48.02895936168858],
            [-1.726917412448441, 48.02896042061577],
            [-1.726953601862377, 48.02895807705545],
            [-1.72698895360562, 48.02895237884905],
            [-1.727022779112691, 48.02894343545233],
            [-1.727054419990111, 48.02893142176256],
            [-1.727083259404955, 48.02891657044051],
            [-1.727108738227834, 48.02889917214661],
            [-1.727130357980068, 48.02887956370478],
            [-1.727147699653021, 48.02885812822835],
            [-1.727160423978164, 48.028835283394095],
            [-1.727168285327102, 48.02881147185837],
            [-1.727171130126207, 48.028787158618876],
            [-1.727168902233187, 48.02876281637513],
            [-1.727161645038012, 48.02873891913404],
            [-1.727149500476238, 48.028715931437],
            [-1.727132705694326, 48.0286943012883],
            [-1.727111585453469, 48.0286744505557],
            [-1.727086552399427, 48.028656763244825],
            [-1.7270580923403, 48.02864158610575],
            [-1.72702676142917, 48.02862921252882],
            [-1.726991823106732, 48.02861959444415],
            [-1.726955181538079, 48.02861345724122],
            [-1.726917603419882, 48.02861092885529],
            [-1.726883385594174, 48.028611810698],
            [-1.726849636710295, 48.02861570280931],
            [-1.72681496465422, 48.028623041876614],
            [-1.726782151400894, 48.028633546638545],
            [-1.726751837733224, 48.02864701138773],
            [-1.726724612417414, 48.02866317578839],
            [-1.726701005429249, 48.028681724253985],
            [-1.726681478068848, 48.028702295365264],
            [-1.726666407557406, 48.028724489713305],
            [-1.726656088868203, 48.02874787523054],
            [-1.726650723502422, 48.028771996664105],
            [-1.7266504134548, 48.028796383042035],
            [-1.726314540018292, 48.02881420150634],
            [-1.725582714180246, 48.02891498993422],
            [-1.724461779997803, 48.02907108363751],
            [-1.724051265155746, 48.02909612237926],
            [-1.723613960094288, 48.02909375593283],
            [-1.723122650824431, 48.0290651028234],
            [-1.722636279176975, 48.02901865551927],
            [-1.721896506878265, 48.02896153182988],
            [-1.721245361549173, 48.02898831396253],
            [-1.720443785915044, 48.02904729993985],
            [-1.719862546953741, 48.029118173969174],
            [-1.719609468490256, 48.029169573113904],
            [-1.719572547303698, 48.02917707158668],
            [-1.719245281574333, 48.02929468726086],
            [-1.719113172755785, 48.0293456945682],
            [-1.718674245677566, 48.02951516281464],
            [-1.718378959701826, 48.029620566795494],
            [-1.717879673554201, 48.02982193826236],
            [-1.71637935206618, 48.03049533206071],
            [-1.714663902595051, 48.031296221175936],
            [-1.713740702158012, 48.031730603391814],
            [-1.712331574846451, 48.03240829980758],
            [-1.712160574835288, 48.032492019719285],
            [-1.711473959736739, 48.032809867446595],
            [-1.711473959736739, 48.032809867446595],
            [-1.711467329360013, 48.03280314962459],
            [-1.71145928178853, 48.03279717030308],
            [-1.711449994350694, 48.03279206187676],
            [-1.711439676280766, 48.0327879383098],
            [-1.711428557765271, 48.03278489288208],
            [-1.7114168854362, 48.032782992967434],
            [-1.711404921114485, 48.03278228098646],
            [-1.711392933615353, 48.03278277294053],
            [-1.711381187958616, 48.032784457953504],
            [-1.711369948045739, 48.03278729816189],
            [-1.711359466033925, 48.03279123005203],
            [-1.711349973131362, 48.03279616664899],
            [-1.711341684865247, 48.03280199635426],
            [-1.711334782842541, 48.03280858919102],
            [-1.711329424356863, 48.03281579902304],
            [-1.711325727587313, 48.032823463305974],
            [-1.711323775093513, 48.03283141194616],
            [-1.711323611138555, 48.03283946741031],
            [-1.711325220846362, 48.03284745188872],
            [-1.711328603654724, 48.032855182478585],
            [-1.711333683116893, 48.03286248389678],
            [-1.711340327552091, 48.032869193940165],
            [-1.711348373700643, 48.03287517242711],
            [-1.711357647157036, 48.03288028954555],
            [-1.711367966577342, 48.03288441306487],
            [-1.711379085110666, 48.03288745849841],
            [-1.71139075746193, 48.032889358416845],
            [-1.711402721808225, 48.03289007039928],
            [-1.711414709332137, 48.03288957844421],
            [-1.71142645501166, 48.03288789342784],
            [-1.711426455012477, 48.0328878934368],
            [-1.711465973264922, 48.032955349107404],
            [-1.711641912839917, 48.03319960110407],
            [-1.711715547025082, 48.033334178314696],
            [-1.711744798767934, 48.033387639930396],
            [-1.711818628196465, 48.03359060057963],
            [-1.711959681993892, 48.033928997665384],
            [-1.71206639195949, 48.03422281234135],
            [-1.712158111715862, 48.034419676038304],
            [-1.712348902694715, 48.03491227890478],
            [-1.712378934385076, 48.03501685669902],
            [-1.712346084143803, 48.03511216498116],
            [-1.71232618682372, 48.03511098120123],
            [-1.712306247821997, 48.0351117995989],
            [-1.712286714211176, 48.03511460182407],
            [-1.712268021018815, 48.035119325866745],
            [-1.712250587048251, 48.03512586442646],
            [-1.712234799553462, 48.035134073651136],
            [-1.712221013911529, 48.03514376954606],
            [-1.712209536795003, 48.03515473497228],
            [-1.712200623986277, 48.0351667251429],
            [-1.712194475432878, 48.03517947233147],
            [-1.712191227707514, 48.03519269158814],
            [-1.712190954663192, 48.03520608792153],
            [-1.712192575362673, 48.03521554526079],
            [-1.712195705323887, 48.03522483071826],
            [-1.712200269128842, 48.035233839255824],
            [-1.712206183955518, 48.03524248776587],
            [-1.712217422960405, 48.03525441586889],
            [-1.712231334097085, 48.035265001573435],
            [-1.712247565201762, 48.03527397818578],
            [-1.712264727453677, 48.03528083500739],
            [-1.712283220244962, 48.03528589986993],
            [-1.712302632889571, 48.035289059869],
            [-1.712322530277636, 48.03529024365297],
            [-1.712342469347912, 48.0352894252525],
            [-1.712362003021757, 48.03528662301795],
            [-1.712382456397904, 48.03528134011377],
            [-1.712415277039515, 48.0353586276714],
            [-1.71244422743019, 48.03540492621752],
            [-1.712450811484332, 48.035517277039325],
            [-1.712455753430413, 48.036279779564715],
            [-1.712443050696743, 48.03657932164406],
            [-1.712449253047382, 48.0368180097631],
            [-1.712451934963263, 48.0369212184511],
            [-1.712454186543206, 48.03700050849547],
            [-1.712464960288705, 48.03737990516195],
            [-1.712464596296825, 48.0378553154617],
            [-1.712454288944802, 48.03785625395415],
            [-1.712444338279997, 48.03785828887732],
            [-1.712435149360826, 48.03786129457148],
            [-1.71242677338373, 48.037865228385456],
            [-1.712419419012376, 48.037869991643845],
            [-1.712413265161209, 48.03787546887007],
            [-1.712408465940307, 48.03788152307775],
            [-1.712405136913638, 48.037888007148204],
            [-1.712403361464413, 48.037894759964566],
            [-1.712403183664454, 48.03790161661673],
            [-1.71240458568146, 48.03790841113086],
            [-1.712407569352766, 48.03791497222017],
            [-1.712412059121456, 48.03792113447769],
            [-1.712417944270785, 48.03792674475285],
            [-1.712425064281247, 48.037931663653566],
            [-1.712433232050754, 48.03793578441773],
            [-1.712442253100673, 48.037939007794925],
            [-1.712451909320683, 48.03794125532914],
            [-1.712459041937417, 48.0379422043107],
            [-1.712466285159638, 48.037942627909196],
            [-1.712469513582504, 48.03871899105985],
            [-1.712456089113485, 48.03872049271985],
            [-1.712443203051763, 48.03872343298308],
            [-1.712431196123853, 48.03872773208404],
            [-1.712420386027692, 48.03873327876243],
            [-1.712411740816758, 48.03873935835375],
            [-1.71240454286177, 48.03874623460126],
            [-1.712398954089487, 48.03875375307693],
            [-1.712395097634197, 48.03876174652702],
            [-1.712393060678803, 48.03877003655778],
            [-1.712392889345914, 48.038778436548306],
            [-1.712394569601248, 48.0387867632478],
            [-1.712398098802861, 48.038794825728864],
            [-1.712403395656487, 48.03880243989659],
            [-1.712410326550798, 48.038809437319905],
            [-1.712418719681089, 48.03881567276197],
            [-1.71242839184996, 48.038821008662396],
            [-1.712439153248402, 48.038825308633264],
            [-1.712450751313109, 48.038828484819064],
            [-1.712462925584662, 48.03883046590845],
            [-1.712475403336124, 48.03883120812699],
            [-1.712487907605008, 48.03883069490764],
            [-1.712500157275283, 48.03882893778838],
            [-1.712712425199938, 48.039440536632426],
            [-1.7127358708621, 48.03953947521257],
            [-1.712750814154917, 48.03970321392469],
            [-1.712664127829434, 48.040102775595486],
            [-1.712586981449155, 48.040424960865714],
            [-1.712481536890516, 48.04086835266472],
            [-1.712428773184836, 48.04111120964286],
            [-1.712464288973174, 48.04128431990722],
            [-1.712436585478878, 48.04140513065304],
            [-1.712385303507646, 48.041628762090454],
            [-1.712351498375827, 48.041718202487345],
            [-1.71215511951518, 48.04189289436326],
            [-1.712144080083974, 48.041886688178785],
            [-1.712131738657564, 48.04188170507637],
            [-1.712119924698585, 48.041878423251596],
            [-1.712107545151251, 48.04187627660767],
            [-1.712094841638385, 48.041875306592104],
            [-1.712082059007587, 48.04187553109125],
            [-1.71206944825451, 48.04187694701366],
            [-1.712057252644211, 48.04187952545313],
            [-1.712045712218902, 48.04188321691013],
            [-1.712035050246972, 48.04188795004585],
            [-1.712025473223035, 48.04189363168209],
            [-1.71201717002076, 48.04190015224275],
            [-1.712011191781615, 48.04190630796104],
            [-1.71200635228162, 48.04191289724095],
            [-1.712002719718885, 48.04191982808302],
            [-1.711876772847537, 48.04191304232856],
            [-1.711748946677865, 48.04191692432238],
            [-1.710935443312388, 48.04204336892914],
            [-1.710390350641227, 48.0421280901537],
            [-1.710116201802984, 48.04216862850299],
            [-1.709523432998365, 48.04226132767097],
            [-1.70926792048234, 48.04226756299426],
            [-1.709271981888592, 48.042262265499346],
            [-1.709275190832588, 48.04225721195138],
            [-1.709278242037725, 48.04224913371201],
            [-1.70927900963228, 48.04224259532026],
            [-1.709278412515531, 48.04223604801931],
            [-1.709276462478036, 48.042229621085326],
            [-1.709273197675629, 48.042223438207586],
            [-1.709268681454405, 48.042217619338885],
            [-1.709263000930056, 48.04221227985265],
            [-1.709256268928441, 48.04220752235344],
            [-1.70924861343944, 48.042203438911706],
            [-1.709240727437871, 48.042200246199315],
            [-1.709229952380156, 48.04219733329028],
            [-1.709219519030751, 48.04219575080309],
            [-1.709208180193787, 48.042195172359385],
            [-1.709199170905952, 48.042195665960016],
            [-1.709192537703804, 48.04219646899854],
            [-1.709183209246067, 48.04219844113473],
            [-1.70917438174241, 48.04220126499881],
            [-1.709166224888659, 48.04220488587252],
            [-1.70915890004965, 48.042209231357184],
            [-1.709152547526876, 48.04221421910463],
            [-1.709147291422213, 48.04221975121115],
            [-1.709143236112919, 48.042225719768645],
            [-1.70914045830111, 48.042232008091815],
            [-1.709139011521137, 48.042238495939934],
            [-1.709138926987069, 48.042245054075416],
            [-1.709139635688498, 48.042249465676754],
            [-1.709140967315931, 48.04225381208208],
            [-1.70914290621849, 48.04225805428443],
            [-1.709145571662478, 48.04226208555813],
            [-1.708997981010026, 48.04229281527318],
            [-1.708265899199714, 48.04230030453074],
            [-1.707759842170923, 48.04229356002937],
            [-1.707423610082833, 48.04229169264616],
            [-1.7073161558907, 48.042290591199325],
            [-1.70725533326251, 48.042289967696746],
            [-1.707205497428803, 48.042278155278055],
            [-1.707178229606168, 48.04227169209092],
            [-1.707064128325808, 48.04225389773044],
            [-1.706953115222821, 48.04223090162925],
            [-1.706877124539229, 48.042228400952276],
            [-1.706765884225612, 48.04225309158982],
            [-1.706621046766447, 48.04228442173021],
            [-1.706499640114032, 48.04228527128305],
            [-1.706451846207905, 48.04228562241149],
            [-1.706272823200542, 48.042273203312305],
            [-1.706118709279668, 48.042254872727796],
            [-1.7060081367333, 48.04223648396733],
            [-1.705946622555833, 48.042217517268696],
            [-1.705770272941567, 48.042135269190204],
            [-1.705780706055025, 48.04212501055006],
            [-1.705789161803568, 48.04211396246785],
            [-1.705795508063715, 48.04210229707258],
            [-1.705800016520874, 48.04208866058102],
            [-1.705801652637378, 48.04207473540601],
            [-1.705800382055613, 48.04206079328789],
            [-1.705796229485925, 48.04204710534822],
            [-1.705789278379139, 48.042033938498854],
            [-1.705779660900697, 48.04202154864387],
            [-1.705767563663504, 48.04201003715976],
            [-1.705753229065134, 48.04200004383688],
            [-1.705736928545582, 48.04199134756528],
            [-1.705718807201257, 48.041984139740165],
            [-1.705695783650936, 48.041978078993736],
            [-1.705671382626648, 48.04197455272867],
            [-1.705653352380431, 48.041973726412245],
            [-1.705635305110961, 48.04197437950687],
            [-1.705616429227357, 48.041976730810234],
            [-1.705597646668765, 48.041980701359364],
            [-1.705578846153923, 48.041986713557826],
            [-1.705561476797419, 48.04199442245923],
            [-1.705545875654163, 48.04200367818441],
            [-1.705532347300705, 48.042014298844364],
            [-1.705521155200403, 48.042026079003996],
            [-1.705512516266662, 48.04203878900374],
            [-1.705506600096754, 48.04205218129863],
            [-1.705503870578947, 48.04206590526275],
            [-1.705503542393367, 48.04207986604083],
            [-1.705506305721884, 48.04209262781168],
            [-1.705510851213714, 48.04210577702386],
            [-1.705372227795372, 48.04211145773385],
            [-1.705182617013207, 48.04209268100018],
            [-1.704746581787646, 48.042017433666395],
            [-1.704431001878516, 48.04195866803496],
            [-1.704089786025923, 48.0418695050308],
            [-1.703199254120295, 48.04158653125911],
            [-1.702940576310437, 48.041597126481605],
            [-1.702839963519225, 48.04160812904801],
            [-1.702618457074769, 48.04163235170698],
            [-1.702526675343493, 48.04164238828726],
            [-1.702480604833357, 48.041645626155585],
            [-1.702378942292557, 48.04165277102426],
            [-1.702271368386873, 48.041654367703266],
            [-1.702270979080442, 48.04165009258688],
            [-1.702267012876772, 48.041641671991584],
            [-1.70226343598004, 48.04163752651255],
            [-1.702253093422807, 48.04162936704159],
            [-1.702248019471493, 48.04162635608487],
            [-1.702228307707798, 48.04162072582834],
            [-1.702220338268231, 48.041621052190756],
            [-1.70221386454703, 48.041620244085166],
            [-1.702205992473524, 48.04162163967464],
            [-1.702199714823092, 48.04162296996948],
            [-1.702191938694103, 48.04162543394309],
            [-1.70218575832677, 48.04162783256748],
            [-1.702176778491572, 48.04163463779355],
            [-1.702172385938499, 48.041639109634374],
            [-1.702166788258225, 48.0416479218854],
            [-1.701993023749281, 48.041619632334736],
            [-1.701348046373087, 48.041564501275715],
            [-1.700174707984758, 48.04146984151041],
            [-1.699484812264661, 48.04141332099393],
            [-1.699027401026621, 48.04136230290116],
            [-1.699026622872999, 48.04135375174821],
            [-1.699024348857477, 48.041346334123524],
            [-1.699020381867162, 48.041337913470535],
            [-1.699014919016236, 48.04133062634556],
            [-1.699007863168977, 48.041323405313115],
            [-1.698999310123102, 48.04131731786298],
            [-1.69898925996027, 48.04131236489259],
            [-1.698979307016428, 48.04130848025438],
            [-1.698956408233181, 48.04130297988052],
            [-1.698945152770099, 48.041302368180986],
            [-1.698918055700592, 48.041303477081094],
            [-1.698907093304955, 48.04130607122018],
            [-1.698896226866537, 48.041309734643896],
            [-1.698885458980432, 48.04131446634495],
            [-1.698876381550307, 48.041320202980486],
            [-1.698868897116296, 48.041325873524436],
            [-1.698861608530409, 48.04133368157721],
            [-1.698857410227063, 48.041340290855715],
            [-1.698853406515102, 48.041349038595904],
            [-1.698850899843447, 48.04135665095965],
            [-1.698851677968049, 48.04136520211378],
            [-1.698482554884879, 48.04133060600283],
            [-1.698215169613805, 48.041305628549054],
            [-1.697797858924437, 48.04126664470491],
            [-1.697761412745628, 48.04126323998094],
            [-1.697310082171111, 48.041221076701085],
            [-1.696632181253954, 48.04117331284363],
            [-1.696479431222119, 48.04114248584392],
            [-1.696484701998939, 48.041126553274644],
            [-1.696486615071946, 48.041110283153046],
            [-1.696485133507485, 48.04109399328536],
            [-1.696480140768636, 48.04107813086943],
            [-1.696472166959282, 48.041062614777104],
            [-1.696461479905481, 48.04104885325028],
            [-1.696447463489906, 48.041035479315546],
            [-1.696430932888732, 48.04102355176338],
            [-1.696411496705408, 48.04101308117677],
            [-1.696390045003705, 48.04100456100556],
            [-1.69636726021728, 48.04099798945914],
            [-1.696344556255154, 48.04099462613318],
            [-1.69632035520936, 48.04099239814618],
            [-1.696295494282589, 48.04099279862914],
            [-1.696271040338145, 48.04099548745751],
            [-1.696247521080586, 48.04100074133941],
            [-1.696226312049938, 48.04100741819016],
            [-1.69620574773084, 48.04101639709321],
            [-1.696187785893928, 48.04102723486958],
            [-1.696172625599564, 48.04103920967167],
            [-1.696158898210865, 48.041053406569276],
            [-1.696148801711028, 48.04106825603374],
            [-1.69614188575751, 48.041083903548845],
            [-1.696138285231696, 48.04110004443355],
            [-1.696138084869138, 48.041116797763245],
            [-1.696140845834456, 48.041129559761394],
            [-1.696145297036925, 48.0411433249396],
            [-1.69615220103675, 48.04115586974204],
            [-1.696166726843405, 48.04117378154269],
            [-1.696186332508232, 48.041189927567785],
            [-1.696207486684055, 48.04120279965466],
            [-1.696231604222834, 48.04121275170207],
            [-1.696259322785051, 48.04122072274211],
            [-1.69618254057155, 48.04155027755696],
            [-1.696168555106692, 48.04161030418642],
            [-1.696142970348425, 48.04172879044646],
            [-1.696080077702568, 48.0420200518056],
            [-1.696010588575524, 48.04234185820365],
            [-1.695844828900996, 48.04257607652125],
            [-1.695827603698151, 48.04256671025042],
            [-1.695780721943444, 48.04254603690841],
            [-1.69572993139504, 48.04253004871857],
            [-1.695676263901003, 48.0425190693255],
            [-1.69562081360577, 48.04251332431125],
            [-1.695564707694735, 48.042512929776656],
            [-1.695509090330876, 48.04251789299845],
            [-1.695455090526317, 48.0425281137432],
            [-1.695403810095216, 48.042543384759846],
            [-1.695364784907074, 48.04255932515061],
            [-1.695328798260121, 48.04257821043216],
            [-1.694597207994305, 48.04205253285596],
            [-1.69388638297357, 48.04164848774194],
            [-1.693132712624861, 48.04126805861432],
            [-1.692561641708304, 48.041010821805976],
            [-1.692211968754091, 48.04090271289828],
            [-1.691811416620904, 48.04079103211598],
            [-1.69150323701232, 48.04073771725008],
            [-1.690978320654674, 48.04068806970522],
            [-1.68961851555241, 48.04057397794029],
            [-1.68961851555241, 48.04057397794029],
            [-1.689348115894586, 48.04055128891708],
            [-1.688043885637964, 48.04043389268085],
            [-1.686738032303505, 48.040336788502],
            [-1.686164448071187, 48.0402924551848],
            [-1.685553960847171, 48.04024851662765],
            [-1.685222982020491, 48.04022358728839],
            [-1.68469333264771, 48.040175957274776],
            [-1.684241514950693, 48.04014034298062],
            [-1.684241514937309, 48.040140342981175],
            [-1.684243564669113, 48.040111139676334],
            [-1.684240736827498, 48.04008196505025],
            [-1.684233064647002, 48.04005318539252],
            [-1.684217069603028, 48.04001875931954],
            [-1.684194137730494, 48.039986145390344],
            [-1.68416103858645, 48.03995280725552],
            [-1.684120756930958, 48.039923238535934],
            [-1.684074231155055, 48.03989812632177],
            [-1.684022547815451, 48.03987805795448],
            [-1.684022547801249, 48.03987805794605],
            [-1.68397130370469, 48.039864461292105],
            [-1.683917694444755, 48.03985589727939],
            [-1.683863481922339, 48.039852488666895],
            [-1.683809089909585, 48.039854182122774],
            [-1.68375558079423, 48.03986094332022],
            [-1.683703998718515, 48.039872640459684],
            [-1.683703998718515, 48.039872640459684],
            [-1.683474811201183, 48.039451058387264],
            [-1.683285669297584, 48.03908475641575],
            [-1.683297891369494, 48.03908271612882],
            [-1.683319242051167, 48.03907732719189],
            [-1.683339156454597, 48.03906986485283],
            [-1.683357188845009, 48.03906049597344],
            [-1.683372938814414, 48.039049427918314],
            [-1.683386052783221, 48.03903691029547],
            [-1.68339623884307, 48.03902322083461],
            [-1.68340405212647, 48.03900639143657],
            [-1.683407229946525, 48.0389917109902],
            [-1.683407198577868, 48.038976875799094],
            [-1.683403959665589, 48.03896220027716],
            [-1.683397580368451, 48.03894799526471],
            [-1.683388198061938, 48.038934560627844],
            [-1.683375613292553, 48.038921800875976],
            [-1.683360333902477, 48.03891044139734],
            [-1.683342699920056, 48.03890073504453],
            [-1.683323107424648, 48.03889290084565],
            [-1.683301991342705, 48.03888711209096],
            [-1.683279824272091, 48.038883498183054],
            [-1.683258123302801, 48.03888214952607],
            [-1.683236356549931, 48.03888289047578],
            [-1.68321496877691, 48.03888570649541],
            [-1.683192533292543, 48.03889108920151],
            [-1.683171616559511, 48.03889874378332],
            [-1.683152725678973, 48.03890848375742],
            [-1.683136977044037, 48.03891955172807],
            [-1.683123863044699, 48.038932069322776],
            [-1.683113676849276, 48.038945757861946],
            [-1.683106647442542, 48.03896031244895],
            [-1.683102930661873, 48.03897540684092],
            [-1.68310261009253, 48.03899070332426],
            [-1.683103784524305, 48.03899866071728],
            [-1.683105907699551, 48.039006530755074],
            [-1.682622029263148, 48.039091560482234],
            [-1.681900103457699, 48.03919120597356],
            [-1.681724225474919, 48.03919628604963],
            [-1.681504711497469, 48.03916758710933],
            [-1.681345680004096, 48.039126852242504],
            [-1.681175353379589, 48.03908987295408],
            [-1.681045405535004, 48.03906798046903],
            [-1.680895605541874, 48.039051808105825],
            [-1.680893088644193, 48.03904157701756],
            [-1.6808884882165, 48.03903167686711],
            [-1.680881891448826, 48.03902229873514],
            [-1.680872662973883, 48.03901294048509],
            [-1.680861457039778, 48.03900460899424],
            [-1.680848525656118, 48.03899749042586],
            [-1.680834156036481, 48.03899174427751],
            [-1.680818670191563, 48.03898749889233],
            [-1.680802413894313, 48.038984848304494],
            [-1.680787153591431, 48.038983861972525],
            [-1.680771837323379, 48.03898428902634],
            [-1.680756751973536, 48.03898612227608],
            [-1.680742185837404, 48.038989325639655],
            [-1.680724796887769, 48.03899528787323],
            [-1.680709201044975, 48.039003170216255],
            [-1.680697649259452, 48.03901128688015],
            [-1.680688031969311, 48.039020467263],
            [-1.680680561688889, 48.03903050626448],
            [-1.680675404884908, 48.03904117993638],
            [-1.680672678285825, 48.03905224923725],
            [-1.680672442920624, 48.03906346838529],
            [-1.680674680266474, 48.03907458853388],
            [-1.680679386281884, 48.03908535754265],
            [-1.680686455266573, 48.039095528316324],
            [-1.680695702907704, 48.03910487588712],
            [-1.680706907335396, 48.039113205652995],
            [-1.680719820963406, 48.03912033577443],
            [-1.680729893297761, 48.03912456577635],
            [-1.680740579735311, 48.03912805527774],
            [-1.680659711333976, 48.03916399661255],
            [-1.680559221385915, 48.03920876915991],
            [-1.680521551106603, 48.039220171584645],
            [-1.680024135044579, 48.03937073292872],
            [-1.679980828224537, 48.03938384119092],
            [-1.679972418267706, 48.039386661590896],
            [-1.67981939358746, 48.03943798051164],
            [-1.679627476084897, 48.039459002547446],
            [-1.678811392152215, 48.03952184011205],
            [-1.678651833066353, 48.039537346446664],
            [-1.678334836602831, 48.039581740549565],
            [-1.677965418949285, 48.039670410645115],
            [-1.677543257028824, 48.039801212134954],
            [-1.677540638623889, 48.039784587416726],
            [-1.677534062714255, 48.03976846182567],
            [-1.677523699123458, 48.039753256459456],
            [-1.67751097342481, 48.03974035047688],
            [-1.677495520737651, 48.039728860357606],
            [-1.677477686828446, 48.039719043242215],
            [-1.677457870435375, 48.03971111806992],
            [-1.677436514910893, 48.039705262314754],
            [-1.677414095604339, 48.03970160619209],
            [-1.677391187003666, 48.039700247044294],
            [-1.677368231772408, 48.03970117675042],
            [-1.677345733097318, 48.0397043730103],
            [-1.677324188679553, 48.03970976779217],
            [-1.677324188679553, 48.03970976779217],
            [-1.67730389850525, 48.03971733536004],
            [-1.67728554401795, 48.039726870441385],
            [-1.677271401859603, 48.0397366430222],
            [-1.677259287272022, 48.03974757290303],
            [-1.677249408976358, 48.03975947226598],
            [-1.677241936421676, 48.039772135068866],
            [-1.676971433077961, 48.03967885384023],
            [-1.676848863906948, 48.03965477776553],
            [-1.676771386922416, 48.0396395589968],
            [-1.676708339138529, 48.039633211553365],
            [-1.676522855893512, 48.03961453749511],
            [-1.6764697638381, 48.0396121689427],
            [-1.675925742255894, 48.03958789752826],
            [-1.675660265195624, 48.03962253675719],
            [-1.67478963249984, 48.03979778929781],
            [-1.674221599050014, 48.039950945659044],
            [-1.674167748420799, 48.039973108570244],
            [-1.673704371400239, 48.04014420271765],
            [-1.673240557514915, 48.040319469356845],
            [-1.672466688206135, 48.04060828631191],
            [-1.672103744656335, 48.04075262429816],
            [-1.671923598000155, 48.040824265583126],
            [-1.671720843340363, 48.04090489711573],
            [-1.670919775748891, 48.04121671570408],
            [-1.670377903756365, 48.041422135354544],
            [-1.670019679292675, 48.04154214702243],
            [-1.669790626085073, 48.04157896984414],
            [-1.668838514469908, 48.041764283752585],
            [-1.668270619972893, 48.04187990494612],
            [-1.667939232278827, 48.04194778424846],
            [-1.667694255331194, 48.041994838128666],
            [-1.666851555549959, 48.04215485473866],
            [-1.666547849060849, 48.04219805788586],
            [-1.666546455254777, 48.04218599501813],
            [-1.666541980309986, 48.042174273626166],
            [-1.666534559443077, 48.0421632450418],
            [-1.666525147807436, 48.04215381387705],
            [-1.666513582359132, 48.04214552900942],
            [-1.666501959786598, 48.04213941223246],
            [-1.666488756303381, 48.04213428865993],
            [-1.666474808987445, 48.04213055912471],
            [-1.666460056123273, 48.04212819003736],
            [-1.666446789053543, 48.04212730416916],
            [-1.666433305010005, 48.04212757100962],
            [-1.66641998477483, 48.042128996286515],
            [-1.666403009091149, 48.04213261556318],
            [-1.666387194798719, 48.042138113245585],
            [-1.666372999150993, 48.04214533018379],
            [-1.666362191252809, 48.042152922161854],
            [-1.666353190449188, 48.04216150848019],
            [-1.666346198654377, 48.042170899816995],
            [-1.666341371412859, 48.04218088440566],
            [-1.666338817696297, 48.04219124065815],
            [-1.666338594386035, 48.04220173558693],
            [-1.66634005073794, 48.0422099410984],
            [-1.666342943926869, 48.04221797288159],
            [-1.66634723184377, 48.04222572181493],
            [-1.666352848200316, 48.042233078858374],
            [-1.66624234110073, 48.04227156008382],
            [-1.66569741394035, 48.04239511903945],
            [-1.665540113212683, 48.04243078544096],
            [-1.665395538063377, 48.04246356621794],
            [-1.664051279577308, 48.042806148335224],
            [-1.663893161857702, 48.04285367230196],
            [-1.663483387121666, 48.04296484877862],
            [-1.663039493524717, 48.04318022564229],
            [-1.662902609289266, 48.0432439018318],
            [-1.662840249810103, 48.04327451072351],
            [-1.662682161980704, 48.04334651300158],
            [-1.661646398330634, 48.04389197384739],
            [-1.66121770028, 48.044116196178415],
            [-1.66087388052107, 48.04429602197136],
            [-1.660568288121388, 48.04436211565886],
            [-1.660264470430674, 48.044389293867184],
            [-1.659988729042436, 48.044400484008186],
            [-1.659787293110546, 48.044458150641304],
            [-1.659704056153295, 48.04455803778286],
            [-1.659725624865865, 48.04468886708889],
            [-1.659693705691573, 48.04469658426168],
            [-1.659666321678099, 48.044710019431044],
            [-1.659645691152583, 48.04472808329505],
            [-1.659633486700013, 48.044749312225136],
            [-1.659630694160942, 48.04477198842238],
            [-1.659637543963187, 48.044794272457274],
            [-1.659653476853281, 48.04481435964444],
            [-1.659677205215464, 48.04483062352886],
            [-1.65970680547183, 48.04484174639768],
            [-1.659739879580986, 48.0448468262639],
            [-1.659773748595132, 48.04484545191253],
            [-1.659774885398209, 48.044924265959054],
            [-1.659733415942456, 48.045060635802784],
            [-1.65971112782144, 48.04509769307573],
            [-1.659638096166459, 48.04523805942155],
            [-1.659608898137971, 48.04529396728394],
            [-1.659458944765947, 48.04557926020882],
            [-1.659442509932413, 48.045623020887355],
            [-1.659445904321322, 48.045732457289375],
            [-1.659567905806564, 48.045892545812166],
            [-1.660049718860129, 48.04649141514603],
            [-1.660307621113279, 48.046781578110384],
            [-1.660454373720424, 48.04689601502132],
            [-1.660647087319248, 48.046990419021874],
            [-1.660885617435748, 48.04706039039552],
            [-1.660992281366888, 48.04707024318864],
            [-1.661243179517075, 48.047093418838095]
          ]
        ],
        "type": "MultiLineString"
      },
      "properties": {
        "geo_point_2d": {
          "lon": -1.7196649283526355,
          "lat": 48.032847028572085
        },
        "gml_id": "v_star_lignes_actives.96",
        "id": 96,
        "li_code": "0091",
        "li_num": "91",
        "li_nom": "Noyal-Châtillon-sur-Seiche (Petite Saudrais) <> Chartres-de-Bretagne <> Bruz (Cicé Blossac/Pont-Réan)",
        "li_type": "Métropolitaine",
        "li_sstype": "Intercommunale",
        "li_d_creat": null,
        "li_d_acces": "2015-02-13T01:00:00+01:00",
        "li_datedeb": "2015-03-02T01:00:00+01:00",
        "li_datefin": null,
        "comm_desservies": "35047, 35066, 35206",
        "li_couleur_rvb": "174,204,82,255",
        "li_couleur_hex": "#AECC52",
        "volume": 1100
      }
    },
    {
      "type": "Feature",
      "geometry": {
        "coordinates": [
          [
            [-1.775289367911737, 48.00259462454142],
            [-1.775299119731751, 48.00268492280975],
            [-1.77531275439554, 48.00306180214901],
            [-1.775323425281754, 48.00334422865468],
            [-1.775342955877357, 48.00395549123212],
            [-1.775324068659631, 48.00416970970578],
            [-1.775228807452544, 48.00453420185875],
            [-1.775181836129313, 48.004713922053455],
            [-1.775097857428245, 48.00503523552023],
            [-1.775083198017536, 48.00509132389536],
            [-1.775071737556746, 48.00513517290515],
            [-1.774931446358188, 48.005437167312564],
            [-1.774884314911377, 48.005538622829256],
            [-1.774591226503572, 48.006205226399786],
            [-1.774539596370565, 48.00638025469659],
            [-1.774488034585241, 48.006506236159844],
            [-1.774408536327622, 48.006996493362344],
            [-1.774348737631793, 48.00734293345475],
            [-1.77422782509618, 48.00770491375595],
            [-1.774113535774835, 48.00796085523568],
            [-1.77393476332049, 48.00827407667926],
            [-1.773923448812362, 48.00829390032844],
            [-1.773823528402793, 48.00846496695495],
            [-1.773540284378869, 48.00894988183148],
            [-1.773380653858915, 48.009172101943975],
            [-1.773342922696987, 48.009224888881704],
            [-1.77298767151795, 48.00968923830296],
            [-1.772750096708272, 48.01000813428666],
            [-1.772189629640087, 48.01076106046734],
            [-1.771622670686759, 48.011570105129266],
            [-1.771443675409229, 48.01184689001379],
            [-1.771157962355544, 48.01228869273089],
            [-1.770874695590232, 48.01266016100696],
            [-1.770619980460338, 48.01296688725454],
            [-1.770132361446131, 48.01343565576399],
            [-1.769949983992498, 48.01365997493949],
            [-1.76983095995214, 48.01384303419667],
            [-1.769653190068381, 48.01427316944653],
            [-1.769457865974195, 48.01473836881963],
            [-1.769357304898534, 48.0149828912486],
            [-1.769227222434719, 48.015167482481566],
            [-1.768537865574339, 48.015859217715665],
            [-1.768114856045446, 48.01628344570599],
            [-1.767832346175092, 48.0165666417],
            [-1.76742996697443, 48.01695460135979],
            [-1.766986227950629, 48.017379684577016],
            [-1.766329077911346, 48.01795311424606],
            [-1.765871681215606, 48.01836616683178],
            [-1.76549376438927, 48.01877554489805],
            [-1.76521563303057, 48.01909794168034],
            [-1.764892972646361, 48.019488188606815],
            [-1.764681634766134, 48.01980755565872],
            [-1.764666575647755, 48.01983354738543],
            [-1.76463577825754, 48.019826498368566],
            [-1.764602713982342, 48.019823706777416],
            [-1.764566498415725, 48.01982521022591],
            [-1.764521276088677, 48.01983482035572],
            [-1.764485762454374, 48.01985354630692],
            [-1.76445935480699, 48.01987486803589],
            [-1.764438850988346, 48.01990372342512],
            [-1.764431646825435, 48.019930151410314],
            [-1.764434880172794, 48.01995559640523],
            [-1.764447829468436, 48.01998063806666],
            [-1.764465643158468, 48.02000071970677],
            [-1.764488481004355, 48.02001761717131],
            [-1.764518168210596, 48.020031852151675],
            [-1.764543620434746, 48.020040001723984],
            [-1.764240304970241, 48.02056987250282],
            [-1.764096049361715, 48.02075719037139],
            [-1.763820138762304, 48.02113890453257],
            [-1.763752630173596, 48.02126732261497],
            [-1.7636641933088, 48.02137531954805],
            [-1.763519862805595, 48.021467364422264],
            [-1.763296692083308, 48.02172711061082],
            [-1.762826998238239, 48.02235569684108],
            [-1.762401259524726, 48.0229830903267],
            [-1.761885109561516, 48.02378435615878],
            [-1.761764167183776, 48.02397212976024],
            [-1.761752681052357, 48.023989729935],
            [-1.76169928692953, 48.02407154550352],
            [-1.76159734806017, 48.024227745145666],
            [-1.761550286419064, 48.02438828180939],
            [-1.761532293276375, 48.02438329240171],
            [-1.761513441180974, 48.02438003099206],
            [-1.761494095972036, 48.02437856079478],
            [-1.761474632471384, 48.024378911318266],
            [-1.76145543289639, 48.02438107571843],
            [-1.761436868125122, 48.024385011575816],
            [-1.761419301876698, 48.024390642524466],
            [-1.761403073231869, 48.02439785807588],
            [-1.761388499806082, 48.02440651889421],
            [-1.761375865622858, 48.02441645639809],
            [-1.761367877430344, 48.024424551170085],
            [-1.76136118867191, 48.02443316067277],
            [-1.761223893434546, 48.02442548460195],
            [-1.760950070808533, 48.024422731553884],
            [-1.759907678078988, 48.02448688554566],
            [-1.759288394903838, 48.02451958411492],
            [-1.758308136227291, 48.02459471117737],
            [-1.758037420247482, 48.02462145570048],
            [-1.75788093376148, 48.02465747929793],
            [-1.757862812568363, 48.02464551076211],
            [-1.757832798599582, 48.0246339919278],
            [-1.757718504925895, 48.02459655577516],
            [-1.757656699162928, 48.02458115233332],
            [-1.757644937277456, 48.02458128750861],
            [-1.757633330331862, 48.024582565223],
            [-1.757622624764325, 48.02458483468467],
            [-1.757612492821988, 48.02458808154337],
            [-1.757603135547454, 48.02459224249623],
            [-1.757594730835466, 48.024597236275824],
            [-1.757587444469511, 48.024602966797275],
            [-1.757581417912399, 48.02460932186198],
            [-1.757576768636996, 48.02461617674848],
            [-1.75757358660764, 48.02462339976516],
            [-1.757571934032038, 48.024630849557155],
            [-1.757571843180861, 48.02463838060343],
            [-1.757233044750548, 48.024648944823525],
            [-1.756865291505296, 48.024660410751494],
            [-1.755331927521896, 48.02474697029435],
            [-1.754703512646765, 48.024790555707185],
            [-1.754625106722836, 48.02482814165463],
            [-1.75455878081192, 48.02489075028601],
            [-1.754407253595797, 48.025117052057844],
            [-1.754394493812367, 48.025113512800516],
            [-1.754381122700193, 48.02511119829585],
            [-1.75436740248874, 48.025110155346155],
            [-1.754353599537828, 48.02511040265636],
            [-1.754339980900603, 48.025111937275355],
            [-1.754326815000822, 48.025114727358684],
            [-1.754314354896828, 48.02511872007106],
            [-1.754302844642325, 48.025123837718176],
            [-1.754292508663123, 48.0251299790879],
            [-1.754283546982617, 48.025137025956035],
            [-1.754276133718271, 48.025144841346226],
            [-1.754270414653035, 48.02515327233398],
            [-1.754266501039832, 48.025162155710106],
            [-1.754264468180634, 48.0251713171384],
            [-1.754264354914411, 48.0251805801883],
            [-1.754264354901029, 48.02518058018885],
            [-1.754170108716105, 48.025180832332744],
            [-1.753115987927055, 48.024912013375044],
            [-1.753115987912846, 48.024912013366624],
            [-1.753120820603619, 48.024897656279144],
            [-1.753122863954591, 48.02488300107205],
            [-1.753122083901239, 48.02486829066264],
            [-1.753117438102769, 48.024850956699446],
            [-1.75310883812924, 48.02483431544833],
            [-1.753097897438302, 48.02482023665388],
            [-1.753084142920698, 48.024807316099604],
            [-1.753067840919966, 48.024795805889404],
            [-1.753049310168176, 48.02478592892345],
            [-1.753028910997396, 48.0247778784439],
            [-1.753005130654226, 48.02477138997573],
            [-1.752980161514665, 48.02476738381699],
            [-1.752954579050673, 48.024765953295145],
            [-1.752909515664685, 48.02414810019725],
            [-1.752897181750458, 48.023978990351665],
            [-1.752820189684327, 48.02335449681788],
            [-1.752818993261299, 48.02334479228966],
            [-1.752811146988811, 48.02325951754533],
            [-1.752769520999988, 48.02289616983994],
            [-1.752729684878902, 48.02264134033891],
            [-1.752717225982487, 48.022543771970305],
            [-1.75270036416487, 48.022411722852205],
            [-1.752679438182902, 48.0222733572275],
            [-1.75260577590165, 48.021979539658304],
            [-1.75257983014347, 48.021875182323846],
            [-1.75246958065507, 48.02171987820161],
            [-1.752438463106531, 48.021677175532695],
            [-1.75240481137349, 48.021639361671355],
            [-1.752240427123839, 48.02145475913393],
            [-1.75223906040329, 48.02145354631763],
            [-1.752209912699088, 48.02142768077554],
            [-1.752122554789947, 48.02135015960495],
            [-1.752050941794716, 48.021301412735795],
            [-1.75196808561903, 48.02124501248053],
            [-1.751986854208206, 48.02123534022472],
            [-1.752003432528524, 48.021224009529384],
            [-1.752017498429653, 48.02121124189758],
            [-1.752028780495557, 48.02119728466733],
            [-1.752037056623694, 48.02118241016914],
            [-1.752041887844751, 48.02116805227502],
            [-1.752043931354089, 48.02115339707717],
            [-1.752043153084576, 48.02113868749282],
            [-1.752038551246919, 48.02112151933176],
            [-1.752029908893025, 48.02110471122448],
            [-1.752018969285515, 48.02109063232678],
            [-1.752005214691108, 48.02107771169005],
            [-1.751988915444134, 48.021066201263615],
            [-1.7519703862346, 48.02105632411702],
            [-1.751949987364563, 48.02104827349592],
            [-1.751926208871505, 48.02104178480013],
            [-1.751901243036714, 48.0210377792466],
            [-1.751875661108309, 48.02103634853003],
            [-1.751855032627439, 48.02103708904201],
            [-1.751834689791735, 48.02103950376343],
            [-1.751812122727267, 48.02104428594527],
            [-1.751790767469988, 48.02105112934927],
            [-1.751771040147213, 48.021059899572286],
            [-1.751753324065539, 48.02107042665941],
            [-1.751737963016091, 48.02108250533596],
            [-1.751483847395886, 48.02091731603126],
            [-1.751310280913585, 48.020804487238884],
            [-1.751060932419224, 48.02067245274226],
            [-1.750748082074328, 48.020506791160734],
            [-1.750658787992647, 48.02046361739223],
            [-1.750641627711989, 48.02045532037613],
            [-1.750422389952701, 48.02034788965192],
            [-1.749970666154476, 48.02017670221322],
            [-1.749387857904971, 48.01998266606426],
            [-1.749002548303637, 48.01988958080358],
            [-1.748667848456986, 48.01980870863231],
            [-1.748249007201538, 48.01970750398822],
            [-1.74796488675409, 48.01965206899846],
            [-1.747850025803604, 48.01963743226377],
            [-1.747514920869586, 48.019594729155386],
            [-1.747413932872535, 48.01958468363049],
            [-1.747228173602177, 48.019566205478746],
            [-1.746478924956086, 48.01952494389306],
            [-1.746191506094221, 48.019509114682066],
            [-1.746189712887528, 48.01949503553893],
            [-1.74618501550309, 48.01948126122712],
            [-1.74617750701214, 48.01946805913158],
            [-1.746167333353214, 48.01945568727775],
            [-1.746154691160823, 48.01944438531985],
            [-1.746139829028381, 48.01943437366875],
            [-1.746123033549717, 48.01942584776122],
            [-1.746104632831111, 48.01941897242693],
            [-1.746084985794745, 48.019413882420814],
            [-1.746064473567899, 48.01941067641739],
            [-1.746041426645151, 48.019409399150135],
            [-1.746020921585766, 48.019410262388625],
            [-1.746000780518296, 48.01941298225641],
            [-1.745981376311657, 48.01941750906445],
            [-1.745963063984336, 48.01942375964591],
            [-1.745945787537365, 48.019431840876074],
            [-1.745930355268532, 48.01944145707264],
            [-1.745917068309342, 48.019452420972165],
            [-1.74590618500802, 48.01946451822593],
            [-1.745897916159329, 48.01947751395913],
            [-1.745892962048027, 48.01948939578021],
            [-1.745890200821118, 48.01950159332822],
            [-1.745889671015, 48.01951392661131],
            [-1.745129375917836, 48.01954666719523],
            [-1.744994031010558, 48.01955249501416],
            [-1.744970231911334, 48.019553519758674],
            [-1.74424813228603, 48.01958460983148],
            [-1.743502680354119, 48.01965974575515],
            [-1.74332156795427, 48.01967805203589],
            [-1.742933571452155, 48.019721466748585],
            [-1.742346254151706, 48.01978732182162],
            [-1.741170661851347, 48.01998913876496],
            [-1.740799610054645, 48.02008130315259],
            [-1.740796536295582, 48.02007471124979],
            [-1.740792325963233, 48.020068409600704],
            [-1.740785956353859, 48.02006144108939],
            [-1.740778222522894, 48.02005515064847],
            [-1.740769218635844, 48.02004961387725],
            [-1.740759175270938, 48.02004498596989],
            [-1.740748269763839, 48.02004134076642],
            [-1.740736587312553, 48.020038732852676],
            [-1.740724734664603, 48.02003726202788],
            [-1.740712560985611, 48.02003690788458],
            [-1.740700434067439, 48.02003769264617],
            [-1.740688587751987, 48.02003960304922],
            [-1.740677252318708, 48.02004260164696],
            [-1.74066664929693, 48.02004662882567],
            [-1.740656985104826, 48.02005160667207],
            [-1.74064844695268, 48.02005743824133],
            [-1.740641203090069, 48.02006401025024],
            [-1.740636244396315, 48.02006995710207],
            [-1.740632360090828, 48.02007625337285],
            [-1.74062960398369, 48.02008281213335],
            [-1.740627634641374, 48.020092938433216],
            [-1.740628288862012, 48.020103141101124],
            [-1.740630720378765, 48.0201111508882],
            [-1.740634790765116, 48.020118855082906],
            [-1.740640420530377, 48.020126104676535],
            [-1.740647498645258, 48.02013275827091],
            [-1.740655886885755, 48.020138685503625],
            [-1.740665424341819, 48.02014377226857],
            [-1.74067592457632, 48.020147919031075],
            [-1.74068718272765, 48.020151045040244],
            [-1.740698979688897, 48.020153089958576],
            [-1.740711086039932, 48.02015401279853],
            [-1.740721923959905, 48.02015387692985],
            [-1.740732653739506, 48.020152840786814],
            [-1.740743109018192, 48.020150921153494],
            [-1.740860420428668, 48.02043318251411],
            [-1.740976052737681, 48.020905682019844],
            [-1.741047477170187, 48.021413183353495],
            [-1.741158440790857, 48.021979855723565],
            [-1.741296932777607, 48.02265515300674],
            [-1.742053925336887, 48.02268538755953],
            [-1.742679634529622, 48.02266359533901],
            [-1.743199382773277, 48.02264784926169],
            [-1.743258106506796, 48.02264605293571],
            [-1.74370577258866, 48.02263041178658],
            [-1.74375909537519, 48.02299306647496],
            [-1.743828347752223, 48.02346405266485],
            [-1.743714452888186, 48.023470106833486],
            [-1.743375763950507, 48.023448691488824],
            [-1.743080547065522, 48.023430024062066],
            [-1.742682918231272, 48.023404879607305],
            [-1.741284029251434, 48.0232696467531],
            [-1.741284029238052, 48.02326964675365],
            [-1.741050440538468, 48.023268303455744],
            [-1.739983812336664, 48.023205185071625],
            [-1.739171619328343, 48.023192007930604],
            [-1.738441726895634, 48.02322214225306],
            [-1.73816878873821, 48.02319367501286],
            [-1.737223698881152, 48.02320520566497],
            [-1.736763427541544, 48.02318847753232],
            [-1.736414657418239, 48.023147629814304],
            [-1.736419210075496, 48.023133833053215],
            [-1.736420854813089, 48.02311974627274],
            [-1.736419561626189, 48.023105642853075],
            [-1.736415355705908, 48.023091797501095],
            [-1.736408316780548, 48.02307847906844],
            [-1.736398585641804, 48.02306594847993],
            [-1.736386348354154, 48.02305444767062],
            [-1.73637184311043, 48.023044201105],
            [-1.736355354220353, 48.02303540881633],
            [-1.736337202249179, 48.02302824140666],
            [-1.736315772754168, 48.023022407744755],
            [-1.736295817058581, 48.023019125645284],
            [-1.736275383116012, 48.023017688970036],
            [-1.736254846732795, 48.02301812366354],
            [-1.736234588698861, 48.02302042212304],
            [-1.736214501910386, 48.02302467617785],
            [-1.736195015842081, 48.023030984343414],
            [-1.736177934184653, 48.023038566634824],
            [-1.73616216326812, 48.02304793313824],
            [-1.736148489585188, 48.02305868104503],
            [-1.736138474595365, 48.023069029269756],
            [-1.736130410758218, 48.02308011791466],
            [-1.736124418664913, 48.023091782503926],
            [-1.736119738227432, 48.02310830323739],
            [-1.736119192264193, 48.023125115652114],
            [-1.736121268124648, 48.02313681229445],
            [-1.736125372785019, 48.023148264821764],
            [-1.736131450192921, 48.02315931604643],
            [-1.736144035658212, 48.02317481976001],
            [-1.736160405336761, 48.02318864080778],
            [-1.736175939467979, 48.02319818351405],
            [-1.736193302677822, 48.02320618280119],
            [-1.736212155725332, 48.023212484154946],
            [-1.736232132562147, 48.023216963003506],
            [-1.736252845088125, 48.02321953263165],
            [-1.736187191169003, 48.02363050384546],
            [-1.736156661383673, 48.02382160774457],
            [-1.73615110933904, 48.02385636107204],
            [-1.736068882777031, 48.024464943931655],
            [-1.736090075505616, 48.02548216328028],
            [-1.736081015966075, 48.02548408161943],
            [-1.736072443312453, 48.02548682693225],
            [-1.736064523307096, 48.02549034642174],
            [-1.736057409442337, 48.02549457067575],
            [-1.736051242013809, 48.02549941821077],
            [-1.736046140008498, 48.02550479490553],
            [-1.736042203863604, 48.02551059478833],
            [-1.73603950926903, 48.025516705699445],
            [-1.736038107167333, 48.025523009291135],
            [-1.736038027850861, 48.02552938175978],
            [-1.736038964251302, 48.02553465709526],
            [-1.736040816137906, 48.025539822567325],
            [-1.736043556769428, 48.02554480628764],
            [-1.736049232694963, 48.025551798270996],
            [-1.736056616354279, 48.025558032229725],
            [-1.735921558278094, 48.025582658173015],
            [-1.735272367613782, 48.025626077871244],
            [-1.734534424847537, 48.025677386328375],
            [-1.734529366802979, 48.02566408971755],
            [-1.73452220403313, 48.025651235865766],
            [-1.734509842468831, 48.02563531813417],
            [-1.734494297635059, 48.025620709477025],
            [-1.73447587371134, 48.025607694719774],
            [-1.734454929624191, 48.02559652579133],
            [-1.734431871017414, 48.02558742205524],
            [-1.734401510060922, 48.02557937375073],
            [-1.734369556906707, 48.02557488298843],
            [-1.734336932866986, 48.025574079377385],
            [-1.734319108239221, 48.025575223666365],
            [-1.734301524636484, 48.025577488028645],
            [-1.734276008753689, 48.02558289017586],
            [-1.734251863088775, 48.025590622896964],
            [-1.734229557241378, 48.02560053345724],
            [-1.734209523734847, 48.02561243100175],
            [-1.734192153590132, 48.0256260822322],
            [-1.734177785268707, 48.02564122267627],
            [-1.734166696725143, 48.02565755791655],
            [-1.73415910581833, 48.025674768079],
            [-1.734155159336403, 48.02569252000024],
            [-1.73415493441696, 48.025710468069995],
            [-1.734157570968639, 48.02572532529548],
            [-1.734162783854252, 48.025739872608895],
            [-1.734170503625594, 48.025753909218885],
            [-1.734186490279643, 48.02577360279391],
            [-1.734207283640483, 48.02579115888915],
            [-1.734227016080139, 48.02580328076865],
            [-1.734249071425722, 48.02581344150002],
            [-1.73427301932192, 48.02582144526375],
            [-1.73429839531398, 48.02582713459331],
            [-1.734324705767914, 48.02583040008472],
            [-1.73434742840828, 48.025831235416334],
            [-1.734370136739943, 48.02583024384188],
            [-1.734392505804439, 48.02582744146772],
            [-1.734457291295187, 48.02595946126844],
            [-1.734471217533611, 48.025997368729],
            [-1.734573285292916, 48.02627519723715],
            [-1.734574610199278, 48.02628005911027],
            [-1.734674418451881, 48.02664726025272],
            [-1.734752693645855, 48.026977711990824],
            [-1.734832770665134, 48.02717075533749],
            [-1.735263793111465, 48.02789436991366],
            [-1.735363952940858, 48.02804473966396],
            [-1.735544867678754, 48.02836187267094],
            [-1.735598369543087, 48.02845565752764],
            [-1.735708088385863, 48.02867537299912],
            [-1.735763924056709, 48.02890053108818],
            [-1.735737226255041, 48.02890592368155],
            [-1.735710822552431, 48.02891452387494],
            [-1.735687801468229, 48.02892513010664],
            [-1.735666472316205, 48.028936738879715],
            [-1.735648623897902, 48.028951423794226],
            [-1.735634061402351, 48.02896704549454],
            [-1.735621287535081, 48.028984738997],
            [-1.735613294379171, 48.02900223617816],
            [-1.735610277758636, 48.02902167275009],
            [-1.735608757178386, 48.02903997525993],
            [-1.73561181991775, 48.029055943100865],
            [-1.735617972614123, 48.02907071022424],
            [-1.735625719308608, 48.02908541158945],
            [-1.73564202134413, 48.02910619769184],
            [-1.735664500712988, 48.02912458336271],
            [-1.735684897348327, 48.02913768962002],
            [-1.735708284660407, 48.029148526904734],
            [-1.735433103802473, 48.029427038806695],
            [-1.734874868981847, 48.02991571617101],
            [-1.734615825532033, 48.030101579134474],
            [-1.734456805404738, 48.03025920623411],
            [-1.734369837805525, 48.03034541150892],
            [-1.734186705961995, 48.03057590693911],
            [-1.734008477998876, 48.030859920587076],
            [-1.733921661331928, 48.031048838573234],
            [-1.733884447215682, 48.0311421945895],
            [-1.733646116895935, 48.0317642941029],
            [-1.733463269871029, 48.032129079516665],
            [-1.73329368223046, 48.032542359018],
            [-1.733132416385695, 48.032962913328646],
            [-1.733020594357104, 48.033254522276735],
            [-1.73300274192039, 48.033301077444776],
            [-1.732969543656616, 48.033521588675114],
            [-1.73296934398959, 48.03361712095581],
            [-1.732969343990414, 48.033617120964784],
            [-1.73293979761472, 48.03362337545191],
            [-1.732911837950264, 48.033632327383835],
            [-1.732886006561089, 48.0336438021355],
            [-1.732862808282565, 48.033657576142346],
            [-1.732842694231803, 48.03367338209716],
            [-1.732825926825908, 48.0336911073559],
            [-1.732813017217922, 48.033710230721894],
            [-1.732804218446984, 48.033730375916164],
            [-1.732057947464238, 48.033599878250065],
            [-1.73151775694698, 48.03355178563449],
            [-1.730928292708948, 48.03353838687558],
            [-1.730501979150311, 48.033555953972424],
            [-1.730035104260786, 48.033612882034674],
            [-1.729551478866556, 48.03369146741049],
            [-1.729212737251249, 48.03375545421183],
            [-1.728232458537248, 48.03399612060296],
            [-1.727101641714281, 48.03425618450084],
            [-1.725557806078831, 48.03462413047348],
            [-1.724771028617664, 48.03481438510059],
            [-1.724547034057805, 48.03486854911608],
            [-1.724119037589705, 48.03497204118173],
            [-1.723838172459957, 48.03500886538346],
            [-1.72383613761529, 48.03498382855024],
            [-1.723828819196158, 48.034959239809496],
            [-1.723816364922453, 48.03493559770126],
            [-1.723799408333296, 48.034913761958755],
            [-1.723778085387826, 48.034893720678255],
            [-1.72375281209071, 48.03487586494868],
            [-1.723724079640238, 48.03486054131337],
            [-1.723692447571411, 48.03484805025032],
            [-1.723651104719625, 48.03483704817771],
            [-1.723607590360359, 48.034830875339864],
            [-1.723765249915684, 48.034031805708885],
            [-1.723765447555111, 48.03403080397368],
            [-1.723978544989822, 48.03295071742769],
            [-1.724189881382884, 48.032036916423216],
            [-1.724382247373955, 48.03155764402621],
            [-1.72458771183347, 48.031157051496756],
            [-1.724842042433813, 48.03077425298933],
            [-1.725270608681278, 48.030230446809526],
            [-1.725772939608354, 48.02971860699818],
            [-1.726279850216036, 48.029321444018336],
            [-1.726650518499279, 48.02904871865971],
            [-1.72678823004124, 48.02894003629776],
            [-1.726817904824828, 48.02894905025305],
            [-1.726849018534871, 48.02895552596705],
            [-1.726881087629392, 48.02895936168858],
            [-1.726917412448441, 48.02896042061577],
            [-1.726953601862377, 48.02895807705545],
            [-1.72698895360562, 48.02895237884905],
            [-1.727022779112691, 48.02894343545233],
            [-1.727054419990111, 48.02893142176256],
            [-1.727083259404955, 48.02891657044051],
            [-1.727108738227834, 48.02889917214661],
            [-1.727130357980068, 48.02887956370478],
            [-1.727147699653021, 48.02885812822835],
            [-1.727160423978164, 48.028835283394095],
            [-1.727168285327102, 48.02881147185837],
            [-1.727171130126207, 48.028787158618876],
            [-1.727168902233187, 48.02876281637513],
            [-1.727161645038012, 48.02873891913404],
            [-1.727149500476238, 48.028715931437],
            [-1.727132705694326, 48.0286943012883],
            [-1.727111585453469, 48.0286744505557],
            [-1.727086552399427, 48.028656763244825],
            [-1.7270580923403, 48.02864158610575],
            [-1.72702676142917, 48.02862921252882],
            [-1.726991823106732, 48.02861959444415],
            [-1.726955181538079, 48.02861345724122],
            [-1.726917603419882, 48.02861092885529],
            [-1.726883385594174, 48.028611810698],
            [-1.726849636710295, 48.02861570280931],
            [-1.72681496465422, 48.028623041876614],
            [-1.726782151400894, 48.028633546638545],
            [-1.726751837733224, 48.02864701138773],
            [-1.726724612417414, 48.02866317578839],
            [-1.726701005429249, 48.028681724253985],
            [-1.726681478068848, 48.028702295365264],
            [-1.726666407557406, 48.028724489713305],
            [-1.726656088868203, 48.02874787523054],
            [-1.726650723502422, 48.028771996664105],
            [-1.7266504134548, 48.028796383042035],
            [-1.726314540018292, 48.02881420150634],
            [-1.725582714180246, 48.02891498993422],
            [-1.724461779997803, 48.02907108363751],
            [-1.724051265155746, 48.02909612237926],
            [-1.723613960094288, 48.02909375593283],
            [-1.723122650824431, 48.0290651028234],
            [-1.722636279176975, 48.02901865551927],
            [-1.721896506878265, 48.02896153182988],
            [-1.721245361549173, 48.02898831396253],
            [-1.720443785915044, 48.02904729993985],
            [-1.719862546953741, 48.029118173969174],
            [-1.719609468490256, 48.029169573113904],
            [-1.719572547303698, 48.02917707158668],
            [-1.719245281574333, 48.02929468726086],
            [-1.719113172755785, 48.0293456945682],
            [-1.718674245677566, 48.02951516281464],
            [-1.718378959701826, 48.029620566795494],
            [-1.717879673554201, 48.02982193826236],
            [-1.71637935206618, 48.03049533206071],
            [-1.714663902595051, 48.031296221175936],
            [-1.713740702158012, 48.031730603391814],
            [-1.712331574846451, 48.03240829980758],
            [-1.712160574835288, 48.032492019719285],
            [-1.711473959736739, 48.032809867446595],
            [-1.711473959736739, 48.032809867446595],
            [-1.711467329360013, 48.03280314962459],
            [-1.71145928178853, 48.03279717030308],
            [-1.711449994350694, 48.03279206187676],
            [-1.711439676280766, 48.0327879383098],
            [-1.711428557765271, 48.03278489288208],
            [-1.7114168854362, 48.032782992967434],
            [-1.711404921114485, 48.03278228098646],
            [-1.711392933615353, 48.03278277294053],
            [-1.711381187958616, 48.032784457953504],
            [-1.711369948045739, 48.03278729816189],
            [-1.711359466033925, 48.03279123005203],
            [-1.711349973131362, 48.03279616664899],
            [-1.711341684865247, 48.03280199635426],
            [-1.711334782842541, 48.03280858919102],
            [-1.711329424356863, 48.03281579902304],
            [-1.711325727587313, 48.032823463305974],
            [-1.711323775093513, 48.03283141194616],
            [-1.711323611138555, 48.03283946741031],
            [-1.711325220846362, 48.03284745188872],
            [-1.711328603654724, 48.032855182478585],
            [-1.711333683116893, 48.03286248389678],
            [-1.711340327552091, 48.032869193940165],
            [-1.711348373700643, 48.03287517242711],
            [-1.711357647157036, 48.03288028954555],
            [-1.711367966577342, 48.03288441306487],
            [-1.711379085110666, 48.03288745849841],
            [-1.71139075746193, 48.032889358416845],
            [-1.711402721808225, 48.03289007039928],
            [-1.711414709332137, 48.03288957844421],
            [-1.71142645501166, 48.03288789342784],
            [-1.711426455012477, 48.0328878934368],
            [-1.711465973264922, 48.032955349107404],
            [-1.711641912839917, 48.03319960110407],
            [-1.711715547025082, 48.033334178314696],
            [-1.711744798767934, 48.033387639930396],
            [-1.711818628196465, 48.03359060057963],
            [-1.711959681993892, 48.033928997665384],
            [-1.71206639195949, 48.03422281234135],
            [-1.712158111715862, 48.034419676038304],
            [-1.712348902694715, 48.03491227890478],
            [-1.712378934385076, 48.03501685669902],
            [-1.712346084143803, 48.03511216498116],
            [-1.71232618682372, 48.03511098120123],
            [-1.712306247821997, 48.0351117995989],
            [-1.712286714211176, 48.03511460182407],
            [-1.712268021018815, 48.035119325866745],
            [-1.712250587048251, 48.03512586442646],
            [-1.712234799553462, 48.035134073651136],
            [-1.712221013911529, 48.03514376954606],
            [-1.712209536795003, 48.03515473497228],
            [-1.712200623986277, 48.0351667251429],
            [-1.712194475432878, 48.03517947233147],
            [-1.712191227707514, 48.03519269158814],
            [-1.712190954663192, 48.03520608792153],
            [-1.712192575362673, 48.03521554526079],
            [-1.712195705323887, 48.03522483071826],
            [-1.712200269128842, 48.035233839255824],
            [-1.712206183955518, 48.03524248776587],
            [-1.712217422960405, 48.03525441586889],
            [-1.712231334097085, 48.035265001573435],
            [-1.712247565201762, 48.03527397818578],
            [-1.712264727453677, 48.03528083500739],
            [-1.712283220244962, 48.03528589986993],
            [-1.712302632889571, 48.035289059869],
            [-1.712322530277636, 48.03529024365297],
            [-1.712342469347912, 48.0352894252525],
            [-1.712362003021757, 48.03528662301795],
            [-1.712382456397904, 48.03528134011377],
            [-1.712415277039515, 48.0353586276714],
            [-1.71244422743019, 48.03540492621752],
            [-1.712450811484332, 48.035517277039325],
            [-1.712455753430413, 48.036279779564715],
            [-1.712443050696743, 48.03657932164406],
            [-1.712449253047382, 48.0368180097631],
            [-1.712451934963263, 48.0369212184511],
            [-1.712454186543206, 48.03700050849547],
            [-1.712464960288705, 48.03737990516195],
            [-1.712464596296825, 48.0378553154617],
            [-1.712454288944802, 48.03785625395415],
            [-1.712444338279997, 48.03785828887732],
            [-1.712435149360826, 48.03786129457148],
            [-1.71242677338373, 48.037865228385456],
            [-1.712419419012376, 48.037869991643845],
            [-1.712413265161209, 48.03787546887007],
            [-1.712408465940307, 48.03788152307775],
            [-1.712405136913638, 48.037888007148204],
            [-1.712403361464413, 48.037894759964566],
            [-1.712403183664454, 48.03790161661673],
            [-1.71240458568146, 48.03790841113086],
            [-1.712407569352766, 48.03791497222017],
            [-1.712412059121456, 48.03792113447769],
            [-1.712417944270785, 48.03792674475285],
            [-1.712425064281247, 48.037931663653566],
            [-1.712433232050754, 48.03793578441773],
            [-1.712442253100673, 48.037939007794925],
            [-1.712451909320683, 48.03794125532914],
            [-1.712459041937417, 48.0379422043107],
            [-1.712466285159638, 48.037942627909196],
            [-1.712469513582504, 48.03871899105985],
            [-1.712456089113485, 48.03872049271985],
            [-1.712443203051763, 48.03872343298308],
            [-1.712431196123853, 48.03872773208404],
            [-1.712420386027692, 48.03873327876243],
            [-1.712411740816758, 48.03873935835375],
            [-1.71240454286177, 48.03874623460126],
            [-1.712398954089487, 48.03875375307693],
            [-1.712395097634197, 48.03876174652702],
            [-1.712393060678803, 48.03877003655778],
            [-1.712392889345914, 48.038778436548306],
            [-1.712394569601248, 48.0387867632478],
            [-1.712398098802861, 48.038794825728864],
            [-1.712403395656487, 48.03880243989659],
            [-1.712410326550798, 48.038809437319905],
            [-1.712418719681089, 48.03881567276197],
            [-1.71242839184996, 48.038821008662396],
            [-1.712439153248402, 48.038825308633264],
            [-1.712450751313109, 48.038828484819064],
            [-1.712462925584662, 48.03883046590845],
            [-1.712475403336124, 48.03883120812699],
            [-1.712487907605008, 48.03883069490764],
            [-1.712500157275283, 48.03882893778838],
            [-1.712712425199938, 48.039440536632426],
            [-1.7127358708621, 48.03953947521257],
            [-1.712750814154917, 48.03970321392469],
            [-1.712664127829434, 48.040102775595486],
            [-1.712586981449155, 48.040424960865714],
            [-1.712481536890516, 48.04086835266472],
            [-1.712428773184836, 48.04111120964286],
            [-1.712464288973174, 48.04128431990722],
            [-1.712436585478878, 48.04140513065304],
            [-1.712385303507646, 48.041628762090454],
            [-1.712351498375827, 48.041718202487345],
            [-1.71215511951518, 48.04189289436326],
            [-1.712144080083974, 48.041886688178785],
            [-1.712131738657564, 48.04188170507637],
            [-1.712119924698585, 48.041878423251596],
            [-1.712107545151251, 48.04187627660767],
            [-1.712094841638385, 48.041875306592104],
            [-1.712082059007587, 48.04187553109125],
            [-1.71206944825451, 48.04187694701366],
            [-1.712057252644211, 48.04187952545313],
            [-1.712045712218902, 48.04188321691013],
            [-1.712035050246972, 48.04188795004585],
            [-1.712025473223035, 48.04189363168209],
            [-1.71201717002076, 48.04190015224275],
            [-1.712011191781615, 48.04190630796104],
            [-1.71200635228162, 48.04191289724095],
            [-1.712002719718885, 48.04191982808302],
            [-1.711876772847537, 48.04191304232856],
            [-1.711748946677865, 48.04191692432238],
            [-1.710935443312388, 48.04204336892914],
            [-1.710390350641227, 48.0421280901537],
            [-1.710116201802984, 48.04216862850299],
            [-1.709523432998365, 48.04226132767097],
            [-1.70926792048234, 48.04226756299426],
            [-1.709271981888592, 48.042262265499346],
            [-1.709275190832588, 48.04225721195138],
            [-1.709278242037725, 48.04224913371201],
            [-1.70927900963228, 48.04224259532026],
            [-1.709278412515531, 48.04223604801931],
            [-1.709276462478036, 48.042229621085326],
            [-1.709273197675629, 48.042223438207586],
            [-1.709268681454405, 48.042217619338885],
            [-1.709263000930056, 48.04221227985265],
            [-1.709256268928441, 48.04220752235344],
            [-1.70924861343944, 48.042203438911706],
            [-1.709240727437871, 48.042200246199315],
            [-1.709229952380156, 48.04219733329028],
            [-1.709219519030751, 48.04219575080309],
            [-1.709208180193787, 48.042195172359385],
            [-1.709199170905952, 48.042195665960016],
            [-1.709192537703804, 48.04219646899854],
            [-1.709183209246067, 48.04219844113473],
            [-1.70917438174241, 48.04220126499881],
            [-1.709166224888659, 48.04220488587252],
            [-1.70915890004965, 48.042209231357184],
            [-1.709152547526876, 48.04221421910463],
            [-1.709147291422213, 48.04221975121115],
            [-1.709143236112919, 48.042225719768645],
            [-1.70914045830111, 48.042232008091815],
            [-1.709139011521137, 48.042238495939934],
            [-1.709138926987069, 48.042245054075416],
            [-1.709139635688498, 48.042249465676754],
            [-1.709140967315931, 48.04225381208208],
            [-1.70914290621849, 48.04225805428443],
            [-1.709145571662478, 48.04226208555813],
            [-1.708997981010026, 48.04229281527318],
            [-1.708265899199714, 48.04230030453074],
            [-1.707759842170923, 48.04229356002937],
            [-1.707423610082833, 48.04229169264616],
            [-1.7073161558907, 48.042290591199325],
            [-1.70725533326251, 48.042289967696746],
            [-1.707205497428803, 48.042278155278055],
            [-1.707178229606168, 48.04227169209092],
            [-1.707064128325808, 48.04225389773044],
            [-1.706953115222821, 48.04223090162925],
            [-1.706877124539229, 48.042228400952276],
            [-1.706765884225612, 48.04225309158982],
            [-1.706621046766447, 48.04228442173021],
            [-1.706499640114032, 48.04228527128305],
            [-1.706451846207905, 48.04228562241149],
            [-1.706272823200542, 48.042273203312305],
            [-1.706118709279668, 48.042254872727796],
            [-1.7060081367333, 48.04223648396733],
            [-1.705946622555833, 48.042217517268696],
            [-1.705770272941567, 48.042135269190204],
            [-1.705780706055025, 48.04212501055006],
            [-1.705789161803568, 48.04211396246785],
            [-1.705795508063715, 48.04210229707258],
            [-1.705800016520874, 48.04208866058102],
            [-1.705801652637378, 48.04207473540601],
            [-1.705800382055613, 48.04206079328789],
            [-1.705796229485925, 48.04204710534822],
            [-1.705789278379139, 48.042033938498854],
            [-1.705779660900697, 48.04202154864387],
            [-1.705767563663504, 48.04201003715976],
            [-1.705753229065134, 48.04200004383688],
            [-1.705736928545582, 48.04199134756528],
            [-1.705718807201257, 48.041984139740165],
            [-1.705695783650936, 48.041978078993736],
            [-1.705671382626648, 48.04197455272867],
            [-1.705653352380431, 48.041973726412245],
            [-1.705635305110961, 48.04197437950687],
            [-1.705616429227357, 48.041976730810234],
            [-1.705597646668765, 48.041980701359364],
            [-1.705578846153923, 48.041986713557826],
            [-1.705561476797419, 48.04199442245923],
            [-1.705545875654163, 48.04200367818441],
            [-1.705532347300705, 48.042014298844364],
            [-1.705521155200403, 48.042026079003996],
            [-1.705512516266662, 48.04203878900374],
            [-1.705506600096754, 48.04205218129863],
            [-1.705503870578947, 48.04206590526275],
            [-1.705503542393367, 48.04207986604083],
            [-1.705506305721884, 48.04209262781168],
            [-1.705510851213714, 48.04210577702386],
            [-1.705372227795372, 48.04211145773385],
            [-1.705182617013207, 48.04209268100018],
            [-1.704746581787646, 48.042017433666395],
            [-1.704431001878516, 48.04195866803496],
            [-1.704089786025923, 48.0418695050308],
            [-1.703199254120295, 48.04158653125911],
            [-1.702940576310437, 48.041597126481605],
            [-1.702839963519225, 48.04160812904801],
            [-1.702618457074769, 48.04163235170698],
            [-1.702526675343493, 48.04164238828726],
            [-1.702480604833357, 48.041645626155585],
            [-1.702378942292557, 48.04165277102426],
            [-1.702271368386873, 48.041654367703266],
            [-1.702270979080442, 48.04165009258688],
            [-1.702267012876772, 48.041641671991584],
            [-1.70226343598004, 48.04163752651255],
            [-1.702253093422807, 48.04162936704159],
            [-1.702248019471493, 48.04162635608487],
            [-1.702228307707798, 48.04162072582834],
            [-1.702220338268231, 48.041621052190756],
            [-1.70221386454703, 48.041620244085166],
            [-1.702205992473524, 48.04162163967464],
            [-1.702199714823092, 48.04162296996948],
            [-1.702191938694103, 48.04162543394309],
            [-1.70218575832677, 48.04162783256748],
            [-1.702176778491572, 48.04163463779355],
            [-1.702172385938499, 48.041639109634374],
            [-1.702166788258225, 48.0416479218854],
            [-1.701993023749281, 48.041619632334736],
            [-1.701348046373087, 48.041564501275715],
            [-1.700174707984758, 48.04146984151041],
            [-1.699484812264661, 48.04141332099393],
            [-1.699027401026621, 48.04136230290116],
            [-1.699026622872999, 48.04135375174821],
            [-1.699024348857477, 48.041346334123524],
            [-1.699020381867162, 48.041337913470535],
            [-1.699014919016236, 48.04133062634556],
            [-1.699007863168977, 48.041323405313115],
            [-1.698999310123102, 48.04131731786298],
            [-1.69898925996027, 48.04131236489259],
            [-1.698979307016428, 48.04130848025438],
            [-1.698956408233181, 48.04130297988052],
            [-1.698945152770099, 48.041302368180986],
            [-1.698918055700592, 48.041303477081094],
            [-1.698907093304955, 48.04130607122018],
            [-1.698896226866537, 48.041309734643896],
            [-1.698885458980432, 48.04131446634495],
            [-1.698876381550307, 48.041320202980486],
            [-1.698868897116296, 48.041325873524436],
            [-1.698861608530409, 48.04133368157721],
            [-1.698857410227063, 48.041340290855715],
            [-1.698853406515102, 48.041349038595904],
            [-1.698850899843447, 48.04135665095965],
            [-1.698851677968049, 48.04136520211378],
            [-1.698482554884879, 48.04133060600283],
            [-1.698215169613805, 48.041305628549054],
            [-1.697797858924437, 48.04126664470491],
            [-1.697761412745628, 48.04126323998094],
            [-1.697310082171111, 48.041221076701085],
            [-1.696632181253954, 48.04117331284363],
            [-1.696479431222119, 48.04114248584392],
            [-1.696484701998939, 48.041126553274644],
            [-1.696486615071946, 48.041110283153046],
            [-1.696485133507485, 48.04109399328536],
            [-1.696480140768636, 48.04107813086943],
            [-1.696472166959282, 48.041062614777104],
            [-1.696461479905481, 48.04104885325028],
            [-1.696447463489906, 48.041035479315546],
            [-1.696430932888732, 48.04102355176338],
            [-1.696411496705408, 48.04101308117677],
            [-1.696390045003705, 48.04100456100556],
            [-1.69636726021728, 48.04099798945914],
            [-1.696344556255154, 48.04099462613318],
            [-1.69632035520936, 48.04099239814618],
            [-1.696295494282589, 48.04099279862914],
            [-1.696271040338145, 48.04099548745751],
            [-1.696247521080586, 48.04100074133941],
            [-1.696226312049938, 48.04100741819016],
            [-1.69620574773084, 48.04101639709321],
            [-1.696187785893928, 48.04102723486958],
            [-1.696172625599564, 48.04103920967167],
            [-1.696158898210865, 48.041053406569276],
            [-1.696148801711028, 48.04106825603374],
            [-1.69614188575751, 48.041083903548845],
            [-1.696138285231696, 48.04110004443355],
            [-1.696138084869138, 48.041116797763245],
            [-1.696140845834456, 48.041129559761394],
            [-1.696145297036925, 48.0411433249396],
            [-1.69615220103675, 48.04115586974204],
            [-1.696166726843405, 48.04117378154269],
            [-1.696186332508232, 48.041189927567785],
            [-1.696207486684055, 48.04120279965466],
            [-1.696231604222834, 48.04121275170207],
            [-1.696259322785051, 48.04122072274211],
            [-1.69618254057155, 48.04155027755696],
            [-1.696168555106692, 48.04161030418642],
            [-1.696142970348425, 48.04172879044646],
            [-1.696080077702568, 48.0420200518056],
            [-1.696010588575524, 48.04234185820365],
            [-1.695844828900996, 48.04257607652125],
            [-1.695827603698151, 48.04256671025042],
            [-1.695780721943444, 48.04254603690841],
            [-1.69572993139504, 48.04253004871857],
            [-1.695676263901003, 48.0425190693255],
            [-1.69562081360577, 48.04251332431125],
            [-1.695564707694735, 48.042512929776656],
            [-1.695509090330876, 48.04251789299845],
            [-1.695455090526317, 48.0425281137432],
            [-1.695403810095216, 48.042543384759846],
            [-1.695364784907074, 48.04255932515061],
            [-1.695328798260121, 48.04257821043216],
            [-1.694597207994305, 48.04205253285596],
            [-1.69388638297357, 48.04164848774194],
            [-1.693132712624861, 48.04126805861432],
            [-1.692561641708304, 48.041010821805976],
            [-1.692211968754091, 48.04090271289828],
            [-1.691811416620904, 48.04079103211598],
            [-1.69150323701232, 48.04073771725008],
            [-1.690978320654674, 48.04068806970522],
            [-1.68961851555241, 48.04057397794029],
            [-1.68961851555241, 48.04057397794029],
            [-1.689348115894586, 48.04055128891708],
            [-1.688043885637964, 48.04043389268085],
            [-1.686738032303505, 48.040336788502],
            [-1.686164448071187, 48.0402924551848],
            [-1.685553960847171, 48.04024851662765],
            [-1.685222982020491, 48.04022358728839],
            [-1.68469333264771, 48.040175957274776],
            [-1.684241514950693, 48.04014034298062],
            [-1.684241514937309, 48.040140342981175],
            [-1.684243564669113, 48.040111139676334],
            [-1.684240736827498, 48.04008196505025],
            [-1.684233064647002, 48.04005318539252],
            [-1.684217069603028, 48.04001875931954],
            [-1.684194137730494, 48.039986145390344],
            [-1.68416103858645, 48.03995280725552],
            [-1.684120756930958, 48.039923238535934],
            [-1.684074231155055, 48.03989812632177],
            [-1.684022547815451, 48.03987805795448],
            [-1.684022547801249, 48.03987805794605],
            [-1.68397130370469, 48.039864461292105],
            [-1.683917694444755, 48.03985589727939],
            [-1.683863481922339, 48.039852488666895],
            [-1.683809089909585, 48.039854182122774],
            [-1.68375558079423, 48.03986094332022],
            [-1.683703998718515, 48.039872640459684],
            [-1.683703998718515, 48.039872640459684],
            [-1.683474811201183, 48.039451058387264],
            [-1.683285669297584, 48.03908475641575],
            [-1.683297891369494, 48.03908271612882],
            [-1.683319242051167, 48.03907732719189],
            [-1.683339156454597, 48.03906986485283],
            [-1.683357188845009, 48.03906049597344],
            [-1.683372938814414, 48.039049427918314],
            [-1.683386052783221, 48.03903691029547],
            [-1.68339623884307, 48.03902322083461],
            [-1.68340405212647, 48.03900639143657],
            [-1.683407229946525, 48.0389917109902],
            [-1.683407198577868, 48.038976875799094],
            [-1.683403959665589, 48.03896220027716],
            [-1.683397580368451, 48.03894799526471],
            [-1.683388198061938, 48.038934560627844],
            [-1.683375613292553, 48.038921800875976],
            [-1.683360333902477, 48.03891044139734],
            [-1.683342699920056, 48.03890073504453],
            [-1.683323107424648, 48.03889290084565],
            [-1.683301991342705, 48.03888711209096],
            [-1.683279824272091, 48.038883498183054],
            [-1.683258123302801, 48.03888214952607],
            [-1.683236356549931, 48.03888289047578],
            [-1.68321496877691, 48.03888570649541],
            [-1.683192533292543, 48.03889108920151],
            [-1.683171616559511, 48.03889874378332],
            [-1.683152725678973, 48.03890848375742],
            [-1.683136977044037, 48.03891955172807],
            [-1.683123863044699, 48.038932069322776],
            [-1.683113676849276, 48.038945757861946],
            [-1.683106647442542, 48.03896031244895],
            [-1.683102930661873, 48.03897540684092],
            [-1.68310261009253, 48.03899070332426],
            [-1.683103784524305, 48.03899866071728],
            [-1.683105907699551, 48.039006530755074],
            [-1.682622029263148, 48.039091560482234],
            [-1.681900103457699, 48.03919120597356],
            [-1.681724225474919, 48.03919628604963],
            [-1.681504711497469, 48.03916758710933],
            [-1.681345680004096, 48.039126852242504],
            [-1.681175353379589, 48.03908987295408],
            [-1.681045405535004, 48.03906798046903],
            [-1.680895605541874, 48.039051808105825],
            [-1.680893088644193, 48.03904157701756],
            [-1.6808884882165, 48.03903167686711],
            [-1.680881891448826, 48.03902229873514],
            [-1.680872662973883, 48.03901294048509],
            [-1.680861457039778, 48.03900460899424],
            [-1.680848525656118, 48.03899749042586],
            [-1.680834156036481, 48.03899174427751],
            [-1.680818670191563, 48.03898749889233],
            [-1.680802413894313, 48.038984848304494],
            [-1.680787153591431, 48.038983861972525],
            [-1.680771837323379, 48.03898428902634],
            [-1.680756751973536, 48.03898612227608],
            [-1.680742185837404, 48.038989325639655],
            [-1.680724796887769, 48.03899528787323],
            [-1.680709201044975, 48.039003170216255],
            [-1.680697649259452, 48.03901128688015],
            [-1.680688031969311, 48.039020467263],
            [-1.680680561688889, 48.03903050626448],
            [-1.680675404884908, 48.03904117993638],
            [-1.680672678285825, 48.03905224923725],
            [-1.680672442920624, 48.03906346838529],
            [-1.680674680266474, 48.03907458853388],
            [-1.680679386281884, 48.03908535754265],
            [-1.680686455266573, 48.039095528316324],
            [-1.680695702907704, 48.03910487588712],
            [-1.680706907335396, 48.039113205652995],
            [-1.680719820963406, 48.03912033577443],
            [-1.680729893297761, 48.03912456577635],
            [-1.680740579735311, 48.03912805527774],
            [-1.680659711333976, 48.03916399661255],
            [-1.680559221385915, 48.03920876915991],
            [-1.680521551106603, 48.039220171584645],
            [-1.680024135044579, 48.03937073292872],
            [-1.679980828224537, 48.03938384119092],
            [-1.679972418267706, 48.039386661590896],
            [-1.67981939358746, 48.03943798051164],
            [-1.679627476084897, 48.039459002547446],
            [-1.678811392152215, 48.03952184011205],
            [-1.678651833066353, 48.039537346446664],
            [-1.678334836602831, 48.039581740549565],
            [-1.677965418949285, 48.039670410645115],
            [-1.677543257028824, 48.039801212134954],
            [-1.677540638623889, 48.039784587416726],
            [-1.677534062714255, 48.03976846182567],
            [-1.677523699123458, 48.039753256459456],
            [-1.67751097342481, 48.03974035047688],
            [-1.677495520737651, 48.039728860357606],
            [-1.677477686828446, 48.039719043242215],
            [-1.677457870435375, 48.03971111806992],
            [-1.677436514910893, 48.039705262314754],
            [-1.677414095604339, 48.03970160619209],
            [-1.677391187003666, 48.039700247044294],
            [-1.677368231772408, 48.03970117675042],
            [-1.677345733097318, 48.0397043730103],
            [-1.677324188679553, 48.03970976779217],
            [-1.677324188679553, 48.03970976779217],
            [-1.67730389850525, 48.03971733536004],
            [-1.67728554401795, 48.039726870441385],
            [-1.677271401859603, 48.0397366430222],
            [-1.677259287272022, 48.03974757290303],
            [-1.677249408976358, 48.03975947226598],
            [-1.677241936421676, 48.039772135068866],
            [-1.676971433077961, 48.03967885384023],
            [-1.676848863906948, 48.03965477776553],
            [-1.676771386922416, 48.0396395589968],
            [-1.676708339138529, 48.039633211553365],
            [-1.676522855893512, 48.03961453749511],
            [-1.6764697638381, 48.0396121689427],
            [-1.675925742255894, 48.03958789752826],
            [-1.675660265195624, 48.03962253675719],
            [-1.67478963249984, 48.03979778929781],
            [-1.674221599050014, 48.039950945659044],
            [-1.674167748420799, 48.039973108570244],
            [-1.673704371400239, 48.04014420271765],
            [-1.673240557514915, 48.040319469356845],
            [-1.672466688206135, 48.04060828631191],
            [-1.672103744656335, 48.04075262429816],
            [-1.671923598000155, 48.040824265583126],
            [-1.671720843340363, 48.04090489711573],
            [-1.670919775748891, 48.04121671570408],
            [-1.670377903756365, 48.041422135354544],
            [-1.670019679292675, 48.04154214702243],
            [-1.669790626085073, 48.04157896984414],
            [-1.668838514469908, 48.041764283752585],
            [-1.668270619972893, 48.04187990494612],
            [-1.667939232278827, 48.04194778424846],
            [-1.667694255331194, 48.041994838128666],
            [-1.666851555549959, 48.04215485473866],
            [-1.666547849060849, 48.04219805788586],
            [-1.666546455254777, 48.04218599501813],
            [-1.666541980309986, 48.042174273626166],
            [-1.666534559443077, 48.0421632450418],
            [-1.666525147807436, 48.04215381387705],
            [-1.666513582359132, 48.04214552900942],
            [-1.666501959786598, 48.04213941223246],
            [-1.666488756303381, 48.04213428865993],
            [-1.666474808987445, 48.04213055912471],
            [-1.666460056123273, 48.04212819003736],
            [-1.666446789053543, 48.04212730416916],
            [-1.666433305010005, 48.04212757100962],
            [-1.66641998477483, 48.042128996286515],
            [-1.666403009091149, 48.04213261556318],
            [-1.666387194798719, 48.042138113245585],
            [-1.666372999150993, 48.04214533018379],
            [-1.666362191252809, 48.042152922161854],
            [-1.666353190449188, 48.04216150848019],
            [-1.666346198654377, 48.042170899816995],
            [-1.666341371412859, 48.04218088440566],
            [-1.666338817696297, 48.04219124065815],
            [-1.666338594386035, 48.04220173558693],
            [-1.66634005073794, 48.0422099410984],
            [-1.666342943926869, 48.04221797288159],
            [-1.66634723184377, 48.04222572181493],
            [-1.666352848200316, 48.042233078858374],
            [-1.66624234110073, 48.04227156008382],
            [-1.66569741394035, 48.04239511903945],
            [-1.665540113212683, 48.04243078544096],
            [-1.665395538063377, 48.04246356621794],
            [-1.664051279577308, 48.042806148335224],
            [-1.663893161857702, 48.04285367230196],
            [-1.663483387121666, 48.04296484877862],
            [-1.663039493524717, 48.04318022564229],
            [-1.662902609289266, 48.0432439018318],
            [-1.662840249810103, 48.04327451072351],
            [-1.662682161980704, 48.04334651300158],
            [-1.661646398330634, 48.04389197384739],
            [-1.66121770028, 48.044116196178415],
            [-1.66087388052107, 48.04429602197136],
            [-1.660568288121388, 48.04436211565886],
            [-1.660264470430674, 48.044389293867184],
            [-1.659988729042436, 48.044400484008186],
            [-1.659787293110546, 48.044458150641304],
            [-1.659704056153295, 48.04455803778286],
            [-1.659725624865865, 48.04468886708889],
            [-1.659693705691573, 48.04469658426168],
            [-1.659666321678099, 48.044710019431044],
            [-1.659645691152583, 48.04472808329505],
            [-1.659633486700013, 48.044749312225136],
            [-1.659630694160942, 48.04477198842238],
            [-1.659637543963187, 48.044794272457274],
            [-1.659653476853281, 48.04481435964444],
            [-1.659677205215464, 48.04483062352886],
            [-1.65970680547183, 48.04484174639768],
            [-1.659739879580986, 48.0448468262639],
            [-1.659773748595132, 48.04484545191253],
            [-1.659774885398209, 48.044924265959054],
            [-1.659733415942456, 48.045060635802784],
            [-1.65971112782144, 48.04509769307573],
            [-1.659638096166459, 48.04523805942155],
            [-1.659608898137971, 48.04529396728394],
            [-1.659458944765947, 48.04557926020882],
            [-1.659442509932413, 48.045623020887355],
            [-1.659445904321322, 48.045732457289375],
            [-1.659567905806564, 48.045892545812166],
            [-1.660049718860129, 48.04649141514603],
            [-1.660307621113279, 48.046781578110384],
            [-1.660454373720424, 48.04689601502132],
            [-1.660647087319248, 48.046990419021874],
            [-1.660885617435748, 48.04706039039552],
            [-1.660992281366888, 48.04707024318864],
            [-1.661243179517075, 48.047093418838095]
          ]
        ],
        "type": "MultiLineString"
      },
      "properties": {
        "geo_point_2d": {
          "lon": -1.7223450201545076,
          "lat": 48.03043866546646
        },
        "gml_id": "v_star_lignes_actives.99",
        "id": 99,
        "li_code": "0091",
        "li_num": "91",
        "li_nom": "Noyal-Châtillon-sur-Seiche (Petite Saudrais) <> Chartres-de-Bretagne <> Bruz (Cicé Blossac/Pont-Réan)",
        "li_type": "Métropolitaine",
        "li_sstype": "Intercommunale",
        "li_d_creat": null,
        "li_d_acces": "2015-02-13T01:00:00+01:00",
        "li_datedeb": "2015-03-02T01:00:00+01:00",
        "li_datefin": null,
        "comm_desservies": "35047, 35066, 35206",
        "li_couleur_rvb": "174,204,82,255",
        "li_couleur_hex": "#AECC52",
        "volume": 1200
      }
    }
  ]
}
